
 RUN  v4.1.11 /tmp

 ❯ scenario-host-stale-import.test.ts (1 test | 1 failed) 48ms
     × does not reclaim ownership after the host is cleared during an async file read 47ms

⎯⎯⎯⎯⎯⎯⎯ Failed Tests 1 ⎯⎯⎯⎯⎯⎯⎯

 FAIL  scenario-host-stale-import.test.ts > campaign profile import ownership > does not reclaim ownership after the host is cleared during an async file read
AssertionError: expected [ { definition: { …(15) }, …(3) } ] to deeply equal []

- Expected
+ Received

- []
+ [
+   {
+     "definition": {
+       "army": [
+         {
+           "kind": "unit",
+           "label": "commander",
+           "role": "special",
+           "side": 0,
+           "x": 6,
+           "y": 26,
+         },
+         {
+           "kind": "unit",
+           "label": "convoy",
+           "role": "worker",
+           "side": 0,
+           "x": 7,
+           "y": 28,
+         },
+         {
+           "kind": "unit",
+           "label": "guard-a",
+           "role": "melee",
+           "side": 0,
+           "x": 9,
+           "y": 26,
+         },
+         {
+           "kind": "unit",
+           "label": "guard-b",
+           "role": "melee",
+           "side": 0,
+           "x": 9,
+           "y": 29,
+         },
+         {
+           "kind": "unit",
+           "label": "bolt-a",
+           "role": "ranged",
+           "side": 0,
+           "x": 5,
+           "y": 29,
+         },
+         {
+           "kind": "unit",
+           "label": "bolt-b",
+           "role": "ranged",
+           "side": 0,
+           "x": 5,
+           "y": 27,
+         },
+       ],
+       "briefing": "Rakka leads a forge crew through the abandoned quarry. Stay beside foreman Torg, clear the two ambushes, and bring him to the eastern workshop.",
+       "escort": {
+         "actor": "convoy",
+         "escortRadius": 7,
+         "radius": 1.5,
+         "route": [
+           {
+             "x": 16,
+             "y": 28,
+           },
+           {
+             "x": 23,
+             "y": 18,
+           },
+           {
+             "x": 29,
+             "y": 8,
+           },
+         ],
+       },
+       "events": [
+         {
+           "actions": [
+             {
+               "speaker": "Rakka Ironjaw",
+               "text": "Rakka leads a forge crew through the abandoned quarry. Stay beside foreman Torg, clear the two ambushes, and bring him to the eastern workshop.",
+               "type": "message",
+             },
+           ],
+           "id": "briefing",
+           "when": {
+             "seconds": 0,
+             "type": "time",
+           },
+         },
+         {
+           "actions": [
+             {
+               "actors": [
+                 {
+                   "hp": 85,
+                   "kind": "unit",
+                   "label": "quarry-a",
+                   "order": {
+                     "type": "attackMove",
+                     "x": 16,
+                     "y": 28,
+                   },
+                   "role": "melee",
+                   "side": 1,
+                   "x": 21,
+                   "y": 27,
+                 },
+                 {
+                   "hp": 55,
+                   "kind": "unit",
+                   "label": "quarry-b",
+                   "order": {
+                     "type": "attackMove",
+                     "x": 16,
+                     "y": 28,
+                   },
+                   "role": "ranged",
+                   "side": 1,
+                   "x": 22,
+                   "y": 30,
+                 },
+               ],
+               "type": "spawn",
+             },
+             {
+               "speaker": "Torg",
+               "text": "The quarry watch has seen us. Clear the road before I pass the bend.",
+               "type": "message",
+             },
+           ],
+           "id": "ambush-1",
+           "when": {
+             "key": "escort.checkpoints",
+             "op": "gte",
+             "type": "variable",
+             "value": 1,
+           },
+         },
+         {
+           "actions": [
+             {
+               "actors": [
+                 {
+                   "hp": 95,
+                   "kind": "unit",
+                   "label": "gate-a",
+                   "order": {
+                     "type": "attackMove",
+                     "x": 23,
+                     "y": 18,
+                   },
+                   "role": "melee",
+                   "side": 1,
+                   "x": 27,
+                   "y": 14,
+                 },
+                 {
+                   "hp": 95,
+                   "kind": "unit",
+                   "label": "gate-b",
+                   "order": {
+                     "type": "attackMove",
+                     "x": 23,
+                     "y": 18,
+                   },
+                   "role": "melee",
+                   "side": 1,
+                   "x": 29,
+                   "y": 17,
+                 },
+               ],
+               "type": "spawn",
+             },
+             {
+               "speaker": "Rakka Ironjaw",
+               "text": "Two guards at the workshop. Keep them away from Torg.",
+               "type": "message",
+             },
+           ],
+           "id": "ambush-2",
+           "when": {
+             "key": "escort.checkpoints",
+             "op": "gte",
+             "type": "variable",
+             "value": 2,
+           },
+         },
+       ],
+       "faction": "orcs",
+       "failureText": "The forge crew is lost in the quarry. Rakka must return to the road with the same escort.",
+       "id": "orcs-1",
+       "map": {
+         "height": 36,
+         "resources": [],
+         "size": "small",
+         "starts": [
+           {
+             "x": 6,
+             "y": 28,
+           },
+           {
+             "x": 29,
+             "y": 7,
+           },
+         ],
+         "terrain": [
+           "rock",
+           "rock",
+           "rock",
+           "rock",
+           "rock",
+           "rock",
+           "rock",
+           "rock",
+           "rock",
+           "rock",
+           "rock",
+           "rock",
+           "rock",
+           "rock",
+           "rock",
+           "rock",
+           "rock",
+           "rock",
+           "rock",
+           "rock",
+           "rock",
+           "rock",
+           "rock",
+           "rock",
+           "rock",
+           "rock",
+           "rock",
+           "rock",
+           "rock",
+           "rock",
+           "rock",
+           "rock",
+           "rock",
+           "rock",
+           "rock",
+           "rock",
+           "rock",
+           "grass",
+           "grass",
+           "grass",
+           "grass",
+           "grass",
+           "grass",
+           "grass",
+           "grass",
+           "grass",
+           "grass",
+           "grass",
+           "grass",
+           "grass",
+           "grass",
+           "grass",
+           "grass",
+           "grass",
+           "grass",
+           "grass",
+           "grass",
+           "grass",
+           "grass",
+           "grass",
+           "grass",
+           "grass",
+           "grass",
+           "grass",
+           "grass",
+           "grass",
+           "grass",
+           "grass",
+           "grass",
+           "grass",
+           "grass",
+           "rock",
+           "rock",
+           "grass",
+           "grass",
+           "grass",
+           "grass",
+           "grass",
+           "grass",
+           "grass",
+           "grass",
+           "grass",
+           "grass",
+           "grass",
+           "grass",
+           "grass",
+           "grass",
+           "grass",
+           "grass",
+           "grass",
+           "grass",
+           "grass",
+           "grass",
+           "grass",
+           "grass",
+           "grass",
+           "grass",
+           "grass",
+           "grass",
+           "grass",
+           "grass",
+           "grass",
+           "grass",
+           "grass",
+           "grass",
+           "grass",
+           "grass",
+           "rock",
+           "rock",
+           "grass",
+           "grass",
+           "grass",
+           "grass",
+           "grass",
+           "grass",
+           "grass",
+           "grass",
+           "grass",
+           "grass",
+           "grass",
+           "grass",
+           "grass",
+           "grass",
+           "grass",
+           "grass",
+           "grass",
+           "grass",
+           "grass",
+           "grass",
+           "grass",
+           "grass",
+           "grass",
+           "grass",
+           "grass",
+           "grass",
+           "grass",
+           "grass",
+           "grass",
+           "grass",
+           "grass",
+           "grass",
+           "grass",
+           "grass",
+           "rock",
+           "rock",
+           "grass",
+           "grass",
+           "grass",
+           "grass",
+           "grass",
+           "grass",
+           "grass",
+           "grass",
+           "grass",
+           "grass",
+           "grass",
+           "rock",
+           "rock",
+           "rock",
+           "rock",
+           "grass",
+           "grass",
+           "grass",
+           "grass",
+           "grass",
+           "grass",
+           "grass",
+           "grass",
+           "grass",
+           "grass",
+           "grass",
+           "grass",
+           "grass",
+           "grass",
+           "grass",
+           "grass",
+           "grass",
+           "grass",
+           "grass",
+           "rock",
+           "rock",
+           "grass",
+           "grass",
+           "grass",
+           "grass",
+           "grass",
+           "grass",
+           "grass",
+           "grass",
+           "grass",
+           "grass",
+           "grass",
+           "rock",
+           "rock",
+           "rock",
+           "rock",
+           "grass",
+           "grass",
+           "grass",
+           "grass",
+           "grass",
+           "grass",
+           "grass",
+           "grass",
+           "grass",
+           "grass",
+           "grass",
+           "grass",
+           "grass",
+           "grass",
+           "grass",
+           "grass",
+           "grass",
+           "grass",
+           "grass",
+           "rock",
+           "rock",
+           "grass",
+           "grass",
+           "grass",
+           "grass",
+           "grass",
+           "grass",
+           "grass",
+           "grass",
+           "grass",
+           "grass",
+           "grass",
+           "rock",
+           "rock",
+           "rock",
+           "rock",
+           "grass",
+           "grass",
+           "grass",
+           "grass",
+           "grass",
+           "grass",
+           "grass",
+           "grass",
+           "grass",
+           "grass",
+           "grass",
+           "grass",
+           "grass",
+           "grass",
+           "grass",
+           "grass",
+           "grass",
+           "grass",
+           "grass",
+           "rock",
+           "rock",
+           "grass",
+           "grass",
+           "grass",
+           "grass",
+           "grass",
+           "grass",
+           "grass",
+           "grass",
+           "grass",
+           "grass",
+           "grass",
+           "rock",
+           "rock",
+           "rock",
+           "rock",
+           "grass",
+           "grass",
+           "grass",
+           "grass",
+           "grass",
+           "grass",
+           "grass",
+           "grass",
+           "grass",
+           "grass",
+           "grass",
+           "grass",
+           "road",
+           "road",
+           "grass",
+           "grass",
+           "grass",
+           "grass",
+           "grass",
+           "rock",
+           "rock",
+           "grass",
+           "grass",
+           "grass",
+           "grass",
+           "grass",
+           "grass",
+           "grass",
+           "grass",
+           "grass",
+           "grass",
+           "grass",
+           "rock",
+           "rock",
+           "rock",
+           "rock",
+           "grass",
+           "grass",
+           "grass",
+           "grass",
+           "grass",
+           "grass",
+           "grass",
+           "grass",
+           "grass",
+           "grass",
+           "grass",
+           "road",
+           "road",
+           "road",
+           "grass",
+           "grass",
+           "grass",
+           "grass",
+           "grass",
+           "rock",
+           "rock",
+           "grass",
+           "grass",
+           "grass",
+           "grass",
+           "grass",
+           "grass",
+           "grass",
+           "grass",
+           "grass",
+           "grass",
+           "grass",
+           "rock",
+           "rock",
+           "rock",
+           "rock",
+           "grass",
+           "grass",
+           "grass",
+           "grass",
+           "grass",
+           "grass",
+           "grass",
+           "grass",
+           "grass",
+           "grass",
+           "grass",
+           "road",
+           "road",
+           "road",
+           "grass",
+           "grass",
+           "grass",
+           "grass",
+           "grass",
+           "rock",
+           "rock",
+           "grass",
+           "grass",
+           "grass",
+           "grass",
+           "grass",
+           "grass",
+           "grass",
+           "grass",
+           "grass",
+           "grass",
+           "grass",
+           "rock",
+           "rock",
+           "rock",
+           "rock",
+           "grass",
+           "grass",
+           "grass",
+           "grass",
+           "grass",
+           "grass",
+           "grass",
+           "grass",
+           "grass",
+           "grass",
+           "road",
+           "road",
+           "road",
+           "grass",
+           "grass",
+           "grass",
+           "grass",
+           "grass",
+           "grass",
+           "rock",
+           "rock",
+           "grass",
+           "grass",
+           "grass",
+           "grass",
+           "grass",
+           "grass",
+           "grass",
+           "grass",
+           "grass",
+           "grass",
+           "grass",
+           "rock",
+           "rock",
+           "rock",
+           "rock",
+           "grass",
+           "grass",
+           "grass",
+           "grass",
+           "grass",
+           "grass",
+           "grass",
+           "grass",
+           "grass",
+           "road",
+           "road",
+           "road",
+           "grass",
+           "grass",
+           "grass",
+           "grass",
+           "grass",
+           "grass",
+           "grass",
+           "rock",
+           "rock",
+           "grass",
+           "grass",
+           "grass",
+           "grass",
+           "grass",
+           "grass",
+           "grass",
+           "grass",
+           "grass",
+           "grass",
+           "grass",
+           "rock",
+           "rock",
+           "rock",
+           "rock",
+           "grass",
+           "grass",
+           "grass",
+           "grass",
+           "grass",
+           "grass",
+           "grass",
+           "grass",
+           "grass",
+           "road",
+           "road",
+           "road",
+           "grass",
+           "grass",
+           "grass",
+           "grass",
+           "grass",
+           "grass",
+           "grass",
+           "rock",
+           "rock",
+           "grass",
+           "grass",
+           "grass",
+           "grass",
+           "grass",
+           "grass",
+           "grass",
+           "grass",
+           "grass",
+           "grass",
+           "grass",
+           "rock",
+           "rock",
+           "rock",
+           "rock",
+           "grass",
+           "grass",
+           "grass",
+           "grass",
+           "grass",
+           "grass",
+           "grass",
+           "grass",
+           "road",
+           "road",
+           "grass",
+           "grass",
+           "grass",
+           "grass",
+           "grass",
+           "grass",
+           "grass",
+           "grass",
+           "grass",
+           "rock",
+           "rock",
+           "grass",
+           "grass",
+           "grass",
+           "grass",
+           "grass",
+           "grass",
+           "grass",
+           "grass",
+           "grass",
+           "grass",
+           "grass",
+           "rock",
+           "rock",
+           "rock",
+           "rock",
+           "grass",
+           "grass",
+           "grass",
+           "grass",
+           "grass",
+           "grass",
+           "grass",
+           "grass",
+           "road",
+           "road",
+           "grass",
+           "grass",
+           "grass",
+           "grass",
+           "grass",
+           "grass",
+           "grass",
+           "grass",
+           "grass",
+           "rock",
+           "rock",
+           "grass",
+           "grass",
+           "grass",
+           "grass",
+           "grass",
+           "grass",
+           "grass",
+           "grass",
+           "grass",
+           "grass",
+           "grass",
+           "rock",
+           "rock",
+           "rock",
+           "rock",
+           "grass",
+           "grass",
+           "grass",
+           "grass",
+           "grass",
+           "grass",
+           "grass",
+           "road",
+           "road",
+           "road",
+           "grass",
+           "grass",
+           "grass",
+           "grass",
+           "grass",
+           "grass",
+           "grass",
+           "grass",
+           "grass",
+           "rock",
+           "rock",
+           "grass",
+           "grass",
+           "grass",
+           "grass",
+           "grass",
+           "grass",
+           "grass",
+           "grass",
+           "grass",
+           "grass",
+           "grass",
+           "rock",
+           "rock",
+           "rock",
+           "rock",
+           "grass",
+           "grass",
+           "grass",
+           "grass",
+           "grass",
+           "grass",
+           "road",
+           "road",
+           "road",
+           "grass",
+           "grass",
+           "grass",
+           "grass",
+           "grass",
+           "grass",
+           "grass",
+           "grass",
+           "grass",
+           "grass",
+           "rock",
+           "rock",
+           "grass",
+           "grass",
+           "grass",
+           "grass",
+           "grass",
+           "grass",
+           "grass",
+           "grass",
+           "grass",
+           "grass",
+           "grass",
+           "rock",
+           "rock",
+           "rock",
+           "rock",
+           "grass",
+           "grass",
+           "grass",
+           "grass",
+           "grass",
+           "grass",
+           "road",
+           "road",
+           "road",
+           "grass",
+           "grass",
+           "grass",
+           "grass",
+           "grass",
+           "grass",
+           "grass",
+           "grass",
+           "grass",
+           "grass",
+           "rock",
+           "rock",
+           "grass",
+           "grass",
+           "grass",
+           "grass",
+           "grass",
+           "grass",
+           "grass",
+           "grass",
+           "grass",
+           "grass",
+           "grass",
+           "rock",
+           "rock",
+           "rock",
+           "rock",
+           "grass",
+           "grass",
+           "grass",
+           "grass",
+           "grass",
+           "road",
+           "road",
+           "road",
+           "grass",
+           "grass",
+           "grass",
+           "grass",
+           "grass",
+           "grass",
+           "grass",
+           "grass",
+           "grass",
+           "grass",
+           "grass",
+           "rock",
+           "rock",
+           "grass",
+           "grass",
+           "grass",
+           "grass",
+           "grass",
+           "grass",
+           "grass",
+           "grass",
+           "grass",
+           "grass",
+           "grass",
+           "grass",
+           "grass",
+           "grass",
+           "grass",
+           "grass",
+           "grass",
+           "grass",
+           "grass",
+           "grass",
+           "road",
+           "road",
+           "road",
+           "grass",
+           "grass",
+           "grass",
+           "grass",
+           "grass",
+           "grass",
+           "grass",
+           "grass",
+           "grass",
+           "grass",
+           "grass",
+           "rock",
+           "rock",
+           "grass",
+           "grass",
+           "grass",
+           "grass",
+           "grass",
+           "grass",
+           "grass",
+           "grass",
+           "grass",
+           "grass",
+           "grass",
+           "grass",
+           "grass",
+           "grass",
+           "grass",
+           "grass",
+           "grass",
+           "grass",
+           "grass",
+           "road",
+           "road",
+           "road",
+           "grass",
+           "grass",
+           "grass",
+           "grass",
+           "grass",
+           "grass",
+           "grass",
+           "grass",
+           "grass",
+           "grass",
+           "grass",
+           "grass",
+           "rock",
+           "rock",
+           "grass",
+           "grass",
+           "grass",
+           "grass",
+           "grass",
+           "grass",
+           "grass",
+           "grass",
+           "grass",
+           "grass",
+           "grass",
+           "grass",
+           "grass",
+           "grass",
+           "grass",
+           "grass",
+           "grass",
+           "grass",
+           "road",
+           "road",
+           "road",
+           "grass",
+           "rock",
+           "rock",
+           "rock",
+           "rock",
+           "rock",
+           "grass",
+           "grass",
+           "grass",
+           "grass",
+           "grass",
+           "grass",
+           "grass",
+           "rock",
+           "rock",
+           "grass",
+           "grass",
+           "grass",
+           "grass",
+           "grass",
+           "grass",
+           "grass",
+           "grass",
+           "grass",
+           "grass",
+           "grass",
+           "grass",
+           "grass",
+           "grass",
+           "grass",
+           "grass",
+           "grass",
+           "grass",
+           "road",
+           "road",
+           "road",
+           "grass",
+           "rock",
+           "rock",
+           "rock",
+           "rock",
+           "rock",
+           "grass",
+           "grass",
+           "grass",
+           "grass",
+           "grass",
+           "grass",
+           "grass",
+           "rock",
+           "rock",
+           "grass",
+           "grass",
+           "grass",
+           "grass",
+           "grass",
+           "grass",
+           "grass",
+           "grass",
+           "grass",
+           "grass",
+           "grass",
+           "grass",
+           "grass",
+           "grass",
+           "mud",
+           "mud",
+           "mud",
+           "road",
+           "road",
+           "road",
+           "mud",
+           "mud",
+           "rock",
+           "rock",
+           "rock",
+           "rock",
+           "rock",
+           "grass",
+           "grass",
+           "grass",
+           "grass",
+           "grass",
+           "grass",
+           "grass",
+           "rock",
+           "rock",
+           "grass",
+           "grass",
+           "grass",
+           "grass",
+           "grass",
+           "grass",
+           "grass",
+           "grass",
+           "grass",
+           "grass",
+           "grass",
+           "grass",
+           "grass",
+           "grass",
+           "mud",
+           "mud",
+           "mud",
+           "road",
+           "road",
+           "road",
+           "mud",
+           "mud",
+           "rock",
+           "rock",
+           "rock",
+           "rock",
+           "rock",
+           "grass",
+           "grass",
+           "grass",
+           "grass",
+           "grass",
+           "grass",
+           "grass",
+           "rock",
+           "rock",
+           "grass",
+           "grass",
+           "grass",
+           "grass",
+           "grass",
+           "grass",
+           "grass",
+           "grass",
+           "grass",
+           "grass",
+           "grass",
+           "grass",
+           "grass",
+           "grass",
+           "mud",
+           "mud",
+           "road",
+           "road",
+           "road",
+           "mud",
+           "mud",
+           "mud",
+           "rock",
+           "rock",
+           "rock",
+           "rock",
+           "rock",
+           "grass",
+           "grass",
+           "grass",
+           "grass",
+           "grass",
+           "grass",
+           "grass",
+           "rock",
+           "rock",
+           "grass",
+           "grass",
+           "grass",
+           "grass",
+           "grass",
+           "grass",
+           "grass",
+           "grass",
+           "grass",
+           "grass",
+           "grass",
+           "grass",
+           "grass",
+           "grass",
+           "mud",
+           "road",
+           "road",
+           "road",
+           "mud",
+           "grass",
+           "grass",
+           "mud",
+           "rock",
+           "rock",
+           "rock",
+           "rock",
+           "rock",
+           "grass",
+           "grass",
+           "grass",
+           "grass",
+           "grass",
+           "grass",
+           "grass",
+           "rock",
+           "rock",
+           "grass",
+           "grass",
+           "grass",
+           "grass",
+           "grass",
+           "grass",
+           "grass",
+           "road",
+           "road",
+           "road",
+           "road",
+           "road",
+           "road",
+           "road",
+           "road",
+           "road",
+           "road",
+           "road",
+           "mud",
+           "grass",
+           "grass",
+           "mud",
+           "rock",
+           "rock",
+           "rock",
+           "rock",
+           "rock",
+           "grass",
+           "grass",
+           "grass",
+           "grass",
+           "grass",
+           "grass",
+           "grass",
+           "rock",
+           "rock",
+           "grass",
+           "grass",
+           "grass",
+           "grass",
+           "grass",
+           "grass",
+           "grass",
+           "grass",
+           "grass",
+           "road",
+           "road",
+           "road",
+           "road",
+           "road",
+           "road",
+           "road",
+           "road",
+           "mud",
+           "mud",
+           "mud",
+           "mud",
+           "mud",
+           "rock",
+           "rock",
+           "rock",
+           "rock",
+           "rock",
+           "grass",
+           "grass",
+           "grass",
+           "grass",
+           "grass",
+           "grass",
+           "grass",
+           "rock",
+           "rock",
+           "grass",
+           "grass",
+           "grass",
+           "grass",
+           "grass",
+           "grass",
+           "grass",
+           "grass",
+           "grass",
+           "grass",
+           "grass",
+           "grass",
+           "grass",
+           "grass",
+           "mud",
+           "mud",
+           "mud",
+           "mud",
+           "mud",
+           "mud",
+           "grass",
+           "grass",
+           "rock",
+           "rock",
+           "rock",
+           "rock",
+           "rock",
+           "grass",
+           "grass",
+           "grass",
+           "grass",
+           "grass",
+           "grass",
+           "grass",
+           "rock",
+           "rock",
+           "grass",
+           "grass",
+           "grass",
+           "grass",
+           "grass",
+           "grass",
+           "grass",
+           "grass",
+           "grass",
+           "grass",
+           "grass",
+           "grass",
+           "grass",
+           "grass",
+           "grass",
+           "grass",
+           "grass",
+           "grass",
+           "grass",
+           "grass",
+           "grass",
+           "grass",
+           "rock",
+           "rock",
+           "rock",
+           "rock",
+           "rock",
+           "grass",
+           "grass",
+           "grass",
+           "grass",
+           "grass",
+           "grass",
+           "grass",
+           "rock",
+           "rock",
+           "grass",
+           "grass",
+           "grass",
+           "grass",
+           "grass",
+           "grass",
+           "grass",
+           "grass",
+           "grass",
+           "grass",
+           "grass",
+           "grass",
+           "grass",
+           "grass",
+           "grass",
+           "grass",
+           "grass",
+           "grass",
+           "grass",
+           "grass",
+           "grass",
+           "grass",
+           "grass",
+           "grass",
+           "grass",
+           "grass",
+           "grass",
+           "grass",
+           "grass",
+           "grass",
+           "grass",
+           "grass",
+           "grass",
+           "grass",
+           "rock",
+           "rock",
+           "grass",
+           "grass",
+           "grass",
+           "grass",
+           "grass",
+           "grass",
+           "grass",
+           "grass",
+           "grass",
+           "grass",
+           "grass",
+           "grass",
+           "grass",
+           "grass",
+           "grass",
+           "grass",
+           "grass",
+           "grass",
+           "grass",
+           "grass",
+           "grass",
+           "grass",
+           "grass",
+           "grass",
+           "grass",
+           "grass",
+           "grass",
+           "grass",
+           "grass",
+           "grass",
+           "grass",
+           "grass",
+           "grass",
+           "grass",
+           "rock",
+           "rock",
+           "grass",
+           "grass",
+           "grass",
+           "grass",
+           "grass",
+           "grass",
+           "grass",
+           "grass",
+           "grass",
+           "grass",
+           "grass",
+           "grass",
+           "grass",
+           "grass",
+           "grass",
+           "grass",
+           "grass",
+           "grass",
+           "grass",
+           "grass",
+           "grass",
+           "grass",
+           "grass",
+           "grass",
+           "grass",
+           "grass",
+           "grass",
+           "grass",
+           "grass",
+           "grass",
+           "grass",
+           "grass",
+           "grass",
+           "grass",
+           "rock",
+           "rock",
+           "grass",
+           "grass",
+           "grass",
+           "grass",
+           "grass",
+           "grass",
+           "grass",
+           "grass",
+           "grass",
+           "grass",
+           "grass",
+           "grass",
+           "grass",
+           "grass",
+           "grass",
+           "grass",
+           "grass",
+           "grass",
+           "grass",
+           "grass",
+           "grass",
+           "grass",
+           "grass",
+           "grass",
+           "grass",
+           "grass",
+           "grass",
+           "grass",
+           "grass",
+           "grass",
+           "grass",
+           "grass",
+           "grass",
+           "grass",
+           "rock",
+           "rock",
+           "rock",
+           "rock",
+           "rock",
+           "rock",
+           "rock",
+           "rock",
+           "rock",
+           "rock",
+           "rock",
+           "rock",
+           "rock",
+           "rock",
+           "rock",
+           "rock",
+           "rock",
+           "rock",
+           "rock",
+           "rock",
+           "rock",
+           "rock",
+           "rock",
+           "rock",
+           "rock",
+           "rock",
+           "rock",
+           "rock",
+           "rock",
+           "rock",
+           "rock",
+           "rock",
+           "rock",
+           "rock",
+           "rock",
+           "rock",
+           "rock",
+         ],
+         "width": 36,
+       },
+       "objectives": [
+         {
+           "failure": {
+             "actor": "convoy",
+             "type": "dead",
+           },
+           "id": "arrival",
+           "success": {
+             "key": "escort.checkpoints",
+             "op": "gte",
+             "type": "variable",
+             "value": 3,
+           },
+           "text": "Escort convoy through all 3 checkpoints. Keep troops within seven tiles so the convoy advances.",
+         },
+         {
+           "failure": {
+             "actor": "commander",
+             "type": "dead",
+           },
+           "id": "commander",
+           "success": {
+             "conditions": [
+               {
+                 "key": "escort.checkpoints",
+                 "op": "gte",
+                 "type": "variable",
+                 "value": 3,
+               },
+               {
+                 "actor": "commander",
+                 "type": "alive",
+               },
+             ],
+             "type": "all",
+           },
+           "text": "Keep Rakka Ironjaw alive until the convoy arrives.",
+         },
+       ],
+       "opponent": "dwarves",
+       "rules": {
+         "fixedArmy": true,
+         "reinforcementBudget": 0,
+         "resources": {
+           "crystal": 0,
+           "ore": 0,
+           "wood": 0,
+         },
+         "timeLimit": 240,
+       },
+       "schemaVersion": 1,
+       "seed": 7101,
+       "successText": "Torg reaches the workshop and restores its furnaces. Rakka can shelter the valley refugees behind the new iron gates.",
+       "title": "The Foundry Road",
+     },
+     "runtime": {
+       "boss": {
+         "dodged": 0,
+         "hits": 0,
+         "interrupted": 0,
+         "nextAttack": 4,
+         "phase": -1,
+         "phasesEntered": [],
+         "telegraph": null,
+       },
+       "commandCounts": {},
+       "completed": [],
+       "definitionId": "orcs-1",
+       "escort": {
+         "checkpoint": 0,
+         "moving": false,
+       },
+       "labels": {
+         "bolt-a": 5,
+         "bolt-b": 6,
+         "commander": 1,
+         "convoy": 2,
+         "guard-a": 3,
+         "guard-b": 4,
+       },
+       "lastEvaluatedTick": 0,
+       "messages": [
+         {
+           "text": "Rakka leads a forge crew through the abandoned quarry. Stay beside foreman Torg, clear the two ambushes, and bring him to the eastern workshop.",
+           "time": 0,
+         },
+         {
+           "speaker": "Rakka Ironjaw",
+           "text": "Rakka leads a forge crew through the abandoned quarry. Stay beside foreman Torg, clear the two ambushes, and bring him to the eastern workshop.",
+           "time": 0,
+         },
+       ],
+       "outcome": "playing",
+       "reason": "",
+       "reinforcementRemaining": 0,
+       "stealth": {
+         "alarms": 0,
+         "detected": [],
+         "distractedUntil": {},
+         "exposure": {},
+         "patrol": {},
+       },
+       "triggers": {
+         "briefing": {
+           "count": 1,
+           "lastTime": 0,
+         },
+       },
+       "variables": {
+         "equipment.commander": 0,
+       },
+       "version": 1,
+     },
+     "simulationRevision": "3.2.0",
+     "state": {
+       "aiConfigs": [
+         {
+           "difficulty": "normal",
+           "opening": "infantry-rush",
+           "personality": "balanced",
+         },
+         {
+           "difficulty": "normal",
+           "opening": "infantry-rush",
+           "personality": "balanced",
+         },
+       ],
+       "controllers": [
+         "human",
+         "external",
+       ],
+       "corpses": [],
+       "draft": {
+         "banned": [],
+         "order": [],
+         "picks": [
+           [],
+           [],
+         ],
+         "pool": [
+           "orc-melee",
+           "orc-ranged",
+           "orc-special",
+           "orc-cavalry",
+           "orc-spear",
+           "orc-siege",
+           "core:orcs-commander",
+           "core:orcs-engineer",
+           "forged-weapons",
+           "tempered-armor",
+           "veteran-arms",
+           "core:ranged-arms",
+           "core:cavalry-barding",
+           "core:siege-gears",
+           "core:ranged-focus",
+           "core:ranged-mobility",
+           "worker-harvest",
+           "worker-speed",
+           "dwarf-melee",
+           "dwarf-ranged",
+           "dwarf-special",
+           "dwarf-cavalry",
+           "dwarf-spear",
+           "dwarf-siege",
+           "core:dwarves-commander",
+           "core:dwarves-engineer",
+         ],
+         "remainingTicks": 0,
+         "status": "complete",
+         "turn": 0,
+       },
+       "draw": false,
+       "eliminated": [
+         false,
+         false,
+       ],
+       "entities": [
+         {
+           "animTime": 0,
+           "animation": "idle",
+           "carried": 0,
+           "carriedKind": "wood",
+           "cooldown": 0,
+           "expires": 0,
+           "facing": 2,
+           "hp": 190,
+           "id": 1,
+           "illusion": false,
+           "kind": "unit",
+           "maxHp": 190,
+           "momentum": 0,
+           "order": {
+             "type": "idle",
+           },
+           "path": [],
+           "progress": 1,
+           "queue": [],
+           "researchProgress": 0,
+           "role": "special",
+           "side": 0,
+           "trainProgress": 0,
+           "x": 6,
+           "y": 26,
+         },
+         {
+           "animTime": 0,
+           "animation": "idle",
+           "carried": 0,
+           "carriedKind": "wood",
+           "cooldown": 0,
+           "expires": 0,
+           "facing": 2,
+           "hp": 85,
+           "id": 2,
+           "illusion": false,
+           "kind": "unit",
+           "maxHp": 85,
+           "momentum": 0,
+           "order": {
+             "type": "idle",
+           },
+           "path": [],
+           "progress": 1,
+           "queue": [],
+           "researchProgress": 0,
+           "role": "worker",
+           "side": 0,
+           "trainProgress": 0,
+           "x": 7,
+           "y": 28,
+         },
+         {
+           "animTime": 0,
+           "animation": "idle",
+           "carried": 0,
+           "carriedKind": "wood",
+           "cooldown": 0,
+           "expires": 0,
+           "facing": 2,
+           "hp": 175,
+           "id": 3,
+           "illusion": false,
+           "kind": "unit",
+           "maxHp": 175,
+           "momentum": 0,
+           "order": {
+             "type": "idle",
+           },
+           "path": [],
+           "progress": 1,
+           "queue": [],
+           "researchProgress": 0,
+           "role": "melee",
+           "side": 0,
+           "trainProgress": 0,
+           "x": 9,
+           "y": 26,
+         },
+         {
+           "animTime": 0,
+           "animation": "idle",
+           "carried": 0,
+           "carriedKind": "wood",
+           "cooldown": 0,
+           "expires": 0,
+           "facing": 2,
+           "hp": 175,
+           "id": 4,
+           "illusion": false,
+           "kind": "unit",
+           "maxHp": 175,
+           "momentum": 0,
+           "order": {
+             "type": "idle",
+           },
+           "path": [],
+           "progress": 1,
+           "queue": [],
+           "researchProgress": 0,
+           "role": "melee",
+           "side": 0,
+           "trainProgress": 0,
+           "x": 9,
+           "y": 29,
+         },
+         {
+           "animTime": 0,
+           "animation": "idle",
+           "carried": 0,
+           "carriedKind": "wood",
+           "cooldown": 0,
+           "expires": 0,
+           "facing": 2,
+           "hp": 100,
+           "id": 5,
+           "illusion": false,
+           "kind": "unit",
+           "maxHp": 100,
+           "momentum": 0,
+           "order": {
+             "type": "idle",
+           },
+           "path": [],
+           "progress": 1,
+           "queue": [],
+           "researchProgress": 0,
+           "role": "ranged",
+           "side": 0,
+           "trainProgress": 0,
+           "x": 5,
+           "y": 29,
+         },
+         {
+           "animTime": 0,
+           "animation": "idle",
+           "carried": 0,
+           "carriedKind": "wood",
+           "cooldown": 0,
+           "expires": 0,
+           "facing": 2,
+           "hp": 100,
+           "id": 6,
+           "illusion": false,
+           "kind": "unit",
+           "maxHp": 100,
+           "momentum": 0,
+           "order": {
+             "type": "idle",
+           },
+           "path": [],
+           "progress": 1,
+           "queue": [],
+           "researchProgress": 0,
+           "role": "ranged",
+           "side": 0,
+           "trainProgress": 0,
+           "x": 5,
+           "y": 27,
+         },
+       ],
+       "events": [
+         {
+           "side": 0,
+           "source": 1,
+           "text": "commander",
+           "type": "train",
+           "x": 6,
+           "y": 26,
+         },
+         {
+           "side": 0,
+           "source": 2,
+           "text": "convoy",
+           "type": "train",
+           "x": 7,
+           "y": 28,
+         },
+         {
+           "side": 0,
+           "source": 3,
+           "text": "guard-a",
+           "type": "train",
+           "x": 9,
+           "y": 26,
+         },
+         {
+           "side": 0,
+           "source": 4,
+           "text": "guard-b",
+           "type": "train",
+           "x": 9,
+           "y": 29,
+         },
+         {
+           "side": 0,
+           "source": 5,
+           "text": "bolt-a",
+           "type": "train",
+           "x": 5,
+           "y": 29,
+         },
+         {
+           "side": 0,
+           "source": 6,
+           "text": "bolt-b",
+           "type": "train",
+           "x": 5,
+           "y": 27,
+         },
+         {
+           "side": 0,
+           "text": "Rakka leads a forge crew through the abandoned quarry. Stay beside foreman Torg, clear the two ambushes, and bring him to the eastern workshop.",
+           "type": "message",
+           "x": 6,
+           "y": 28,
+         },
+         {
+           "side": 0,
+           "text": "Rakka Ironjaw: Rakka leads a forge crew through the abandoned quarry. Stay beside foreman Torg, clear the two ambushes, and bring him to the eastern workshop.",
+           "type": "message",
+           "x": 6,
+           "y": 28,
+         },
+       ],
+       "explored": [
+         Set {
+           687,
+           688,
+           689,
+           690,
+           691,
+           692,
+           722,
+           723,
+           724,
+           725,
+           726,
+           727,
+           728,
+           729,
+           757,
+           758,
+           759,
+           760,
+           761,
+           762,
+           763,
+           764,
+           765,
+           766,
+           792,
+           793,
+           794,
+           795,
+           796,
+           797,
+           798,
+           799,
+           800,
+           801,
+           802,
+           803,
+           828,
+           829,
+           830,
+           831,
+           832,
+           833,
+           834,
+           835,
+           836,
+           837,
+           838,
+           839,
+           840,
+           864,
+           865,
+           866,
+           867,
+           868,
+           869,
+           870,
+           871,
+           872,
+           873,
+           874,
+           875,
+           876,
+           900,
+           901,
+           902,
+           903,
+           904,
+           905,
+           906,
+           907,
+           908,
+           909,
+           910,
+           911,
+           912,
+           936,
+           937,
+           938,
+           939,
+           940,
+           941,
+           942,
+           943,
+           944,
+           945,
+           946,
+           947,
+           948,
+           972,
+           973,
+           974,
+           975,
+           976,
+           977,
+           978,
+           979,
+           980,
+           981,
+           982,
+           983,
+           984,
+           1008,
+           1009,
+           1010,
+           1011,
+           1012,
+           1013,
+           1014,
+           1015,
+           1016,
+           1017,
+           1018,
+           1019,
+           1020,
+           1044,
+           1045,
+           1046,
+           1047,
+           1048,
+           1049,
+           1050,
+           1051,
+           1052,
+           1053,
+           1054,
+           1055,
+           1081,
+           1082,
+           1083,
+           1084,
+           1085,
+           1086,
+           1087,
+           1088,
+           1089,
+           1090,
+           1118,
+           1119,
+           1120,
+           1121,
+           1122,
+           1123,
+           1124,
+           1125,
+           1155,
+           1156,
+           1157,
+           1158,
+           1159,
+           1160,
+           913,
+           949,
+           985,
+           1021,
+           1056,
+           1057,
+           1080,
+           1091,
+           1092,
+           1093,
+           1117,
+           1126,
+           1127,
+           1128,
+           1154,
+           1161,
+           1162,
+           1163,
+           1191,
+           1192,
+           1193,
+           1194,
+           1195,
+           1196,
+           1197,
+           1198,
+           1228,
+           1229,
+           1230,
+           1231,
+           1232,
+           1233,
+           693,
+           694,
+           695,
+           730,
+           731,
+           732,
+           767,
+           768,
+           769,
+           804,
+           805,
+           806,
+           841,
+           842,
+           843,
+           877,
+           878,
+           879,
+           914,
+           915,
+           950,
+           951,
+           986,
+           987,
+           1022,
+           1023,
+           1058,
+           1059,
+           1094,
+           1095,
+           1129,
+           1130,
+           1131,
+           1164,
+           1165,
+           1166,
+           1199,
+           1200,
+           1201,
+           1234,
+           1235,
+           1236,
+           1266,
+           1267,
+           1268,
+           1269,
+           1270,
+           1271,
+           756,
+           1116,
+           1152,
+           1153,
+           1188,
+           1189,
+           1190,
+           1224,
+           1225,
+           1226,
+           1227,
+           1260,
+           1261,
+           1262,
+           1263,
+           1264,
+           1265,
+           650,
+           651,
+           652,
+           653,
+           654,
+           655,
+           684,
+           685,
+           686,
+           720,
+           721,
+         },
+         Set {},
+       ],
+       "height": 36,
+       "incomeFactors": [
+         1,
+         1,
+       ],
+       "mapSize": "small",
+       "mapVersion": 2,
+       "nextId": 7,
+       "objectives": {
+         "hill": {
+           "captureTeam": null,
+           "captureTicks": 0,
+           "contested": false,
+           "holdTicks": 0,
+           "ownerTeam": null,
+           "x": 18.5,
+           "y": 18.5,
+         },
+         "relicHoldTicks": [
+           0,
+           0,
+           0,
+           0,
+           0,
+           0,
+           0,
+           0,
+         ],
+         "relics": [],
+         "survival": {
+           "nextWaveTick": 0,
+           "phase": "waiting",
+           "spawnedIds": [],
+           "wave": 0,
+         },
+       },
+       "players": [
+         {
+           "cap": 0,
+           "crystal": 0,
+           "faction": "orcs",
+           "ore": 0,
+           "population": 6,
+           "upgrades": [
+             "town-age",
+             "citadel-age",
+           ],
+           "wood": 0,
+         },
+         {
+           "cap": 0,
+           "crystal": 0,
+           "faction": "dwarves",
+           "ore": 0,
+           "population": 0,
+           "upgrades": [
+             "town-age",
+             "citadel-age",
+           ],
+           "wood": 0,
+         },
+       ],
+       "populationLimits": [
+         100,
+         100,
+       ],
+       "resources": [],
+       "rules": {
+         "disabledDefinitionIds": [],
+         "draft": {
+           "banRounds": 1,
+           "enabled": false,
+           "pickRounds": 3,
+           "turnTicks": 600,
+         },
+         "friendlyFire": true,
+         "hill": {
+           "captureTicks": 100,
+           "holdTicks": 2400,
+           "radius": 5,
+         },
+         "mode": "scenario",
+         "relic": {
+           "count": 3,
+           "holdTicks": 2400,
+           "pickupRadius": 1.5,
+           "required": 2,
+         },
+         "sharedVision": true,
+         "standardDefeat": false,
+         "startingAge": 3,
+         "startingResources": {
+           "crystal": 0,
+           "ore": 0,
+           "wood": 0,
+         },
+         "survival": {
+           "defenderTeam": 0,
+           "intervalTicks": 1200,
+           "recoveryTicks": 400,
+           "rewardPerWave": {
+             "crystal": 0,
+             "ore": 30,
+             "wood": 60,
+           },
+           "unitsPerWave": 2,
+           "waveCount": 5,
+         },
+       },
+       "scenario": {
+         "definition": {
+           "army": [
+             {
+               "kind": "unit",
+               "label": "commander",
+               "role": "special",
+               "side": 0,
+               "x": 6,
+               "y": 26,
+             },
+             {
+               "kind": "unit",
+               "label": "convoy",
+               "role": "worker",
+               "side": 0,
+               "x": 7,
+               "y": 28,
+             },
+             {
+               "kind": "unit",
+               "label": "guard-a",
+               "role": "melee",
+               "side": 0,
+               "x": 9,
+               "y": 26,
+             },
+             {
+               "kind": "unit",
+               "label": "guard-b",
+               "role": "melee",
+               "side": 0,
+               "x": 9,
+               "y": 29,
+             },
+             {
+               "kind": "unit",
+               "label": "bolt-a",
+               "role": "ranged",
+               "side": 0,
+               "x": 5,
+               "y": 29,
+             },
+             {
+               "kind": "unit",
+               "label": "bolt-b",
+               "role": "ranged",
+               "side": 0,
+               "x": 5,
+               "y": 27,
+             },
+           ],
+           "briefing": "Rakka leads a forge crew through the abandoned quarry. Stay beside foreman Torg, clear the two ambushes, and bring him to the eastern workshop.",
+           "escort": {
+             "actor": "convoy",
+             "escortRadius": 7,
+             "radius": 1.5,
+             "route": [
+               {
+                 "x": 16,
+                 "y": 28,
+               },
+               {
+                 "x": 23,
+                 "y": 18,
+               },
+               {
+                 "x": 29,
+                 "y": 8,
+               },
+             ],
+           },
+           "events": [
+             {
+               "actions": [
+                 {
+                   "speaker": "Rakka Ironjaw",
+                   "text": "Rakka leads a forge crew through the abandoned quarry. Stay beside foreman Torg, clear the two ambushes, and bring him to the eastern workshop.",
+                   "type": "message",
+                 },
+               ],
+               "id": "briefing",
+               "when": {
+                 "seconds": 0,
+                 "type": "time",
+               },
+             },
+             {
+               "actions": [
+                 {
+                   "actors": [
+                     {
+                       "hp": 85,
+                       "kind": "unit",
+                       "label": "quarry-a",
+                       "order": {
+                         "type": "attackMove",
+                         "x": 16,
+                         "y": 28,
+                       },
+                       "role": "melee",
+                       "side": 1,
+                       "x": 21,
+                       "y": 27,
+                     },
+                     {
+                       "hp": 55,
+                       "kind": "unit",
+                       "label": "quarry-b",
+                       "order": {
+                         "type": "attackMove",
+                         "x": 16,
+                         "y": 28,
+                       },
+                       "role": "ranged",
+                       "side": 1,
+                       "x": 22,
+                       "y": 30,
+                     },
+                   ],
+                   "type": "spawn",
+                 },
+                 {
+                   "speaker": "Torg",
+                   "text": "The quarry watch has seen us. Clear the road before I pass the bend.",
+                   "type": "message",
+                 },
+               ],
+               "id": "ambush-1",
+               "when": {
+                 "key": "escort.checkpoints",
+                 "op": "gte",
+                 "type": "variable",
+                 "value": 1,
+               },
+             },
+             {
+               "actions": [
+                 {
+                   "actors": [
+                     {
+                       "hp": 95,
+                       "kind": "unit",
+                       "label": "gate-a",
+                       "order": {
+                         "type": "attackMove",
+                         "x": 23,
+                         "y": 18,
+                       },
+                       "role": "melee",
+                       "side": 1,
+                       "x": 27,
+                       "y": 14,
+                     },
+                     {
+                       "hp": 95,
+                       "kind": "unit",
+                       "label": "gate-b",
+                       "order": {
+                         "type": "attackMove",
+                         "x": 23,
+                         "y": 18,
+                       },
+                       "role": "melee",
+                       "side": 1,
+                       "x": 29,
+                       "y": 17,
+                     },
+                   ],
+                   "type": "spawn",
+                 },
+                 {
+                   "speaker": "Rakka Ironjaw",
+                   "text": "Two guards at the workshop. Keep them away from Torg.",
+                   "type": "message",
+                 },
+               ],
+               "id": "ambush-2",
+               "when": {
+                 "key": "escort.checkpoints",
+                 "op": "gte",
+                 "type": "variable",
+                 "value": 2,
+               },
+             },
+           ],
+           "faction": "orcs",
+           "failureText": "The forge crew is lost in the quarry. Rakka must return to the road with the same escort.",
+           "id": "orcs-1",
+           "map": {
+             "height": 36,
+             "resources": [],
+             "size": "small",
+             "starts": [
+               {
+                 "x": 6,
+                 "y": 28,
+               },
+               {
+                 "x": 29,
+                 "y": 7,
+               },
+             ],
+             "terrain": [
+               "rock",
+               "rock",
+               "rock",
+               "rock",
+               "rock",
+               "rock",
+               "rock",
+               "rock",
+               "rock",
+               "rock",
+               "rock",
+               "rock",
+               "rock",
+               "rock",
+               "rock",
+               "rock",
+               "rock",
+               "rock",
+               "rock",
+               "rock",
+               "rock",
+               "rock",
+               "rock",
+               "rock",
+               "rock",
+               "rock",
+               "rock",
+               "rock",
+               "rock",
+               "rock",
+               "rock",
+               "rock",
+               "rock",
+               "rock",
+               "rock",
+               "rock",
+               "rock",
+               "grass",
+               "grass",
+               "grass",
+               "grass",
+               "grass",
+               "grass",
+               "grass",
+               "grass",
+               "grass",
+               "grass",
+               "grass",
+               "grass",
+               "grass",
+               "grass",
+               "grass",
+               "grass",
+               "grass",
+               "grass",
+               "grass",
+               "grass",
+               "grass",
+               "grass",
+               "grass",
+               "grass",
+               "grass",
+               "grass",
+               "grass",
+               "grass",
+               "grass",
+               "grass",
+               "grass",
+               "grass",
+               "grass",
+               "grass",
+               "rock",
+               "rock",
+               "grass",
+               "grass",
+               "grass",
+               "grass",
+               "grass",
+               "grass",
+               "grass",
+               "grass",
+               "grass",
+               "grass",
+               "grass",
+               "grass",
+               "grass",
+               "grass",
+               "grass",
+               "grass",
+               "grass",
+               "grass",
+               "grass",
+               "grass",
+               "grass",
+               "grass",
+               "grass",
+               "grass",
+               "grass",
+               "grass",
+               "grass",
+               "grass",
+               "grass",
+               "grass",
+               "grass",
+               "grass",
+               "grass",
+               "grass",
+               "rock",
+               "rock",
+               "grass",
+               "grass",
+               "grass",
+               "grass",
+               "grass",
+               "grass",
+               "grass",
+               "grass",
+               "grass",
+               "grass",
+               "grass",
+               "grass",
+               "grass",
+               "grass",
+               "grass",
+               "grass",
+               "grass",
+               "grass",
+               "grass",
+               "grass",
+               "grass",
+               "grass",
+               "grass",
+               "grass",
+               "grass",
+               "grass",
+               "grass",
+               "grass",
+               "grass",
+               "grass",
+               "grass",
+               "grass",
+               "grass",
+               "grass",
+               "rock",
+               "rock",
+               "grass",
+               "grass",
+               "grass",
+               "grass",
+               "grass",
+               "grass",
+               "grass",
+               "grass",
+               "grass",
+               "grass",
+               "grass",
+               "rock",
+               "rock",
+               "rock",
+               "rock",
+               "grass",
+               "grass",
+               "grass",
+               "grass",
+               "grass",
+               "grass",
+               "grass",
+               "grass",
+               "grass",
+               "grass",
+               "grass",
+               "grass",
+               "grass",
+               "grass",
+               "grass",
+               "grass",
+               "grass",
+               "grass",
+               "grass",
+               "rock",
+               "rock",
+               "grass",
+               "grass",
+               "grass",
+               "grass",
+               "grass",
+               "grass",
+               "grass",
+               "grass",
+               "grass",
+               "grass",
+               "grass",
+               "rock",
+               "rock",
+               "rock",
+               "rock",
+               "grass",
+               "grass",
+               "grass",
+               "grass",
+               "grass",
+               "grass",
+               "grass",
+               "grass",
+               "grass",
+               "grass",
+               "grass",
+               "grass",
+               "grass",
+               "grass",
+               "grass",
+               "grass",
+               "grass",
+               "grass",
+               "grass",
+               "rock",
+               "rock",
+               "grass",
+               "grass",
+               "grass",
+               "grass",
+               "grass",
+               "grass",
+               "grass",
+               "grass",
+               "grass",
+               "grass",
+               "grass",
+               "rock",
+               "rock",
+               "rock",
+               "rock",
+               "grass",
+               "grass",
+               "grass",
+               "grass",
+               "grass",
+               "grass",
+               "grass",
+               "grass",
+               "grass",
+               "grass",
+               "grass",
+               "grass",
+               "grass",
+               "grass",
+               "grass",
+               "grass",
+               "grass",
+               "grass",
+               "grass",
+               "rock",
+               "rock",
+               "grass",
+               "grass",
+               "grass",
+               "grass",
+               "grass",
+               "grass",
+               "grass",
+               "grass",
+               "grass",
+               "grass",
+               "grass",
+               "rock",
+               "rock",
+               "rock",
+               "rock",
+               "grass",
+               "grass",
+               "grass",
+               "grass",
+               "grass",
+               "grass",
+               "grass",
+               "grass",
+               "grass",
+               "grass",
+               "grass",
+               "grass",
+               "road",
+               "road",
+               "grass",
+               "grass",
+               "grass",
+               "grass",
+               "grass",
+               "rock",
+               "rock",
+               "grass",
+               "grass",
+               "grass",
+               "grass",
+               "grass",
+               "grass",
+               "grass",
+               "grass",
+               "grass",
+               "grass",
+               "grass",
+               "rock",
+               "rock",
+               "rock",
+               "rock",
+               "grass",
+               "grass",
+               "grass",
+               "grass",
+               "grass",
+               "grass",
+               "grass",
+               "grass",
+               "grass",
+               "grass",
+               "grass",
+               "road",
+               "road",
+               "road",
+               "grass",
+               "grass",
+               "grass",
+               "grass",
+               "grass",
+               "rock",
+               "rock",
+               "grass",
+               "grass",
+               "grass",
+               "grass",
+               "grass",
+               "grass",
+               "grass",
+               "grass",
+               "grass",
+               "grass",
+               "grass",
+               "rock",
+               "rock",
+               "rock",
+               "rock",
+               "grass",
+               "grass",
+               "grass",
+               "grass",
+               "grass",
+               "grass",
+               "grass",
+               "grass",
+               "grass",
+               "grass",
+               "grass",
+               "road",
+               "road",
+               "road",
+               "grass",
+               "grass",
+               "grass",
+               "grass",
+               "grass",
+               "rock",
+               "rock",
+               "grass",
+               "grass",
+               "grass",
+               "grass",
+               "grass",
+               "grass",
+               "grass",
+               "grass",
+               "grass",
+               "grass",
+               "grass",
+               "rock",
+               "rock",
+               "rock",
+               "rock",
+               "grass",
+               "grass",
+               "grass",
+               "grass",
+               "grass",
+               "grass",
+               "grass",
+               "grass",
+               "grass",
+               "grass",
+               "road",
+               "road",
+               "road",
+               "grass",
+               "grass",
+               "grass",
+               "grass",
+               "grass",
+               "grass",
+               "rock",
+               "rock",
+               "grass",
+               "grass",
+               "grass",
+               "grass",
+               "grass",
+               "grass",
+               "grass",
+               "grass",
+               "grass",
+               "grass",
+               "grass",
+               "rock",
+               "rock",
+               "rock",
+               "rock",
+               "grass",
+               "grass",
+               "grass",
+               "grass",
+               "grass",
+               "grass",
+               "grass",
+               "grass",
+               "grass",
+               "road",
+               "road",
+               "road",
+               "grass",
+               "grass",
+               "grass",
+               "grass",
+               "grass",
+               "grass",
+               "grass",
+               "rock",
+               "rock",
+               "grass",
+               "grass",
+               "grass",
+               "grass",
+               "grass",
+               "grass",
+               "grass",
+               "grass",
+               "grass",
+               "grass",
+               "grass",
+               "rock",
+               "rock",
+               "rock",
+               "rock",
+               "grass",
+               "grass",
+               "grass",
+               "grass",
+               "grass",
+               "grass",
+               "grass",
+               "grass",
+               "grass",
+               "road",
+               "road",
+               "road",
+               "grass",
+               "grass",
+               "grass",
+               "grass",
+               "grass",
+               "grass",
+               "grass",
+               "rock",
+               "rock",
+               "grass",
+               "grass",
+               "grass",
+               "grass",
+               "grass",
+               "grass",
+               "grass",
+               "grass",
+               "grass",
+               "grass",
+               "grass",
+               "rock",
+               "rock",
+               "rock",
+               "rock",
+               "grass",
+               "grass",
+               "grass",
+               "grass",
+               "grass",
+               "grass",
+               "grass",
+               "grass",
+               "road",
+               "road",
+               "grass",
+               "grass",
+               "grass",
+               "grass",
+               "grass",
+               "grass",
+               "grass",
+               "grass",
+               "grass",
+               "rock",
+               "rock",
+               "grass",
+               "grass",
+               "grass",
+               "grass",
+               "grass",
+               "grass",
+               "grass",
+               "grass",
+               "grass",
+               "grass",
+               "grass",
+               "rock",
+               "rock",
+               "rock",
+               "rock",
+               "grass",
+               "grass",
+               "grass",
+               "grass",
+               "grass",
+               "grass",
+               "grass",
+               "grass",
+               "road",
+               "road",
+               "grass",
+               "grass",
+               "grass",
+               "grass",
+               "grass",
+               "grass",
+               "grass",
+               "grass",
+               "grass",
+               "rock",
+               "rock",
+               "grass",
+               "grass",
+               "grass",
+               "grass",
+               "grass",
+               "grass",
+               "grass",
+               "grass",
+               "grass",
+               "grass",
+               "grass",
+               "rock",
+               "rock",
+               "rock",
+               "rock",
+               "grass",
+               "grass",
+               "grass",
+               "grass",
+               "grass",
+               "grass",
+               "grass",
+               "road",
+               "road",
+               "road",
+               "grass",
+               "grass",
+               "grass",
+               "grass",
+               "grass",
+               "grass",
+               "grass",
+               "grass",
+               "grass",
+               "rock",
+               "rock",
+               "grass",
+               "grass",
+               "grass",
+               "grass",
+               "grass",
+               "grass",
+               "grass",
+               "grass",
+               "grass",
+               "grass",
+               "grass",
+               "rock",
+               "rock",
+               "rock",
+               "rock",
+               "grass",
+               "grass",
+               "grass",
+               "grass",
+               "grass",
+               "grass",
+               "road",
+               "road",
+               "road",
+               "grass",
+               "grass",
+               "grass",
+               "grass",
+               "grass",
+               "grass",
+               "grass",
+               "grass",
+               "grass",
+               "grass",
+               "rock",
+               "rock",
+               "grass",
+               "grass",
+               "grass",
+               "grass",
+               "grass",
+               "grass",
+               "grass",
+               "grass",
+               "grass",
+               "grass",
+               "grass",
+               "rock",
+               "rock",
+               "rock",
+               "rock",
+               "grass",
+               "grass",
+               "grass",
+               "grass",
+               "grass",
+               "grass",
+               "road",
+               "road",
+               "road",
+               "grass",
+               "grass",
+               "grass",
+               "grass",
+               "grass",
+               "grass",
+               "grass",
+               "grass",
+               "grass",
+               "grass",
+               "rock",
+               "rock",
+               "grass",
+               "grass",
+               "grass",
+               "grass",
+               "grass",
+               "grass",
+               "grass",
+               "grass",
+               "grass",
+               "grass",
+               "grass",
+               "rock",
+               "rock",
+               "rock",
+               "rock",
+               "grass",
+               "grass",
+               "grass",
+               "grass",
+               "grass",
+               "road",
+               "road",
+               "road",
+               "grass",
+               "grass",
+               "grass",
+               "grass",
+               "grass",
+               "grass",
+               "grass",
+               "grass",
+               "grass",
+               "grass",
+               "grass",
+               "rock",
+               "rock",
+               "grass",
+               "grass",
+               "grass",
+               "grass",
+               "grass",
+               "grass",
+               "grass",
+               "grass",
+               "grass",
+               "grass",
+               "grass",
+               "grass",
+               "grass",
+               "grass",
+               "grass",
+               "grass",
+               "grass",
+               "grass",
+               "grass",
+               "grass",
+               "road",
+               "road",
+               "road",
+               "grass",
+               "grass",
+               "grass",
+               "grass",
+               "grass",
+               "grass",
+               "grass",
+               "grass",
+               "grass",
+               "grass",
+               "grass",
+               "rock",
+               "rock",
+               "grass",
+               "grass",
+               "grass",
+               "grass",
+               "grass",
+               "grass",
+               "grass",
+               "grass",
+               "grass",
+               "grass",
+               "grass",
+               "grass",
+               "grass",
+               "grass",
+               "grass",
+               "grass",
+               "grass",
+               "grass",
+               "grass",
+               "road",
+               "road",
+               "road",
+               "grass",
+               "grass",
+               "grass",
+               "grass",
+               "grass",
+               "grass",
+               "grass",
+               "grass",
+               "grass",
+               "grass",
+               "grass",
+               "grass",
+               "rock",
+               "rock",
+               "grass",
+               "grass",
+               "grass",
+               "grass",
+               "grass",
+               "grass",
+               "grass",
+               "grass",
+               "grass",
+               "grass",
+               "grass",
+               "grass",
+               "grass",
+               "grass",
+               "grass",
+               "grass",
+               "grass",
+               "grass",
+               "road",
+               "road",
+               "road",
+               "grass",
+               "rock",
+               "rock",
+               "rock",
+               "rock",
+               "rock",
+               "grass",
+               "grass",
+               "grass",
+               "grass",
+               "grass",
+               "grass",
+               "grass",
+               "rock",
+               "rock",
+               "grass",
+               "grass",
+               "grass",
+               "grass",
+               "grass",
+               "grass",
+               "grass",
+               "grass",
+               "grass",
+               "grass",
+               "grass",
+               "grass",
+               "grass",
+               "grass",
+               "grass",
+               "grass",
+               "grass",
+               "grass",
+               "road",
+               "road",
+               "road",
+               "grass",
+               "rock",
+               "rock",
+               "rock",
+               "rock",
+               "rock",
+               "grass",
+               "grass",
+               "grass",
+               "grass",
+               "grass",
+               "grass",
+               "grass",
+               "rock",
+               "rock",
+               "grass",
+               "grass",
+               "grass",
+               "grass",
+               "grass",
+               "grass",
+               "grass",
+               "grass",
+               "grass",
+               "grass",
+               "grass",
+               "grass",
+               "grass",
+               "grass",
+               "mud",
+               "mud",
+               "mud",
+               "road",
+               "road",
+               "road",
+               "mud",
+               "mud",
+               "rock",
+               "rock",
+               "rock",
+               "rock",
+               "rock",
+               "grass",
+               "grass",
+               "grass",
+               "grass",
+               "grass",
+               "grass",
+               "grass",
+               "rock",
+               "rock",
+               "grass",
+               "grass",
+               "grass",
+               "grass",
+               "grass",
+               "grass",
+               "grass",
+               "grass",
+               "grass",
+               "grass",
+               "grass",
+               "grass",
+               "grass",
+               "grass",
+               "mud",
+               "mud",
+               "mud",
+               "road",
+               "road",
+               "road",
+               "mud",
+               "mud",
+               "rock",
+               "rock",
+               "rock",
+               "rock",
+               "rock",
+               "grass",
+               "grass",
+               "grass",
+               "grass",
+               "grass",
+               "grass",
+               "grass",
+               "rock",
+               "rock",
+               "grass",
+               "grass",
+               "grass",
+               "grass",
+               "grass",
+               "grass",
+               "grass",
+               "grass",
+               "grass",
+               "grass",
+               "grass",
+               "grass",
+               "grass",
+               "grass",
+               "mud",
+               "mud",
+               "road",
+               "road",
+               "road",
+               "mud",
+               "mud",
+               "mud",
+               "rock",
+               "rock",
+               "rock",
+               "rock",
+               "rock",
+               "grass",
+               "grass",
+               "grass",
+               "grass",
+               "grass",
+               "grass",
+               "grass",
+               "rock",
+               "rock",
+               "grass",
+               "grass",
+               "grass",
+               "grass",
+               "grass",
+               "grass",
+               "grass",
+               "grass",
+               "grass",
+               "grass",
+               "grass",
+               "grass",
+               "grass",
+               "grass",
+               "mud",
+               "road",
+               "road",
+               "road",
+               "mud",
+               "grass",
+               "grass",
+               "mud",
+               "rock",
+               "rock",
+               "rock",
+               "rock",
+               "rock",
+               "grass",
+               "grass",
+               "grass",
+               "grass",
+               "grass",
+               "grass",
+               "grass",
+               "rock",
+               "rock",
+               "grass",
+               "grass",
+               "grass",
+               "grass",
+               "grass",
+               "grass",
+               "grass",
+               "road",
+               "road",
+               "road",
+               "road",
+               "road",
+               "road",
+               "road",
+               "road",
+               "road",
+               "road",
+               "road",
+               "mud",
+               "grass",
+               "grass",
+               "mud",
+               "rock",
+               "rock",
+               "rock",
+               "rock",
+               "rock",
+               "grass",
+               "grass",
+               "grass",
+               "grass",
+               "grass",
+               "grass",
+               "grass",
+               "rock",
+               "rock",
+               "grass",
+               "grass",
+               "grass",
+               "grass",
+               "grass",
+               "grass",
+               "grass",
+               "grass",
+               "grass",
+               "road",
+               "road",
+               "road",
+               "road",
+               "road",
+               "road",
+               "road",
+               "road",
+               "mud",
+               "mud",
+               "mud",
+               "mud",
+               "mud",
+               "rock",
+               "rock",
+               "rock",
+               "rock",
+               "rock",
+               "grass",
+               "grass",
+               "grass",
+               "grass",
+               "grass",
+               "grass",
+               "grass",
+               "rock",
+               "rock",
+               "grass",
+               "grass",
+               "grass",
+               "grass",
+               "grass",
+               "grass",
+               "grass",
+               "grass",
+               "grass",
+               "grass",
+               "grass",
+               "grass",
+               "grass",
+               "grass",
+               "mud",
+               "mud",
+               "mud",
+               "mud",
+               "mud",
+               "mud",
+               "grass",
+               "grass",
+               "rock",
+               "rock",
+               "rock",
+               "rock",
+               "rock",
+               "grass",
+               "grass",
+               "grass",
+               "grass",
+               "grass",
+               "grass",
+               "grass",
+               "rock",
+               "rock",
+               "grass",
+               "grass",
+               "grass",
+               "grass",
+               "grass",
+               "grass",
+               "grass",
+               "grass",
+               "grass",
+               "grass",
+               "grass",
+               "grass",
+               "grass",
+               "grass",
+               "grass",
+               "grass",
+               "grass",
+               "grass",
+               "grass",
+               "grass",
+               "grass",
+               "grass",
+               "rock",
+               "rock",
+               "rock",
+               "rock",
+               "rock",
+               "grass",
+               "grass",
+               "grass",
+               "grass",
+               "grass",
+               "grass",
+               "grass",
+               "rock",
+               "rock",
+               "grass",
+               "grass",
+               "grass",
+               "grass",
+               "grass",
+               "grass",
+               "grass",
+               "grass",
+               "grass",
+               "grass",
+               "grass",
+               "grass",
+               "grass",
+               "grass",
+               "grass",
+               "grass",
+               "grass",
+               "grass",
+               "grass",
+               "grass",
+               "grass",
+               "grass",
+               "grass",
+               "grass",
+               "grass",
+               "grass",
+               "grass",
+               "grass",
+               "grass",
+               "grass",
+               "grass",
+               "grass",
+               "grass",
+               "grass",
+               "rock",
+               "rock",
+               "grass",
+               "grass",
+               "grass",
+               "grass",
+               "grass",
+               "grass",
+               "grass",
+               "grass",
+               "grass",
+               "grass",
+               "grass",
+               "grass",
+               "grass",
+               "grass",
+               "grass",
+               "grass",
+               "grass",
+               "grass",
+               "grass",
+               "grass",
+               "grass",
+               "grass",
+               "grass",
+               "grass",
+               "grass",
+               "grass",
+               "grass",
+               "grass",
+               "grass",
+               "grass",
+               "grass",
+               "grass",
+               "grass",
+               "grass",
+               "rock",
+               "rock",
+               "grass",
+               "grass",
+               "grass",
+               "grass",
+               "grass",
+               "grass",
+               "grass",
+               "grass",
+               "grass",
+               "grass",
+               "grass",
+               "grass",
+               "grass",
+               "grass",
+               "grass",
+               "grass",
+               "grass",
+               "grass",
+               "grass",
+               "grass",
+               "grass",
+               "grass",
+               "grass",
+               "grass",
+               "grass",
+               "grass",
+               "grass",
+               "grass",
+               "grass",
+               "grass",
+               "grass",
+               "grass",
+               "grass",
+               "grass",
+               "rock",
+               "rock",
+               "grass",
+               "grass",
+               "grass",
+               "grass",
+               "grass",
+               "grass",
+               "grass",
+               "grass",
+               "grass",
+               "grass",
+               "grass",
+               "grass",
+               "grass",
+               "grass",
+               "grass",
+               "grass",
+               "grass",
+               "grass",
+               "grass",
+               "grass",
+               "grass",
+               "grass",
+               "grass",
+               "grass",
+               "grass",
+               "grass",
+               "grass",
+               "grass",
+               "grass",
+               "grass",
+               "grass",
+               "grass",
+               "grass",
+               "grass",
+               "rock",
+               "rock",
+               "rock",
+               "rock",
+               "rock",
+               "rock",
+               "rock",
+               "rock",
+               "rock",
+               "rock",
+               "rock",
+               "rock",
+               "rock",
+               "rock",
+               "rock",
+               "rock",
+               "rock",
+               "rock",
+               "rock",
+               "rock",
+               "rock",
+               "rock",
+               "rock",
+               "rock",
+               "rock",
+               "rock",
+               "rock",
+               "rock",
+               "rock",
+               "rock",
+               "rock",
+               "rock",
+               "rock",
+               "rock",
+               "rock",
+               "rock",
+               "rock",
+             ],
+             "width": 36,
+           },
+           "objectives": [
+             {
+               "failure": {
+                 "actor": "convoy",
+                 "type": "dead",
+               },
+               "id": "arrival",
+               "success": {
+                 "key": "escort.checkpoints",
+                 "op": "gte",
+                 "type": "variable",
+                 "value": 3,
+               },
+               "text": "Escort convoy through all 3 checkpoints. Keep troops within seven tiles so the convoy advances.",
+             },
+             {
+               "failure": {
+                 "actor": "commander",
+                 "type": "dead",
+               },
+               "id": "commander",
+               "success": {
+                 "conditions": [
+                   {
+                     "key": "escort.checkpoints",
+                     "op": "gte",
+                     "type": "variable",
+                     "value": 3,
+                   },
+                   {
+                     "actor": "commander",
+                     "type": "alive",
+                   },
+                 ],
+                 "type": "all",
+               },
+               "text": "Keep Rakka Ironjaw alive until the convoy arrives.",
+             },
+           ],
+           "opponent": "dwarves",
+           "rules": {
+             "fixedArmy": true,
+             "reinforcementBudget": 0,
+             "resources": {
+               "crystal": 0,
+               "ore": 0,
+               "wood": 0,
+             },
+             "timeLimit": 240,
+           },
+           "schemaVersion": 1,
+           "seed": 7101,
+           "successText": "Torg reaches the workshop and restores its furnaces. Rakka can shelter the valley refugees behind the new iron gates.",
+           "title": "The Foundry Road",
+         },
+         "runtime": {
+           "boss": {
+             "dodged": 0,
+             "hits": 0,
+             "interrupted": 0,
+             "nextAttack": 4,
+             "phase": -1,
+             "phasesEntered": [],
+             "telegraph": null,
+           },
+           "commandCounts": {},
+           "completed": [],
+           "definitionId": "orcs-1",
+           "escort": {
+             "checkpoint": 0,
+             "moving": false,
+           },
+           "labels": {
+             "bolt-a": 5,
+             "bolt-b": 6,
+             "commander": 1,
+             "convoy": 2,
+             "guard-a": 3,
+             "guard-b": 4,
+           },
+           "lastEvaluatedTick": 0,
+           "messages": [
+             {
+               "text": "Rakka leads a forge crew through the abandoned quarry. Stay beside foreman Torg, clear the two ambushes, and bring him to the eastern workshop.",
+               "time": 0,
+             },
+             {
+               "speaker": "Rakka Ironjaw",
+               "text": "Rakka leads a forge crew through the abandoned quarry. Stay beside foreman Torg, clear the two ambushes, and bring him to the eastern workshop.",
+               "time": 0,
+             },
+           ],
+           "outcome": "playing",
+           "reason": "",
+           "reinforcementRemaining": 0,
+           "stealth": {
+             "alarms": 0,
+             "detected": [],
+             "distractedUntil": {},
+             "exposure": {},
+             "patrol": {},
+           },
+           "triggers": {
+             "briefing": {
+               "count": 1,
+               "lastTime": 0,
+             },
+           },
+           "variables": {
+             "equipment.commander": 0,
+           },
+           "version": 1,
+         },
+         "simulationRevision": "3.2.0",
+       },
+       "seed": 7101,
+       "sharedVision": true,
+       "starts": [
+         {
+           "x": 6,
+           "y": 28,
+         },
+         {
+           "x": 29,
+           "y": 7,
+         },
+       ],
+       "teams": [
+         0,
+         1,
+       ],
+       "terrain": [
+         "rock",
+         "rock",
+         "rock",
+         "rock",
+         "rock",
+         "rock",
+         "rock",
+         "rock",
+         "rock",
+         "rock",
+         "rock",
+         "rock",
+         "rock",
+         "rock",
+         "rock",
+         "rock",
+         "rock",
+         "rock",
+         "rock",
+         "rock",
+         "rock",
+         "rock",
+         "rock",
+         "rock",
+         "rock",
+         "rock",
+         "rock",
+         "rock",
+         "rock",
+         "rock",
+         "rock",
+         "rock",
+         "rock",
+         "rock",
+         "rock",
+         "rock",
+         "rock",
+         "grass",
+         "grass",
+         "grass",
+         "grass",
+         "grass",
+         "grass",
+         "grass",
+         "grass",
+         "grass",
+         "grass",
+         "grass",
+         "grass",
+         "grass",
+         "grass",
+         "grass",
+         "grass",
+         "grass",
+         "grass",
+         "grass",
+         "grass",
+         "grass",
+         "grass",
+         "grass",
+         "grass",
+         "grass",
+         "grass",
+         "grass",
+         "grass",
+         "grass",
+         "grass",
+         "grass",
+         "grass",
+         "grass",
+         "grass",
+         "rock",
+         "rock",
+         "grass",
+         "grass",
+         "grass",
+         "grass",
+         "grass",
+         "grass",
+         "grass",
+         "grass",
+         "grass",
+         "grass",
+         "grass",
+         "grass",
+         "grass",
+         "grass",
+         "grass",
+         "grass",
+         "grass",
+         "grass",
+         "grass",
+         "grass",
+         "grass",
+         "grass",
+         "grass",
+         "grass",
+         "grass",
+         "grass",
+         "grass",
+         "grass",
+         "grass",
+         "grass",
+         "grass",
+         "grass",
+         "grass",
+         "grass",
+         "rock",
+         "rock",
+         "grass",
+         "grass",
+         "grass",
+         "grass",
+         "grass",
+         "grass",
+         "grass",
+         "grass",
+         "grass",
+         "grass",
+         "grass",
+         "grass",
+         "grass",
+         "grass",
+         "grass",
+         "grass",
+         "grass",
+         "grass",
+         "grass",
+         "grass",
+         "grass",
+         "grass",
+         "grass",
+         "grass",
+         "grass",
+         "grass",
+         "grass",
+         "grass",
+         "grass",
+         "grass",
+         "grass",
+         "grass",
+         "grass",
+         "grass",
+         "rock",
+         "rock",
+         "grass",
+         "grass",
+         "grass",
+         "grass",
+         "grass",
+         "grass",
+         "grass",
+         "grass",
+         "grass",
+         "grass",
+         "grass",
+         "rock",
+         "rock",
+         "rock",
+         "rock",
+         "grass",
+         "grass",
+         "grass",
+         "grass",
+         "grass",
+         "grass",
+         "grass",
+         "grass",
+         "grass",
+         "grass",
+         "grass",
+         "grass",
+         "grass",
+         "grass",
+         "grass",
+         "grass",
+         "grass",
+         "grass",
+         "grass",
+         "rock",
+         "rock",
+         "grass",
+         "grass",
+         "grass",
+         "grass",
+         "grass",
+         "grass",
+         "grass",
+         "grass",
+         "grass",
+         "grass",
+         "grass",
+         "rock",
+         "rock",
+         "rock",
+         "rock",
+         "grass",
+         "grass",
+         "grass",
+         "grass",
+         "grass",
+         "grass",
+         "grass",
+         "grass",
+         "grass",
+         "grass",
+         "grass",
+         "grass",
+         "grass",
+         "grass",
+         "grass",
+         "grass",
+         "grass",
+         "grass",
+         "grass",
+         "rock",
+         "rock",
+         "grass",
+         "grass",
+         "grass",
+         "grass",
+         "grass",
+         "grass",
+         "grass",
+         "grass",
+         "grass",
+         "grass",
+         "grass",
+         "rock",
+         "rock",
+         "rock",
+         "rock",
+         "grass",
+         "grass",
+         "grass",
+         "grass",
+         "grass",
+         "grass",
+         "grass",
+         "grass",
+         "grass",
+         "grass",
+         "grass",
+         "grass",
+         "grass",
+         "grass",
+         "grass",
+         "grass",
+         "grass",
+         "grass",
+         "grass",
+         "rock",
+         "rock",
+         "grass",
+         "grass",
+         "grass",
+         "grass",
+         "grass",
+         "grass",
+         "grass",
+         "grass",
+         "grass",
+         "grass",
+         "grass",
+         "rock",
+         "rock",
+         "rock",
+         "rock",
+         "grass",
+         "grass",
+         "grass",
+         "grass",
+         "grass",
+         "grass",
+         "grass",
+         "grass",
+         "grass",
+         "grass",
+         "grass",
+         "grass",
+         "road",
+         "road",
+         "grass",
+         "grass",
+         "grass",
+         "grass",
+         "grass",
+         "rock",
+         "rock",
+         "grass",
+         "grass",
+         "grass",
+         "grass",
+         "grass",
+         "grass",
+         "grass",
+         "grass",
+         "grass",
+         "grass",
+         "grass",
+         "rock",
+         "rock",
+         "rock",
+         "rock",
+         "grass",
+         "grass",
+         "grass",
+         "grass",
+         "grass",
+         "grass",
+         "grass",
+         "grass",
+         "grass",
+         "grass",
+         "grass",
+         "road",
+         "road",
+         "road",
+         "grass",
+         "grass",
+         "grass",
+         "grass",
+         "grass",
+         "rock",
+         "rock",
+         "grass",
+         "grass",
+         "grass",
+         "grass",
+         "grass",
+         "grass",
+         "grass",
+         "grass",
+         "grass",
+         "grass",
+         "grass",
+         "rock",
+         "rock",
+         "rock",
+         "rock",
+         "grass",
+         "grass",
+         "grass",
+         "grass",
+         "grass",
+         "grass",
+         "grass",
+         "grass",
+         "grass",
+         "grass",
+         "grass",
+         "road",
+         "road",
+         "road",
+         "grass",
+         "grass",
+         "grass",
+         "grass",
+         "grass",
+         "rock",
+         "rock",
+         "grass",
+         "grass",
+         "grass",
+         "grass",
+         "grass",
+         "grass",
+         "grass",
+         "grass",
+         "grass",
+         "grass",
+         "grass",
+         "rock",
+         "rock",
+         "rock",
+         "rock",
+         "grass",
+         "grass",
+         "grass",
+         "grass",
+         "grass",
+         "grass",
+         "grass",
+         "grass",
+         "grass",
+         "grass",
+         "road",
+         "road",
+         "road",
+         "grass",
+         "grass",
+         "grass",
+         "grass",
+         "grass",
+         "grass",
+         "rock",
+         "rock",
+         "grass",
+         "grass",
+         "grass",
+         "grass",
+         "grass",
+         "grass",
+         "grass",
+         "grass",
+         "grass",
+         "grass",
+         "grass",
+         "rock",
+         "rock",
+         "rock",
+         "rock",
+         "grass",
+         "grass",
+         "grass",
+         "grass",
+         "grass",
+         "grass",
+         "grass",
+         "grass",
+         "grass",
+         "road",
+         "road",
+         "road",
+         "grass",
+         "grass",
+         "grass",
+         "grass",
+         "grass",
+         "grass",
+         "grass",
+         "rock",
+         "rock",
+         "grass",
+         "grass",
+         "grass",
+         "grass",
+         "grass",
+         "grass",
+         "grass",
+         "grass",
+         "grass",
+         "grass",
+         "grass",
+         "rock",
+         "rock",
+         "rock",
+         "rock",
+         "grass",
+         "grass",
+         "grass",
+         "grass",
+         "grass",
+         "grass",
+         "grass",
+         "grass",
+         "grass",
+         "road",
+         "road",
+         "road",
+         "grass",
+         "grass",
+         "grass",
+         "grass",
+         "grass",
+         "grass",
+         "grass",
+         "rock",
+         "rock",
+         "grass",
+         "grass",
+         "grass",
+         "grass",
+         "grass",
+         "grass",
+         "grass",
+         "grass",
+         "grass",
+         "grass",
+         "grass",
+         "rock",
+         "rock",
+         "rock",
+         "rock",
+         "grass",
+         "grass",
+         "grass",
+         "grass",
+         "grass",
+         "grass",
+         "grass",
+         "grass",
+         "road",
+         "road",
+         "grass",
+         "grass",
+         "grass",
+         "grass",
+         "grass",
+         "grass",
+         "grass",
+         "grass",
+         "grass",
+         "rock",
+         "rock",
+         "grass",
+         "grass",
+         "grass",
+         "grass",
+         "grass",
+         "grass",
+         "grass",
+         "grass",
+         "grass",
+         "grass",
+         "grass",
+         "rock",
+         "rock",
+         "rock",
+         "rock",
+         "grass",
+         "grass",
+         "grass",
+         "grass",
+         "grass",
+         "grass",
+         "grass",
+         "grass",
+         "road",
+         "road",
+         "grass",
+         "grass",
+         "grass",
+         "grass",
+         "grass",
+         "grass",
+         "grass",
+         "grass",
+         "grass",
+         "rock",
+         "rock",
+         "grass",
+         "grass",
+         "grass",
+         "grass",
+         "grass",
+         "grass",
+         "grass",
+         "grass",
+         "grass",
+         "grass",
+         "grass",
+         "rock",
+         "rock",
+         "rock",
+         "rock",
+         "grass",
+         "grass",
+         "grass",
+         "grass",
+         "grass",
+         "grass",
+         "grass",
+         "road",
+         "road",
+         "road",
+         "grass",
+         "grass",
+         "grass",
+         "grass",
+         "grass",
+         "grass",
+         "grass",
+         "grass",
+         "grass",
+         "rock",
+         "rock",
+         "grass",
+         "grass",
+         "grass",
+         "grass",
+         "grass",
+         "grass",
+         "grass",
+         "grass",
+         "grass",
+         "grass",
+         "grass",
+         "rock",
+         "rock",
+         "rock",
+         "rock",
+         "grass",
+         "grass",
+         "grass",
+         "grass",
+         "grass",
+         "grass",
+         "road",
+         "road",
+         "road",
+         "grass",
+         "grass",
+         "grass",
+         "grass",
+         "grass",
+         "grass",
+         "grass",
+         "grass",
+         "grass",
+         "grass",
+         "rock",
+         "rock",
+         "grass",
+         "grass",
+         "grass",
+         "grass",
+         "grass",
+         "grass",
+         "grass",
+         "grass",
+         "grass",
+         "grass",
+         "grass",
+         "rock",
+         "rock",
+         "rock",
+         "rock",
+         "grass",
+         "grass",
+         "grass",
+         "grass",
+         "grass",
+         "grass",
+         "road",
+         "road",
+         "road",
+         "grass",
+         "grass",
+         "grass",
+         "grass",
+         "grass",
+         "grass",
+         "grass",
+         "grass",
+         "grass",
+         "grass",
+         "rock",
+         "rock",
+         "grass",
+         "grass",
+         "grass",
+         "grass",
+         "grass",
+         "grass",
+         "grass",
+         "grass",
+         "grass",
+         "grass",
+         "grass",
+         "rock",
+         "rock",
+         "rock",
+         "rock",
+         "grass",
+         "grass",
+         "grass",
+         "grass",
+         "grass",
+         "road",
+         "road",
+         "road",
+         "grass",
+         "grass",
+         "grass",
+         "grass",
+         "grass",
+         "grass",
+         "grass",
+         "grass",
+         "grass",
+         "grass",
+         "grass",
+         "rock",
+         "rock",
+         "grass",
+         "grass",
+         "grass",
+         "grass",
+         "grass",
+         "grass",
+         "grass",
+         "grass",
+         "grass",
+         "grass",
+         "grass",
+         "grass",
+         "grass",
+         "grass",
+         "grass",
+         "grass",
+         "grass",
+         "grass",
+         "grass",
+         "grass",
+         "road",
+         "road",
+         "road",
+         "grass",
+         "grass",
+         "grass",
+         "grass",
+         "grass",
+         "grass",
+         "grass",
+         "grass",
+         "grass",
+         "grass",
+         "grass",
+         "rock",
+         "rock",
+         "grass",
+         "grass",
+         "grass",
+         "grass",
+         "grass",
+         "grass",
+         "grass",
+         "grass",
+         "grass",
+         "grass",
+         "grass",
+         "grass",
+         "grass",
+         "grass",
+         "grass",
+         "grass",
+         "grass",
+         "grass",
+         "grass",
+         "road",
+         "road",
+         "road",
+         "grass",
+         "grass",
+         "grass",
+         "grass",
+         "grass",
+         "grass",
+         "grass",
+         "grass",
+         "grass",
+         "grass",
+         "grass",
+         "grass",
+         "rock",
+         "rock",
+         "grass",
+         "grass",
+         "grass",
+         "grass",
+         "grass",
+         "grass",
+         "grass",
+         "grass",
+         "grass",
+         "grass",
+         "grass",
+         "grass",
+         "grass",
+         "grass",
+         "grass",
+         "grass",
+         "grass",
+         "grass",
+         "road",
+         "road",
+         "road",
+         "grass",
+         "rock",
+         "rock",
+         "rock",
+         "rock",
+         "rock",
+         "grass",
+         "grass",
+         "grass",
+         "grass",
+         "grass",
+         "grass",
+         "grass",
+         "rock",
+         "rock",
+         "grass",
+         "grass",
+         "grass",
+         "grass",
+         "grass",
+         "grass",
+         "grass",
+         "grass",
+         "grass",
+         "grass",
+         "grass",
+         "grass",
+         "grass",
+         "grass",
+         "grass",
+         "grass",
+         "grass",
+         "grass",
+         "road",
+         "road",
+         "road",
+         "grass",
+         "rock",
+         "rock",
+         "rock",
+         "rock",
+         "rock",
+         "grass",
+         "grass",
+         "grass",
+         "grass",
+         "grass",
+         "grass",
+         "grass",
+         "rock",
+         "rock",
+         "grass",
+         "grass",
+         "grass",
+         "grass",
+         "grass",
+         "grass",
+         "grass",
+         "grass",
+         "grass",
+         "grass",
+         "grass",
+         "grass",
+         "grass",
+         "grass",
+         "mud",
+         "mud",
+         "mud",
+         "road",
+         "road",
+         "road",
+         "mud",
+         "mud",
+         "rock",
+         "rock",
+         "rock",
+         "rock",
+         "rock",
+         "grass",
+         "grass",
+         "grass",
+         "grass",
+         "grass",
+         "grass",
+         "grass",
+         "rock",
+         "rock",
+         "grass",
+         "grass",
+         "grass",
+         "grass",
+         "grass",
+         "grass",
+         "grass",
+         "grass",
+         "grass",
+         "grass",
+         "grass",
+         "grass",
+         "grass",
+         "grass",
+         "mud",
+         "mud",
+         "mud",
+         "road",
+         "road",
+         "road",
+         "mud",
+         "mud",
+         "rock",
+         "rock",
+         "rock",
+         "rock",
+         "rock",
+         "grass",
+         "grass",
+         "grass",
+         "grass",
+         "grass",
+         "grass",
+         "grass",
+         "rock",
+         "rock",
+         "grass",
+         "grass",
+         "grass",
+         "grass",
+         "grass",
+         "grass",
+         "grass",
+         "grass",
+         "grass",
+         "grass",
+         "grass",
+         "grass",
+         "grass",
+         "grass",
+         "mud",
+         "mud",
+         "road",
+         "road",
+         "road",
+         "mud",
+         "mud",
+         "mud",
+         "rock",
+         "rock",
+         "rock",
+         "rock",
+         "rock",
+         "grass",
+         "grass",
+         "grass",
+         "grass",
+         "grass",
+         "grass",
+         "grass",
+         "rock",
+         "rock",
+         "grass",
+         "grass",
+         "grass",
+         "grass",
+         "grass",
+         "grass",
+         "grass",
+         "grass",
+         "grass",
+         "grass",
+         "grass",
+         "grass",
+         "grass",
+         "grass",
+         "mud",
+         "road",
+         "road",
+         "road",
+         "mud",
+         "grass",
+         "grass",
+         "mud",
+         "rock",
+         "rock",
+         "rock",
+         "rock",
+         "rock",
+         "grass",
+         "grass",
+         "grass",
+         "grass",
+         "grass",
+         "grass",
+         "grass",
+         "rock",
+         "rock",
+         "grass",
+         "grass",
+         "grass",
+         "grass",
+         "grass",
+         "grass",
+         "grass",
+         "road",
+         "road",
+         "road",
+         "road",
+         "road",
+         "road",
+         "road",
+         "road",
+         "road",
+         "road",
+         "road",
+         "mud",
+         "grass",
+         "grass",
+         "mud",
+         "rock",
+         "rock",
+         "rock",
+         "rock",
+         "rock",
+         "grass",
+         "grass",
+         "grass",
+         "grass",
+         "grass",
+         "grass",
+         "grass",
+         "rock",
+         "rock",
+         "grass",
+         "grass",
+         "grass",
+         "grass",
+         "grass",
+         "grass",
+         "grass",
+         "grass",
+         "grass",
+         "road",
+         "road",
+         "road",
+         "road",
+         "road",
+         "road",
+         "road",
+         "road",
+         "mud",
+         "mud",
+         "mud",
+         "mud",
+         "mud",
+         "rock",
+         "rock",
+         "rock",
+         "rock",
+         "rock",
+         "grass",
+         "grass",
+         "grass",
+         "grass",
+         "grass",
+         "grass",
+         "grass",
+         "rock",
+         "rock",
+         "grass",
+         "grass",
+         "grass",
+         "grass",
+         "grass",
+         "grass",
+         "grass",
+         "grass",
+         "grass",
+         "grass",
+         "grass",
+         "grass",
+         "grass",
+         "grass",
+         "mud",
+         "mud",
+         "mud",
+         "mud",
+         "mud",
+         "mud",
+         "grass",
+         "grass",
+         "rock",
+         "rock",
+         "rock",
+         "rock",
+         "rock",
+         "grass",
+         "grass",
+         "grass",
+         "grass",
+         "grass",
+         "grass",
+         "grass",
+         "rock",
+         "rock",
+         "grass",
+         "grass",
+         "grass",
+         "grass",
+         "grass",
+         "grass",
+         "grass",
+         "grass",
+         "grass",
+         "grass",
+         "grass",
+         "grass",
+         "grass",
+         "grass",
+         "grass",
+         "grass",
+         "grass",
+         "grass",
+         "grass",
+         "grass",
+         "grass",
+         "grass",
+         "rock",
+         "rock",
+         "rock",
+         "rock",
+         "rock",
+         "grass",
+         "grass",
+         "grass",
+         "grass",
+         "grass",
+         "grass",
+         "grass",
+         "rock",
+         "rock",
+         "grass",
+         "grass",
+         "grass",
+         "grass",
+         "grass",
+         "grass",
+         "grass",
+         "grass",
+         "grass",
+         "grass",
+         "grass",
+         "grass",
+         "grass",
+         "grass",
+         "grass",
+         "grass",
+         "grass",
+         "grass",
+         "grass",
+         "grass",
+         "grass",
+         "grass",
+         "grass",
+         "grass",
+         "grass",
+         "grass",
+         "grass",
+         "grass",
+         "grass",
+         "grass",
+         "grass",
+         "grass",
+         "grass",
+         "grass",
+         "rock",
+         "rock",
+         "grass",
+         "grass",
+         "grass",
+         "grass",
+         "grass",
+         "grass",
+         "grass",
+         "grass",
+         "grass",
+         "grass",
+         "grass",
+         "grass",
+         "grass",
+         "grass",
+         "grass",
+         "grass",
+         "grass",
+         "grass",
+         "grass",
+         "grass",
+         "grass",
+         "grass",
+         "grass",
+         "grass",
+         "grass",
+         "grass",
+         "grass",
+         "grass",
+         "grass",
+         "grass",
+         "grass",
+         "grass",
+         "grass",
+         "grass",
+         "rock",
+         "rock",
+         "grass",
+         "grass",
+         "grass",
+         "grass",
+         "grass",
+         "grass",
+         "grass",
+         "grass",
+         "grass",
+         "grass",
+         "grass",
+         "grass",
+         "grass",
+         "grass",
+         "grass",
+         "grass",
+         "grass",
+         "grass",
+         "grass",
+         "grass",
+         "grass",
+         "grass",
+         "grass",
+         "grass",
+         "grass",
+         "grass",
+         "grass",
+         "grass",
+         "grass",
+         "grass",
+         "grass",
+         "grass",
+         "grass",
+         "grass",
+         "rock",
+         "rock",
+         "grass",
+         "grass",
+         "grass",
+         "grass",
+         "grass",
+         "grass",
+         "grass",
+         "grass",
+         "grass",
+         "grass",
+         "grass",
+         "grass",
+         "grass",
+         "grass",
+         "grass",
+         "grass",
+         "grass",
+         "grass",
+         "grass",
+         "grass",
+         "grass",
+         "grass",
+         "grass",
+         "grass",
+         "grass",
+         "grass",
+         "grass",
+         "grass",
+         "grass",
+         "grass",
+         "grass",
+         "grass",
+         "grass",
+         "grass",
+         "rock",
+         "rock",
+         "rock",
+         "rock",
+         "rock",
+         "rock",
+         "rock",
+         "rock",
+         "rock",
+         "rock",
+         "rock",
+         "rock",
+         "rock",
+         "rock",
+         "rock",
+         "rock",
+         "rock",
+         "rock",
+         "rock",
+         "rock",
+         "rock",
+         "rock",
+         "rock",
+         "rock",
+         "rock",
+         "rock",
+         "rock",
+         "rock",
+         "rock",
+         "rock",
+         "rock",
+         "rock",
+         "rock",
+         "rock",
+         "rock",
+         "rock",
+         "rock",
+       ],
+       "tick": 0,
+       "time": 0,
+       "visible": [
+         Set {
+           687,
+           688,
+           689,
+           690,
+           691,
+           692,
+           722,
+           723,
+           724,
+           725,
+           726,
+           727,
+           728,
+           729,
+           757,
+           758,
+           759,
+           760,
+           761,
+           762,
+           763,
+           764,
+           765,
+           766,
+           792,
+           793,
+           794,
+           795,
+           796,
+           797,
+           798,
+           799,
+           800,
+           801,
+           802,
+           803,
+           828,
+           829,
+           830,
+           831,
+           832,
+           833,
+           834,
+           835,
+           836,
+           837,
+           838,
+           839,
+           840,
+           864,
+           865,
+           866,
+           867,
+           868,
+           869,
+           870,
+           871,
+           872,
+           873,
+           874,
+           875,
+           876,
+           900,
+           901,
+           902,
+           903,
+           904,
+           905,
+           906,
+           907,
+           908,
+           909,
+           910,
+           911,
+           912,
+           936,
+           937,
+           938,
+           939,
+           940,
+           941,
+           942,
+           943,
+           944,
+           945,
+           946,
+           947,
+           948,
+           972,
+           973,
+           974,
+           975,
+           976,
+           977,
+           978,
+           979,
+           980,
+           981,
+           982,
+           983,
+           984,
+           1008,
+           1009,
+           1010,
+           1011,
+           1012,
+           1013,
+           1014,
+           1015,
+           1016,
+           1017,
+           1018,
+           1019,
+           1020,
+           1044,
+           1045,
+           1046,
+           1047,
+           1048,
+           1049,
+           1050,
+           1051,
+           1052,
+           1053,
+           1054,
+           1055,
+           1081,
+           1082,
+           1083,
+           1084,
+           1085,
+           1086,
+           1087,
+           1088,
+           1089,
+           1090,
+           1118,
+           1119,
+           1120,
+           1121,
+           1122,
+           1123,
+           1124,
+           1125,
+           1155,
+           1156,
+           1157,
+           1158,
+           1159,
+           1160,
+           913,
+           949,
+           985,
+           1021,
+           1056,
+           1057,
+           1080,
+           1091,
+           1092,
+           1093,
+           1117,
+           1126,
+           1127,
+           1128,
+           1154,
+           1161,
+           1162,
+           1163,
+           1191,
+           1192,
+           1193,
+           1194,
+           1195,
+           1196,
+           1197,
+           1198,
+           1228,
+           1229,
+           1230,
+           1231,
+           1232,
+           1233,
+           693,
+           694,
+           695,
+           730,
+           731,
+           732,
+           767,
+           768,
+           769,
+           804,
+           805,
+           806,
+           841,
+           842,
+           843,
+           877,
+           878,
+           879,
+           914,
+           915,
+           950,
+           951,
+           986,
+           987,
+           1022,
+           1023,
+           1058,
+           1059,
+           1094,
+           1095,
+           1129,
+           1130,
+           1131,
+           1164,
+           1165,
+           1166,
+           1199,
+           1200,
+           1201,
+           1234,
+           1235,
+           1236,
+           1266,
+           1267,
+           1268,
+           1269,
+           1270,
+           1271,
+           756,
+           1116,
+           1152,
+           1153,
+           1188,
+           1189,
+           1190,
+           1224,
+           1225,
+           1226,
+           1227,
+           1260,
+           1261,
+           1262,
+           1263,
+           1264,
+           1265,
+           650,
+           651,
+           652,
+           653,
+           654,
+           655,
+           684,
+           685,
+           686,
+           720,
+           721,
+         },
+         Set {},
+       ],
+       "width": 36,
+       "winner": null,
+       "winningTeam": null,
+     },
+   },
+ ]

 ❯ scenario-host-stale-import.test.ts:34:22
     32|     finish(JSON.stringify(profile));
     33|     await Promise.resolve(); await Promise.resolve(); await new Promis…
     34|     expect(launches).toEqual([]);
       |                      ^
     35|     expect(localStorage.getItem('ovf.campaign.v1')).toBeNull();
     36|   });

⎯⎯⎯⎯⎯⎯⎯⎯⎯⎯⎯⎯⎯⎯⎯⎯⎯⎯⎯⎯⎯⎯⎯⎯[1/1]⎯


 Test Files  1 failed (1)
      Tests  1 failed (1)
   Start at  05:58:17
   Duration  482ms (transform 225ms, setup 0ms, import 280ms, tests 48ms, environment 90ms)

