original_packet	original_source_pin	original_path	original_bytes	original_sha256	sealed_manifest_sha256	retention_class	plan_action	reason	source_inventory_path	source_inventory_sha256	source_path	source_sha256	source_bytes	original_git_mode	original_git_blob	comparison_source_pin	comparison_git_mode	comparison_git_blob	chain_result
/home/morgana/.codex/worktrees/assembled-allied-ai/orcs-vs-Fairies/work/ai-save401-final-453c221-r1	453c2218af9973b9eca8fb78392435bd9d46a740	allied-ui/enemy-perspective-spectator-frame.json	117351	897ce790c84bb1a96924765b000ef1b2b5c593b1d2afa55478077a2437a289a0	bf8ed2449d14c0f3bcf00d32af4ca831885c08212be96fecc96ebd8d581ee681	native_runs_saves_replays_screenshots	retain_actual_bytes	Retain run-specific artifacts, saves, replays, frames, transport captures, screenshots and outcomes.											actual_bytes_required
/home/morgana/.codex/worktrees/assembled-allied-ai/orcs-vs-Fairies/work/ai-save401-final-453c221-r1	453c2218af9973b9eca8fb78392435bd9d46a740	allied-ui/local-accepted.png	255787	d9dc1e7b94817ccd94e59359f6b90a43837ab07ab3b3942d1db3b93073b46d15	bf8ed2449d14c0f3bcf00d32af4ca831885c08212be96fecc96ebd8d581ee681	native_runs_saves_replays_screenshots	retain_actual_bytes	Retain run-specific artifacts, saves, replays, frames, transport captures, screenshots and outcomes.											actual_bytes_required
/home/morgana/.codex/worktrees/assembled-allied-ai/orcs-vs-Fairies/work/ai-save401-final-453c221-r1	453c2218af9973b9eca8fb78392435bd9d46a740	allied-ui/local-active-save.json	414917	47e873a4e8ef68e7f5ed63fa1b3dadc0e06df22371e23fbc0d81d6cf5d916007	bf8ed2449d14c0f3bcf00d32af4ca831885c08212be96fecc96ebd8d581ee681	native_runs_saves_replays_screenshots	retain_actual_bytes	Retain run-specific artifacts, saves, replays, frames, transport captures, screenshots and outcomes.											actual_bytes_required
/home/morgana/.codex/worktrees/assembled-allied-ai/orcs-vs-Fairies/work/ai-save401-final-453c221-r1	453c2218af9973b9eca8fb78392435bd9d46a740	allied-ui/local-active.png	259256	2c5a12e82828458209a56351d811b0da5d121ddfc912cc4fdd25458046b48966	bf8ed2449d14c0f3bcf00d32af4ca831885c08212be96fecc96ebd8d581ee681	native_runs_saves_replays_screenshots	retain_actual_bytes	Retain run-specific artifacts, saves, replays, frames, transport captures, screenshots and outcomes.											actual_bytes_required
/home/morgana/.codex/worktrees/assembled-allied-ai/orcs-vs-Fairies/work/ai-save401-final-453c221-r1	453c2218af9973b9eca8fb78392435bd9d46a740	allied-ui/local-completed-save.json	416544	747345ad9c7da156e98dc41c99dff769cb832541e4a9ac3bff722a21a55eb759	bf8ed2449d14c0f3bcf00d32af4ca831885c08212be96fecc96ebd8d581ee681	native_runs_saves_replays_screenshots	retain_actual_bytes	Retain run-specific artifacts, saves, replays, frames, transport captures, screenshots and outcomes.											actual_bytes_required
/home/morgana/.codex/worktrees/assembled-allied-ai/orcs-vs-Fairies/work/ai-save401-final-453c221-r1	453c2218af9973b9eca8fb78392435bd9d46a740	allied-ui/local-completed.png	265284	3f64a319a723ec867f70c9cf50663d73f4ca735293a8461498bac9c75efa8516	bf8ed2449d14c0f3bcf00d32af4ca831885c08212be96fecc96ebd8d581ee681	native_runs_saves_replays_screenshots	retain_actual_bytes	Retain run-specific artifacts, saves, replays, frames, transport captures, screenshots and outcomes.											actual_bytes_required
/home/morgana/.codex/worktrees/assembled-allied-ai/orcs-vs-Fairies/work/ai-save401-final-453c221-r1	453c2218af9973b9eca8fb78392435bd9d46a740	allied-ui/local-modal-paused.png	247205	f64ec9805b55a75770e08a4dec7aeb8b799a551b98d46782736f571576656fa4	bf8ed2449d14c0f3bcf00d32af4ca831885c08212be96fecc96ebd8d581ee681	native_runs_saves_replays_screenshots	retain_actual_bytes	Retain run-specific artifacts, saves, replays, frames, transport captures, screenshots and outcomes.											actual_bytes_required
/home/morgana/.codex/worktrees/assembled-allied-ai/orcs-vs-Fairies/work/ai-save401-final-453c221-r1	453c2218af9973b9eca8fb78392435bd9d46a740	allied-ui/local-photo.png	591359	bea3ea5a3334aa7a6592069619bfc5e3ddc7ccc9c92586daf8b5226acc1aab23	bf8ed2449d14c0f3bcf00d32af4ca831885c08212be96fecc96ebd8d581ee681	native_runs_saves_replays_screenshots	retain_actual_bytes	Retain run-specific artifacts, saves, replays, frames, transport captures, screenshots and outcomes.											actual_bytes_required
/home/morgana/.codex/worktrees/assembled-allied-ai/orcs-vs-Fairies/work/ai-save401-final-453c221-r1	453c2218af9973b9eca8fb78392435bd9d46a740	allied-ui/local-production-report.json	463076	6f6391bd847030a66b7a5e70d96575a9550ca5a9d47fd00b8453790f65b0dae5	bf8ed2449d14c0f3bcf00d32af4ca831885c08212be96fecc96ebd8d581ee681	native_runs_saves_replays_screenshots	retain_actual_bytes	Retain run-specific artifacts, saves, replays, frames, transport captures, screenshots and outcomes.											actual_bytes_required
/home/morgana/.codex/worktrees/assembled-allied-ai/orcs-vs-Fairies/work/ai-save401-final-453c221-r1	453c2218af9973b9eca8fb78392435bd9d46a740	allied-ui/local-replay.json	184448	dc9356b1d4965f34d30022c21c599d17e100dca692d8c75ec356e38fa4296bdf	bf8ed2449d14c0f3bcf00d32af4ca831885c08212be96fecc96ebd8d581ee681	native_runs_saves_replays_screenshots	retain_actual_bytes	Retain run-specific artifacts, saves, replays, frames, transport captures, screenshots and outcomes.											actual_bytes_required
/home/morgana/.codex/worktrees/assembled-allied-ai/orcs-vs-Fairies/work/ai-save401-final-453c221-r1	453c2218af9973b9eca8fb78392435bd9d46a740	allied-ui/local-replay.png	714099	994b29fea72f077c99ec6705750d5883ff98bf23f42050efe2fdb98f78761257	bf8ed2449d14c0f3bcf00d32af4ca831885c08212be96fecc96ebd8d581ee681	native_runs_saves_replays_screenshots	retain_actual_bytes	Retain run-specific artifacts, saves, replays, frames, transport captures, screenshots and outcomes.											actual_bytes_required
/home/morgana/.codex/worktrees/assembled-allied-ai/orcs-vs-Fairies/work/ai-save401-final-453c221-r1	453c2218af9973b9eca8fb78392435bd9d46a740	allied-ui/local-transport.json	69	fbfc8e79ad051710eebf28caefb60152caf9846fceb13b1eb8b732ed3270521f	bf8ed2449d14c0f3bcf00d32af4ca831885c08212be96fecc96ebd8d581ee681	native_runs_saves_replays_screenshots	retain_actual_bytes	Retain run-specific artifacts, saves, replays, frames, transport captures, screenshots and outcomes.											actual_bytes_required
/home/morgana/.codex/worktrees/assembled-allied-ai/orcs-vs-Fairies/work/ai-save401-final-453c221-r1	453c2218af9973b9eca8fb78392435bd9d46a740	allied-ui/observations.json	159088	3a5980114a55f7c2b81f489d2e6d65763f1edd60feba3fae83807b347dc5144c	bf8ed2449d14c0f3bcf00d32af4ca831885c08212be96fecc96ebd8d581ee681	native_runs_saves_replays_screenshots	retain_actual_bytes	Retain run-specific artifacts, saves, replays, frames, transport captures, screenshots and outcomes.											actual_bytes_required
/home/morgana/.codex/worktrees/assembled-allied-ai/orcs-vs-Fairies/work/ai-save401-final-453c221-r1	453c2218af9973b9eca8fb78392435bd9d46a740	allied-ui/online-active.png	245784	eb1d9e5d49171c172855c5558085724f1083e3a9c294db7579b6fb78d5738e71	bf8ed2449d14c0f3bcf00d32af4ca831885c08212be96fecc96ebd8d581ee681	native_runs_saves_replays_screenshots	retain_actual_bytes	Retain run-specific artifacts, saves, replays, frames, transport captures, screenshots and outcomes.											actual_bytes_required
/home/morgana/.codex/worktrees/assembled-allied-ai/orcs-vs-Fairies/work/ai-save401-final-453c221-r1	453c2218af9973b9eca8fb78392435bd9d46a740	allied-ui/online-attack-completed.png	254946	5927b14591a7d47e042eb2e19b7188325a56d88df43ebd6383f67704c68cc7c5	bf8ed2449d14c0f3bcf00d32af4ca831885c08212be96fecc96ebd8d581ee681	native_runs_saves_replays_screenshots	retain_actual_bytes	Retain run-specific artifacts, saves, replays, frames, transport captures, screenshots and outcomes.											actual_bytes_required
/home/morgana/.codex/worktrees/assembled-allied-ai/orcs-vs-Fairies/work/ai-save401-final-453c221-r1	453c2218af9973b9eca8fb78392435bd9d46a740	allied-ui/online-completed.png	250293	0f8420fe7c7ffaffc6a505e21122d1d1249b92d262fabefac27b0a6afd0726bc	bf8ed2449d14c0f3bcf00d32af4ca831885c08212be96fecc96ebd8d581ee681	native_runs_saves_replays_screenshots	retain_actual_bytes	Retain run-specific artifacts, saves, replays, frames, transport captures, screenshots and outcomes.											actual_bytes_required
/home/morgana/.codex/worktrees/assembled-allied-ai/orcs-vs-Fairies/work/ai-save401-final-453c221-r1	453c2218af9973b9eca8fb78392435bd9d46a740	allied-ui/online-lobby.png	230959	46849820645cfb496f3a94063473865f0316cce7f298a820ddd55292dbedd8ce	bf8ed2449d14c0f3bcf00d32af4ca831885c08212be96fecc96ebd8d581ee681	native_runs_saves_replays_screenshots	retain_actual_bytes	Retain run-specific artifacts, saves, replays, frames, transport captures, screenshots and outcomes.											actual_bytes_required
/home/morgana/.codex/worktrees/assembled-allied-ai/orcs-vs-Fairies/work/ai-save401-final-453c221-r1	453c2218af9973b9eca8fb78392435bd9d46a740	allied-ui/online-photo.png	538190	49000bfc016c2f7fdc1431499ce5368df9406e8bfdb2cc893a1dd5129527932e	bf8ed2449d14c0f3bcf00d32af4ca831885c08212be96fecc96ebd8d581ee681	native_runs_saves_replays_screenshots	retain_actual_bytes	Retain run-specific artifacts, saves, replays, frames, transport captures, screenshots and outcomes.											actual_bytes_required
/home/morgana/.codex/worktrees/assembled-allied-ai/orcs-vs-Fairies/work/ai-save401-final-453c221-r1	453c2218af9973b9eca8fb78392435bd9d46a740	allied-ui/online-selected-authoritative-frames.json	892753	dc937082025d7a8a4d4f9cdde19a7ae1b188e06289ff85bce56beba8f7b45a72	bf8ed2449d14c0f3bcf00d32af4ca831885c08212be96fecc96ebd8d581ee681	native_runs_saves_replays_screenshots	retain_actual_bytes	Retain run-specific artifacts, saves, replays, frames, transport captures, screenshots and outcomes.											actual_bytes_required
/home/morgana/.codex/worktrees/assembled-allied-ai/orcs-vs-Fairies/work/ai-save401-final-453c221-r1	453c2218af9973b9eca8fb78392435bd9d46a740	allied-ui/online-transport.json	36756147	d3c1c6be8e3690e4c1e027e28856d66eb94491b44d3f6262e6869e2b8c2ffe59	bf8ed2449d14c0f3bcf00d32af4ca831885c08212be96fecc96ebd8d581ee681	native_runs_saves_replays_screenshots	retain_actual_bytes	Retain run-specific artifacts, saves, replays, frames, transport captures, screenshots and outcomes.											actual_bytes_required
/home/morgana/.codex/worktrees/assembled-allied-ai/orcs-vs-Fairies/work/ai-save401-final-453c221-r1	453c2218af9973b9eca8fb78392435bd9d46a740	allied-ui/results.json	11720	e08caf9e0abc25705602b9c104b1557ee8bfe1cbc6f78d51f37a597c4677ec78	bf8ed2449d14c0f3bcf00d32af4ca831885c08212be96fecc96ebd8d581ee681	native_runs_saves_replays_screenshots	retain_actual_bytes	Retain run-specific artifacts, saves, replays, frames, transport captures, screenshots and outcomes.											actual_bytes_required
/home/morgana/.codex/worktrees/assembled-allied-ai/orcs-vs-Fairies/work/ai-save401-final-453c221-r1	453c2218af9973b9eca8fb78392435bd9d46a740	allied-ui/spectator-restricted.png	747360	075cf9dcff435a235128733ae1a45132a76434c8f86eabd8126d8d51745c6556	bf8ed2449d14c0f3bcf00d32af4ca831885c08212be96fecc96ebd8d581ee681	native_runs_saves_replays_screenshots	retain_actual_bytes	Retain run-specific artifacts, saves, replays, frames, transport captures, screenshots and outcomes.											actual_bytes_required
/home/morgana/.codex/worktrees/assembled-allied-ai/orcs-vs-Fairies/work/ai-save401-final-453c221-r1	453c2218af9973b9eca8fb78392435bd9d46a740	allied-ui/spectator-transport.json	15846961	74e2ba4d1bd5472eb3043585502d19d5df597527e6c3271bc2e270e734754ac7	bf8ed2449d14c0f3bcf00d32af4ca831885c08212be96fecc96ebd8d581ee681	native_runs_saves_replays_screenshots	retain_actual_bytes	Retain run-specific artifacts, saves, replays, frames, transport captures, screenshots and outcomes.											actual_bytes_required
/home/morgana/.codex/worktrees/assembled-allied-ai/orcs-vs-Fairies/work/ai-save401-final-453c221-r1	453c2218af9973b9eca8fb78392435bd9d46a740	audits/allied-ui-envelope.json	867	285e00a828060775c0d5b2af601f3d49e7bff83623dbc80174f024272f03dd52	bf8ed2449d14c0f3bcf00d32af4ca831885c08212be96fecc96ebd8d581ee681	observer_reviewer_audits_corrections	retain_actual_bytes	Retain observer and reviewer records, original failed-run diagnoses and later corrections.											actual_bytes_required
/home/morgana/.codex/worktrees/assembled-allied-ai/orcs-vs-Fairies/work/ai-save401-final-453c221-r1	453c2218af9973b9eca8fb78392435bd9d46a740	audits/build-server-envelope.json	799	cb008eeee524b960ae05804e80d8e9170b285256a889b2a2fdd3a846c4a37762	bf8ed2449d14c0f3bcf00d32af4ca831885c08212be96fecc96ebd8d581ee681	observer_reviewer_audits_corrections	retain_actual_bytes	Retain observer and reviewer records, original failed-run diagnoses and later corrections.											actual_bytes_required
/home/morgana/.codex/worktrees/assembled-allied-ai/orcs-vs-Fairies/work/ai-save401-final-453c221-r1	453c2218af9973b9eca8fb78392435bd9d46a740	audits/build-web-envelope.json	822	e3b28152f7de0e8f395d6bf08eb3a8a141d663f6763c46f0fb937a20f86dbc1c	bf8ed2449d14c0f3bcf00d32af4ca831885c08212be96fecc96ebd8d581ee681	observer_reviewer_audits_corrections	retain_actual_bytes	Retain observer and reviewer records, original failed-run diagnoses and later corrections.											actual_bytes_required
/home/morgana/.codex/worktrees/assembled-allied-ai/orcs-vs-Fairies/work/ai-save401-final-453c221-r1	453c2218af9973b9eca8fb78392435bd9d46a740	audits/coop-failure-diagnosis-correction.json	768	6b23e728fa8388689edd379ab98ba1d28e07d5cc93199928ce11855cda30e564	bf8ed2449d14c0f3bcf00d32af4ca831885c08212be96fecc96ebd8d581ee681	observer_reviewer_audits_corrections	retain_actual_bytes	Retain observer and reviewer records, original failed-run diagnoses and later corrections.											actual_bytes_required
/home/morgana/.codex/worktrees/assembled-allied-ai/orcs-vs-Fairies/work/ai-save401-final-453c221-r1	453c2218af9973b9eca8fb78392435bd9d46a740	audits/coop-failure-diagnosis.json	3970	15b0773958735b93f835936679cd00d16ef4ccc2b93c50e6189ae8996eee92d1	bf8ed2449d14c0f3bcf00d32af4ca831885c08212be96fecc96ebd8d581ee681	observer_reviewer_audits_corrections	retain_actual_bytes	Retain observer and reviewer records, original failed-run diagnoses and later corrections.											actual_bytes_required
/home/morgana/.codex/worktrees/assembled-allied-ai/orcs-vs-Fairies/work/ai-save401-final-453c221-r1	453c2218af9973b9eca8fb78392435bd9d46a740	audits/coop-lobby-attribution.json	4400	5c61729d3e0e2deede72ee96ed1cb95d72c3a086c022398ed19f288368fe9eb4	bf8ed2449d14c0f3bcf00d32af4ca831885c08212be96fecc96ebd8d581ee681	observer_reviewer_audits_corrections	retain_actual_bytes	Retain observer and reviewer records, original failed-run diagnoses and later corrections.											actual_bytes_required
/home/morgana/.codex/worktrees/assembled-allied-ai/orcs-vs-Fairies/work/ai-save401-final-453c221-r1	453c2218af9973b9eca8fb78392435bd9d46a740	audits/coop-ui-envelope.json	811	260594e03caa51f8f35cf52e0edc3a4cccfa0fb9d697531dabeb95794a71f859	bf8ed2449d14c0f3bcf00d32af4ca831885c08212be96fecc96ebd8d581ee681	observer_reviewer_audits_corrections	retain_actual_bytes	Retain observer and reviewer records, original failed-run diagnoses and later corrections.											actual_bytes_required
/home/morgana/.codex/worktrees/assembled-allied-ai/orcs-vs-Fairies/work/ai-save401-final-453c221-r1	453c2218af9973b9eca8fb78392435bd9d46a740	audits/independent-final-review.md	4888	3da44c58702031553dad3cafd472a3684f3ef76bc6c4d657d6fd7e5ec2a10936	bf8ed2449d14c0f3bcf00d32af4ca831885c08212be96fecc96ebd8d581ee681	observer_reviewer_audits_corrections	retain_actual_bytes	Retain observer and reviewer records, original failed-run diagnoses and later corrections.											actual_bytes_required
/home/morgana/.codex/worktrees/assembled-allied-ai/orcs-vs-Fairies/work/ai-save401-final-453c221-r1	453c2218af9973b9eca8fb78392435bd9d46a740	audits/natural-allied.json	1097	07877c23e300957510ab4973a1aa3d7a12a382bba73c483b51c710c38da1da56	bf8ed2449d14c0f3bcf00d32af4ca831885c08212be96fecc96ebd8d581ee681	observer_reviewer_audits_corrections	retain_actual_bytes	Retain observer and reviewer records, original failed-run diagnoses and later corrections.											actual_bytes_required
/home/morgana/.codex/worktrees/assembled-allied-ai/orcs-vs-Fairies/work/ai-save401-final-453c221-r1	453c2218af9973b9eca8fb78392435bd9d46a740	audits/roster-ui-envelope.json	888	dbff68675392e517ccafbcf9537b7e7c5aadc7dcac7e952ce23ea3d8ec46f3ac	bf8ed2449d14c0f3bcf00d32af4ca831885c08212be96fecc96ebd8d581ee681	observer_reviewer_audits_corrections	retain_actual_bytes	Retain observer and reviewer records, original failed-run diagnoses and later corrections.											actual_bytes_required
/home/morgana/.codex/worktrees/assembled-allied-ai/orcs-vs-Fairies/work/ai-save401-final-453c221-r1	453c2218af9973b9eca8fb78392435bd9d46a740	browser-runtime/allied-ui/actual-launch-trace.json	2715	5c6faf419e04a3a8d8cafdb64ff16dffdbedcbce0ebad96b5ce5316d80f8f075	bf8ed2449d14c0f3bcf00d32af4ca831885c08212be96fecc96ebd8d581ee681	execution_provenance_and_generated_outputs	retain_actual_bytes	Retain runtime, process, launcher and generated executable provenance bytes.											actual_bytes_required
/home/morgana/.codex/worktrees/assembled-allied-ai/orcs-vs-Fairies/work/ai-save401-final-453c221-r1	453c2218af9973b9eca8fb78392435bd9d46a740	browser-runtime/allied-ui/after.json	35016	4467a65fc79c27bf988e0cf5142f6295ac3b9fa5ea25552d81fbf7ec56d577e9	bf8ed2449d14c0f3bcf00d32af4ca831885c08212be96fecc96ebd8d581ee681	execution_provenance_and_generated_outputs	retain_actual_bytes	Retain runtime, process, launcher and generated executable provenance bytes.											actual_bytes_required
/home/morgana/.codex/worktrees/assembled-allied-ai/orcs-vs-Fairies/work/ai-save401-final-453c221-r1	453c2218af9973b9eca8fb78392435bd9d46a740	browser-runtime/allied-ui/before.json	35016	4467a65fc79c27bf988e0cf5142f6295ac3b9fa5ea25552d81fbf7ec56d577e9	bf8ed2449d14c0f3bcf00d32af4ca831885c08212be96fecc96ebd8d581ee681	execution_provenance_and_generated_outputs	retain_actual_bytes	Retain runtime, process, launcher and generated executable provenance bytes.											actual_bytes_required
/home/morgana/.codex/worktrees/assembled-allied-ai/orcs-vs-Fairies/work/ai-save401-final-453c221-r1	453c2218af9973b9eca8fb78392435bd9d46a740	browser-runtime/allied-ui/browser-provenance.mjs	3324	44a7d88b5f5662b68b1e8691d32312e6457ac5df6a26db479c818f0649df9237	bf8ed2449d14c0f3bcf00d32af4ca831885c08212be96fecc96ebd8d581ee681	execution_provenance_and_generated_outputs	retain_actual_bytes	Retain runtime, process, launcher and generated executable provenance bytes.											actual_bytes_required
/home/morgana/.codex/worktrees/assembled-allied-ai/orcs-vs-Fairies/work/ai-save401-final-453c221-r1	453c2218af9973b9eca8fb78392435bd9d46a740	browser-runtime/allied-ui/process-observer-failure.json	975	76a1104fedf0be18203f9addc8bead1c7e5258ddc89ed9dabdda5cae1b473229	bf8ed2449d14c0f3bcf00d32af4ca831885c08212be96fecc96ebd8d581ee681	execution_provenance_and_generated_outputs	retain_actual_bytes	Retain runtime, process, launcher and generated executable provenance bytes.											actual_bytes_required
/home/morgana/.codex/worktrees/assembled-allied-ai/orcs-vs-Fairies/work/ai-save401-final-453c221-r1	453c2218af9973b9eca8fb78392435bd9d46a740	browser-runtime/coop-ui/actual-launch-trace.json	2711	bd573610300dd9ac76bfba0615a570340c37636ba27306aef505059334a7afea	bf8ed2449d14c0f3bcf00d32af4ca831885c08212be96fecc96ebd8d581ee681	execution_provenance_and_generated_outputs	retain_actual_bytes	Retain runtime, process, launcher and generated executable provenance bytes.											actual_bytes_required
/home/morgana/.codex/worktrees/assembled-allied-ai/orcs-vs-Fairies/work/ai-save401-final-453c221-r1	453c2218af9973b9eca8fb78392435bd9d46a740	browser-runtime/coop-ui/actual-process-r3.json	17114	57719191fc4c24066bd933e05db232e98c93f110b0a5510e16f35d38c4d8b15b	bf8ed2449d14c0f3bcf00d32af4ca831885c08212be96fecc96ebd8d581ee681	execution_provenance_and_generated_outputs	retain_actual_bytes	Retain runtime, process, launcher and generated executable provenance bytes.											actual_bytes_required
/home/morgana/.codex/worktrees/assembled-allied-ai/orcs-vs-Fairies/work/ai-save401-final-453c221-r1	453c2218af9973b9eca8fb78392435bd9d46a740	browser-runtime/coop-ui/after.json	35016	4467a65fc79c27bf988e0cf5142f6295ac3b9fa5ea25552d81fbf7ec56d577e9	bf8ed2449d14c0f3bcf00d32af4ca831885c08212be96fecc96ebd8d581ee681	execution_provenance_and_generated_outputs	retain_actual_bytes	Retain runtime, process, launcher and generated executable provenance bytes.											actual_bytes_required
/home/morgana/.codex/worktrees/assembled-allied-ai/orcs-vs-Fairies/work/ai-save401-final-453c221-r1	453c2218af9973b9eca8fb78392435bd9d46a740	browser-runtime/coop-ui/before.json	35016	4467a65fc79c27bf988e0cf5142f6295ac3b9fa5ea25552d81fbf7ec56d577e9	bf8ed2449d14c0f3bcf00d32af4ca831885c08212be96fecc96ebd8d581ee681	execution_provenance_and_generated_outputs	retain_actual_bytes	Retain runtime, process, launcher and generated executable provenance bytes.											actual_bytes_required
/home/morgana/.codex/worktrees/assembled-allied-ai/orcs-vs-Fairies/work/ai-save401-final-453c221-r1	453c2218af9973b9eca8fb78392435bd9d46a740	browser-runtime/coop-ui/browser-provenance.mjs	3324	44a7d88b5f5662b68b1e8691d32312e6457ac5df6a26db479c818f0649df9237	bf8ed2449d14c0f3bcf00d32af4ca831885c08212be96fecc96ebd8d581ee681	execution_provenance_and_generated_outputs	retain_actual_bytes	Retain runtime, process, launcher and generated executable provenance bytes.											actual_bytes_required
/home/morgana/.codex/worktrees/assembled-allied-ai/orcs-vs-Fairies/work/ai-save401-final-453c221-r1	453c2218af9973b9eca8fb78392435bd9d46a740	browser-runtime/roster-ui/actual-launch-trace.json	2715	217274eab147aefac4f3a7ff68df86d9442f73bdcfe2ac5116d44a65649cd8ab	bf8ed2449d14c0f3bcf00d32af4ca831885c08212be96fecc96ebd8d581ee681	execution_provenance_and_generated_outputs	retain_actual_bytes	Retain runtime, process, launcher and generated executable provenance bytes.											actual_bytes_required
/home/morgana/.codex/worktrees/assembled-allied-ai/orcs-vs-Fairies/work/ai-save401-final-453c221-r1	453c2218af9973b9eca8fb78392435bd9d46a740	browser-runtime/roster-ui/actual-process-r2.json	22030	e8edf857d15ec4c7bf2cc427e389769deece45320e46972d5f64816f0ce476d3	bf8ed2449d14c0f3bcf00d32af4ca831885c08212be96fecc96ebd8d581ee681	execution_provenance_and_generated_outputs	retain_actual_bytes	Retain runtime, process, launcher and generated executable provenance bytes.											actual_bytes_required
/home/morgana/.codex/worktrees/assembled-allied-ai/orcs-vs-Fairies/work/ai-save401-final-453c221-r1	453c2218af9973b9eca8fb78392435bd9d46a740	browser-runtime/roster-ui/actual-process-r3.json	22029	0048f3a945d91eafb454f91d8ced5f676faa35fdfb8b84ba4cd432d1efe2bfac	bf8ed2449d14c0f3bcf00d32af4ca831885c08212be96fecc96ebd8d581ee681	execution_provenance_and_generated_outputs	retain_actual_bytes	Retain runtime, process, launcher and generated executable provenance bytes.											actual_bytes_required
/home/morgana/.codex/worktrees/assembled-allied-ai/orcs-vs-Fairies/work/ai-save401-final-453c221-r1	453c2218af9973b9eca8fb78392435bd9d46a740	browser-runtime/roster-ui/after.json	35016	4467a65fc79c27bf988e0cf5142f6295ac3b9fa5ea25552d81fbf7ec56d577e9	bf8ed2449d14c0f3bcf00d32af4ca831885c08212be96fecc96ebd8d581ee681	execution_provenance_and_generated_outputs	retain_actual_bytes	Retain runtime, process, launcher and generated executable provenance bytes.											actual_bytes_required
/home/morgana/.codex/worktrees/assembled-allied-ai/orcs-vs-Fairies/work/ai-save401-final-453c221-r1	453c2218af9973b9eca8fb78392435bd9d46a740	browser-runtime/roster-ui/before.json	35016	4467a65fc79c27bf988e0cf5142f6295ac3b9fa5ea25552d81fbf7ec56d577e9	bf8ed2449d14c0f3bcf00d32af4ca831885c08212be96fecc96ebd8d581ee681	execution_provenance_and_generated_outputs	retain_actual_bytes	Retain runtime, process, launcher and generated executable provenance bytes.											actual_bytes_required
/home/morgana/.codex/worktrees/assembled-allied-ai/orcs-vs-Fairies/work/ai-save401-final-453c221-r1	453c2218af9973b9eca8fb78392435bd9d46a740	browser-runtime/roster-ui/browser-provenance.mjs	3324	44a7d88b5f5662b68b1e8691d32312e6457ac5df6a26db479c818f0649df9237	bf8ed2449d14c0f3bcf00d32af4ca831885c08212be96fecc96ebd8d581ee681	execution_provenance_and_generated_outputs	retain_actual_bytes	Retain runtime, process, launcher and generated executable provenance bytes.											actual_bytes_required
/home/morgana/.codex/worktrees/assembled-allied-ai/orcs-vs-Fairies/work/ai-save401-final-453c221-r1	453c2218af9973b9eca8fb78392435bd9d46a740	cleanup/after.json	654	fd419556a3bc219727ed3ad0626a88af136ac410ab507b41a8e67cdbafb0ed44	bf8ed2449d14c0f3bcf00d32af4ca831885c08212be96fecc96ebd8d581ee681	preparation_cleanup_and_history	retain_actual_bytes	Retain preparation scripts, prior-history inventories and cleanup records.											actual_bytes_required
/home/morgana/.codex/worktrees/assembled-allied-ai/orcs-vs-Fairies/work/ai-save401-final-453c221-r1	453c2218af9973b9eca8fb78392435bd9d46a740	cleanup/before.json	995	2922cb5b4e0c364c367ee0d691f291252d9edfffe9046d4697ad9c994e2d040f	bf8ed2449d14c0f3bcf00d32af4ca831885c08212be96fecc96ebd8d581ee681	preparation_cleanup_and_history	retain_actual_bytes	Retain preparation scripts, prior-history inventories and cleanup records.											actual_bytes_required
/home/morgana/.codex/worktrees/assembled-allied-ai/orcs-vs-Fairies/work/ai-save401-final-453c221-r1	453c2218af9973b9eca8fb78392435bd9d46a740	coop-ui/human-one-failure.png	240555	2b896a8265e5772e3616d410bd2e12f27c9ec4ca6ec846e12df93f721436a4e7	bf8ed2449d14c0f3bcf00d32af4ca831885c08212be96fecc96ebd8d581ee681	native_runs_saves_replays_screenshots	retain_actual_bytes	Retain run-specific artifacts, saves, replays, frames, transport captures, screenshots and outcomes.											actual_bytes_required
/home/morgana/.codex/worktrees/assembled-allied-ai/orcs-vs-Fairies/work/ai-save401-final-453c221-r1	453c2218af9973b9eca8fb78392435bd9d46a740	coop-ui/human-two-failure.png	200524	91d2f2c9564c7d78664772119056dc4720ecbe1314e6e2e1a73b07598e4893e2	bf8ed2449d14c0f3bcf00d32af4ca831885c08212be96fecc96ebd8d581ee681	native_runs_saves_replays_screenshots	retain_actual_bytes	Retain run-specific artifacts, saves, replays, frames, transport captures, screenshots and outcomes.											actual_bytes_required
/home/morgana/.codex/worktrees/assembled-allied-ai/orcs-vs-Fairies/work/ai-save401-final-453c221-r1	453c2218af9973b9eca8fb78392435bd9d46a740	coop-ui/results.json	1402	a58fd91323986ffc7d332c4eb4e7d75bec7b941cb2f47a0935e5005b9bfa5e72	bf8ed2449d14c0f3bcf00d32af4ca831885c08212be96fecc96ebd8d581ee681	native_runs_saves_replays_screenshots	retain_actual_bytes	Retain run-specific artifacts, saves, replays, frames, transport captures, screenshots and outcomes.											actual_bytes_required
/home/morgana/.codex/worktrees/assembled-allied-ai/orcs-vs-Fairies/work/ai-save401-final-453c221-r1	453c2218af9973b9eca8fb78392435bd9d46a740	decisions.tsv	7646	da367413376866ed4f33f414fc345af01cf4a6c1bd1f82f405833caea09e2a7c	bf8ed2449d14c0f3bcf00d32af4ca831885c08212be96fecc96ebd8d581ee681	status_and_decisions	retain_actual_bytes	Retain final status and decision evidence.											actual_bytes_required
/home/morgana/.codex/worktrees/assembled-allied-ai/orcs-vs-Fairies/work/ai-save401-final-453c221-r1	453c2218af9973b9eca8fb78392435bd9d46a740	dist/assets/automata-barracks-0.json	1078	70b9f4d1387070b6406c9603a5e37cd202bd1af7dea1035cc93e56be825053c4	bf8ed2449d14c0f3bcf00d32af4ca831885c08212be96fecc96ebd8d581ee681	source_backed_public_duplicate	index_in_future_derivative_only	Sealed source asset SHA256 and bytes match this dist entry; old and new Git tree blob, mode and bytes match.	envelopes/build-web/source-before.json	eb414c0a5c82b49110c36e83c8fad83e16c35ff886560d1116511a334b52c910	public/assets/automata-barracks-0.json	70b9f4d1387070b6406c9603a5e37cd202bd1af7dea1035cc93e56be825053c4	1078	100644	8fb2032413658b856debbeeac44e0fa6fa0fa721	83941bc80ce9ec08840b0645d9b33e8018d5309a	100644	8fb2032413658b856debbeeac44e0fa6fa0fa721	sealed_sha256_size_and_both_git_trees_match
/home/morgana/.codex/worktrees/assembled-allied-ai/orcs-vs-Fairies/work/ai-save401-final-453c221-r1	453c2218af9973b9eca8fb78392435bd9d46a740	dist/assets/automata-barracks-0.png	151835	94332226d3be7a380bd1da4ed03cbbaf8ce46cef1d4859d21ab2d23cd4a0b1ad	bf8ed2449d14c0f3bcf00d32af4ca831885c08212be96fecc96ebd8d581ee681	source_backed_public_duplicate	index_in_future_derivative_only	Sealed source asset SHA256 and bytes match this dist entry; old and new Git tree blob, mode and bytes match.	envelopes/build-web/source-before.json	eb414c0a5c82b49110c36e83c8fad83e16c35ff886560d1116511a334b52c910	public/assets/automata-barracks-0.png	94332226d3be7a380bd1da4ed03cbbaf8ce46cef1d4859d21ab2d23cd4a0b1ad	151835	100644	6ee7ebe5e7e9e3e20cdcce4b3e5687ca6a6c4b0b	83941bc80ce9ec08840b0645d9b33e8018d5309a	100644	6ee7ebe5e7e9e3e20cdcce4b3e5687ca6a6c4b0b	sealed_sha256_size_and_both_git_trees_match
/home/morgana/.codex/worktrees/assembled-allied-ai/orcs-vs-Fairies/work/ai-save401-final-453c221-r1	453c2218af9973b9eca8fb78392435bd9d46a740	dist/assets/automata-cavalry-0.json	11946	ec48439b013c274335fa2295cc0f38dea0faf4b94aad19d9f92fe40d90f47acf	bf8ed2449d14c0f3bcf00d32af4ca831885c08212be96fecc96ebd8d581ee681	source_backed_public_duplicate	index_in_future_derivative_only	Sealed source asset SHA256 and bytes match this dist entry; old and new Git tree blob, mode and bytes match.	envelopes/build-web/source-before.json	eb414c0a5c82b49110c36e83c8fad83e16c35ff886560d1116511a334b52c910	public/assets/automata-cavalry-0.json	ec48439b013c274335fa2295cc0f38dea0faf4b94aad19d9f92fe40d90f47acf	11946	100644	915ae8dde9fa3496b05e990e35796abeb9caba1a	83941bc80ce9ec08840b0645d9b33e8018d5309a	100644	915ae8dde9fa3496b05e990e35796abeb9caba1a	sealed_sha256_size_and_both_git_trees_match
/home/morgana/.codex/worktrees/assembled-allied-ai/orcs-vs-Fairies/work/ai-save401-final-453c221-r1	453c2218af9973b9eca8fb78392435bd9d46a740	dist/assets/automata-cavalry-0.png	478467	636ce9f1a0af3fa2f76089edb094a6c7b06f3516f5343193735ddbaf1717dc91	bf8ed2449d14c0f3bcf00d32af4ca831885c08212be96fecc96ebd8d581ee681	source_backed_public_duplicate	index_in_future_derivative_only	Sealed source asset SHA256 and bytes match this dist entry; old and new Git tree blob, mode and bytes match.	envelopes/build-web/source-before.json	eb414c0a5c82b49110c36e83c8fad83e16c35ff886560d1116511a334b52c910	public/assets/automata-cavalry-0.png	636ce9f1a0af3fa2f76089edb094a6c7b06f3516f5343193735ddbaf1717dc91	478467	100644	9bf556b06aa6e5f2510675f89cdcb0c718b2ea05	83941bc80ce9ec08840b0645d9b33e8018d5309a	100644	9bf556b06aa6e5f2510675f89cdcb0c718b2ea05	sealed_sha256_size_and_both_git_trees_match
/home/morgana/.codex/worktrees/assembled-allied-ai/orcs-vs-Fairies/work/ai-save401-final-453c221-r1	453c2218af9973b9eca8fb78392435bd9d46a740	dist/assets/automata-cavalry-1.json	11997	58c5674215a7a55c9e49ee6360c9389f0dbed0e93b3a06e0ae7e9c19b1c58503	bf8ed2449d14c0f3bcf00d32af4ca831885c08212be96fecc96ebd8d581ee681	source_backed_public_duplicate	index_in_future_derivative_only	Sealed source asset SHA256 and bytes match this dist entry; old and new Git tree blob, mode and bytes match.	envelopes/build-web/source-before.json	eb414c0a5c82b49110c36e83c8fad83e16c35ff886560d1116511a334b52c910	public/assets/automata-cavalry-1.json	58c5674215a7a55c9e49ee6360c9389f0dbed0e93b3a06e0ae7e9c19b1c58503	11997	100644	40048576c8a75de041c97f135f64bda91895de5c	83941bc80ce9ec08840b0645d9b33e8018d5309a	100644	40048576c8a75de041c97f135f64bda91895de5c	sealed_sha256_size_and_both_git_trees_match
/home/morgana/.codex/worktrees/assembled-allied-ai/orcs-vs-Fairies/work/ai-save401-final-453c221-r1	453c2218af9973b9eca8fb78392435bd9d46a740	dist/assets/automata-cavalry-1.png	447679	df0ec6ab43375b886af3d6197b515aad5b8f65cb48ce6e7c47ebcc7e6feca93b	bf8ed2449d14c0f3bcf00d32af4ca831885c08212be96fecc96ebd8d581ee681	source_backed_public_duplicate	index_in_future_derivative_only	Sealed source asset SHA256 and bytes match this dist entry; old and new Git tree blob, mode and bytes match.	envelopes/build-web/source-before.json	eb414c0a5c82b49110c36e83c8fad83e16c35ff886560d1116511a334b52c910	public/assets/automata-cavalry-1.png	df0ec6ab43375b886af3d6197b515aad5b8f65cb48ce6e7c47ebcc7e6feca93b	447679	100644	18d9b8b447de514746618aab9dedc249f6f929a0	83941bc80ce9ec08840b0645d9b33e8018d5309a	100644	18d9b8b447de514746618aab9dedc249f6f929a0	sealed_sha256_size_and_both_git_trees_match
/home/morgana/.codex/worktrees/assembled-allied-ai/orcs-vs-Fairies/work/ai-save401-final-453c221-r1	453c2218af9973b9eca8fb78392435bd9d46a740	dist/assets/automata-cavalry-2.json	11956	a425053f25a05a9508d1dc48916ef2fabad8e5a6c84829fa72509ecde62643f2	bf8ed2449d14c0f3bcf00d32af4ca831885c08212be96fecc96ebd8d581ee681	source_backed_public_duplicate	index_in_future_derivative_only	Sealed source asset SHA256 and bytes match this dist entry; old and new Git tree blob, mode and bytes match.	envelopes/build-web/source-before.json	eb414c0a5c82b49110c36e83c8fad83e16c35ff886560d1116511a334b52c910	public/assets/automata-cavalry-2.json	a425053f25a05a9508d1dc48916ef2fabad8e5a6c84829fa72509ecde62643f2	11956	100644	fe9941aa645ec3f17ac18b0e13bb5fd7ffeadea0	83941bc80ce9ec08840b0645d9b33e8018d5309a	100644	fe9941aa645ec3f17ac18b0e13bb5fd7ffeadea0	sealed_sha256_size_and_both_git_trees_match
/home/morgana/.codex/worktrees/assembled-allied-ai/orcs-vs-Fairies/work/ai-save401-final-453c221-r1	453c2218af9973b9eca8fb78392435bd9d46a740	dist/assets/automata-cavalry-2.png	673476	f8e70839b2b8b912c8d5c0475d9a898d3746e5f06dc0af274ed46873e8103f97	bf8ed2449d14c0f3bcf00d32af4ca831885c08212be96fecc96ebd8d581ee681	source_backed_public_duplicate	index_in_future_derivative_only	Sealed source asset SHA256 and bytes match this dist entry; old and new Git tree blob, mode and bytes match.	envelopes/build-web/source-before.json	eb414c0a5c82b49110c36e83c8fad83e16c35ff886560d1116511a334b52c910	public/assets/automata-cavalry-2.png	f8e70839b2b8b912c8d5c0475d9a898d3746e5f06dc0af274ed46873e8103f97	673476	100644	0a33500bb06734833c6e4f273c9308f9a70d0bc6	83941bc80ce9ec08840b0645d9b33e8018d5309a	100644	0a33500bb06734833c6e4f273c9308f9a70d0bc6	sealed_sha256_size_and_both_git_trees_match
/home/morgana/.codex/worktrees/assembled-allied-ai/orcs-vs-Fairies/work/ai-save401-final-453c221-r1	453c2218af9973b9eca8fb78392435bd9d46a740	dist/assets/automata-depot-0.json	1053	a8d1b7c8481318df833fb6c5183195ee8a583b36903747f028ce56195d04d50c	bf8ed2449d14c0f3bcf00d32af4ca831885c08212be96fecc96ebd8d581ee681	source_backed_public_duplicate	index_in_future_derivative_only	Sealed source asset SHA256 and bytes match this dist entry; old and new Git tree blob, mode and bytes match.	envelopes/build-web/source-before.json	eb414c0a5c82b49110c36e83c8fad83e16c35ff886560d1116511a334b52c910	public/assets/automata-depot-0.json	a8d1b7c8481318df833fb6c5183195ee8a583b36903747f028ce56195d04d50c	1053	100644	0ec60f460a5d5c5757ac67ed56c0386c2fed63d5	83941bc80ce9ec08840b0645d9b33e8018d5309a	100644	0ec60f460a5d5c5757ac67ed56c0386c2fed63d5	sealed_sha256_size_and_both_git_trees_match
/home/morgana/.codex/worktrees/assembled-allied-ai/orcs-vs-Fairies/work/ai-save401-final-453c221-r1	453c2218af9973b9eca8fb78392435bd9d46a740	dist/assets/automata-depot-0.png	82550	ddf5b1d72e1cc1e4b63bf086f5513412d0ad607ffb5921040879b3b4ebd4c28f	bf8ed2449d14c0f3bcf00d32af4ca831885c08212be96fecc96ebd8d581ee681	source_backed_public_duplicate	index_in_future_derivative_only	Sealed source asset SHA256 and bytes match this dist entry; old and new Git tree blob, mode and bytes match.	envelopes/build-web/source-before.json	eb414c0a5c82b49110c36e83c8fad83e16c35ff886560d1116511a334b52c910	public/assets/automata-depot-0.png	ddf5b1d72e1cc1e4b63bf086f5513412d0ad607ffb5921040879b3b4ebd4c28f	82550	100644	9cfeb491ad0d80a0e6a41b55aca472e29346a3e2	83941bc80ce9ec08840b0645d9b33e8018d5309a	100644	9cfeb491ad0d80a0e6a41b55aca472e29346a3e2	sealed_sha256_size_and_both_git_trees_match
/home/morgana/.codex/worktrees/assembled-allied-ai/orcs-vs-Fairies/work/ai-save401-final-453c221-r1	453c2218af9973b9eca8fb78392435bd9d46a740	dist/assets/automata-gate-0.json	1229	a74f9785317d60ab3113b215c09334857c8ad099c28a1dce8f2f244c1146fe7e	bf8ed2449d14c0f3bcf00d32af4ca831885c08212be96fecc96ebd8d581ee681	source_backed_public_duplicate	index_in_future_derivative_only	Sealed source asset SHA256 and bytes match this dist entry; old and new Git tree blob, mode and bytes match.	envelopes/build-web/source-before.json	eb414c0a5c82b49110c36e83c8fad83e16c35ff886560d1116511a334b52c910	public/assets/automata-gate-0.json	a74f9785317d60ab3113b215c09334857c8ad099c28a1dce8f2f244c1146fe7e	1229	100644	b671b87bdefb1c23d030999a159681bba0f8cd58	83941bc80ce9ec08840b0645d9b33e8018d5309a	100644	b671b87bdefb1c23d030999a159681bba0f8cd58	sealed_sha256_size_and_both_git_trees_match
/home/morgana/.codex/worktrees/assembled-allied-ai/orcs-vs-Fairies/work/ai-save401-final-453c221-r1	453c2218af9973b9eca8fb78392435bd9d46a740	dist/assets/automata-gate-0.png	132628	0e89b977feff6c1a4c8c20dc6ef6f86aeb76e986be2fc87a82564d691a7c0635	bf8ed2449d14c0f3bcf00d32af4ca831885c08212be96fecc96ebd8d581ee681	source_backed_public_duplicate	index_in_future_derivative_only	Sealed source asset SHA256 and bytes match this dist entry; old and new Git tree blob, mode and bytes match.	envelopes/build-web/source-before.json	eb414c0a5c82b49110c36e83c8fad83e16c35ff886560d1116511a334b52c910	public/assets/automata-gate-0.png	0e89b977feff6c1a4c8c20dc6ef6f86aeb76e986be2fc87a82564d691a7c0635	132628	100644	fbbee8a18e3272d60ae3bb2702b933f728a672d7	83941bc80ce9ec08840b0645d9b33e8018d5309a	100644	fbbee8a18e3272d60ae3bb2702b933f728a672d7	sealed_sha256_size_and_both_git_trees_match
/home/morgana/.codex/worktrees/assembled-allied-ai/orcs-vs-Fairies/work/ai-save401-final-453c221-r1	453c2218af9973b9eca8fb78392435bd9d46a740	dist/assets/automata-hq-0.json	1042	6a7d721422f38cf29f430feede7bc9a18a19df99ef04346521dfb3ea63c0187d	bf8ed2449d14c0f3bcf00d32af4ca831885c08212be96fecc96ebd8d581ee681	source_backed_public_duplicate	index_in_future_derivative_only	Sealed source asset SHA256 and bytes match this dist entry; old and new Git tree blob, mode and bytes match.	envelopes/build-web/source-before.json	eb414c0a5c82b49110c36e83c8fad83e16c35ff886560d1116511a334b52c910	public/assets/automata-hq-0.json	6a7d721422f38cf29f430feede7bc9a18a19df99ef04346521dfb3ea63c0187d	1042	100644	be127555ebc6e015b3ccb76063e0a0106c03526d	83941bc80ce9ec08840b0645d9b33e8018d5309a	100644	be127555ebc6e015b3ccb76063e0a0106c03526d	sealed_sha256_size_and_both_git_trees_match
/home/morgana/.codex/worktrees/assembled-allied-ai/orcs-vs-Fairies/work/ai-save401-final-453c221-r1	453c2218af9973b9eca8fb78392435bd9d46a740	dist/assets/automata-hq-0.png	165881	dc4d017b44199b1cee48f1993aeaca9a9f0e9fde6d6292668636987ccd3e1420	bf8ed2449d14c0f3bcf00d32af4ca831885c08212be96fecc96ebd8d581ee681	source_backed_public_duplicate	index_in_future_derivative_only	Sealed source asset SHA256 and bytes match this dist entry; old and new Git tree blob, mode and bytes match.	envelopes/build-web/source-before.json	eb414c0a5c82b49110c36e83c8fad83e16c35ff886560d1116511a334b52c910	public/assets/automata-hq-0.png	dc4d017b44199b1cee48f1993aeaca9a9f0e9fde6d6292668636987ccd3e1420	165881	100644	92d8a385077f7b7f13e457aead5b90241efcfb71	83941bc80ce9ec08840b0645d9b33e8018d5309a	100644	92d8a385077f7b7f13e457aead5b90241efcfb71	sealed_sha256_size_and_both_git_trees_match
/home/morgana/.codex/worktrees/assembled-allied-ai/orcs-vs-Fairies/work/ai-save401-final-453c221-r1	453c2218af9973b9eca8fb78392435bd9d46a740	dist/assets/automata-melee-0.json	18099	46e803ed7636f75916076aa571aea8d554ca6c3f69dd1f44fc460626399cf836	bf8ed2449d14c0f3bcf00d32af4ca831885c08212be96fecc96ebd8d581ee681	source_backed_public_duplicate	index_in_future_derivative_only	Sealed source asset SHA256 and bytes match this dist entry; old and new Git tree blob, mode and bytes match.	envelopes/build-web/source-before.json	eb414c0a5c82b49110c36e83c8fad83e16c35ff886560d1116511a334b52c910	public/assets/automata-melee-0.json	46e803ed7636f75916076aa571aea8d554ca6c3f69dd1f44fc460626399cf836	18099	100644	9236eab8bedb805bd1d7fe192d83060f4e3e0ad8	83941bc80ce9ec08840b0645d9b33e8018d5309a	100644	9236eab8bedb805bd1d7fe192d83060f4e3e0ad8	sealed_sha256_size_and_both_git_trees_match
/home/morgana/.codex/worktrees/assembled-allied-ai/orcs-vs-Fairies/work/ai-save401-final-453c221-r1	453c2218af9973b9eca8fb78392435bd9d46a740	dist/assets/automata-melee-0.png	560226	399356ab33452e5a16c1539f31dbdb545992d2b6eb54304c7910b3362c66ce1a	bf8ed2449d14c0f3bcf00d32af4ca831885c08212be96fecc96ebd8d581ee681	source_backed_public_duplicate	index_in_future_derivative_only	Sealed source asset SHA256 and bytes match this dist entry; old and new Git tree blob, mode and bytes match.	envelopes/build-web/source-before.json	eb414c0a5c82b49110c36e83c8fad83e16c35ff886560d1116511a334b52c910	public/assets/automata-melee-0.png	399356ab33452e5a16c1539f31dbdb545992d2b6eb54304c7910b3362c66ce1a	560226	100644	0b2e2edd830d81ec633b0c54c16046e332988cd3	83941bc80ce9ec08840b0645d9b33e8018d5309a	100644	0b2e2edd830d81ec633b0c54c16046e332988cd3	sealed_sha256_size_and_both_git_trees_match
/home/morgana/.codex/worktrees/assembled-allied-ai/orcs-vs-Fairies/work/ai-save401-final-453c221-r1	453c2218af9973b9eca8fb78392435bd9d46a740	dist/assets/automata-melee-1.json	16791	4bd3c5b9dfd3d806cbb5db0486f4ebe25a7637d8a32e29d74ce0e522979f2be2	bf8ed2449d14c0f3bcf00d32af4ca831885c08212be96fecc96ebd8d581ee681	source_backed_public_duplicate	index_in_future_derivative_only	Sealed source asset SHA256 and bytes match this dist entry; old and new Git tree blob, mode and bytes match.	envelopes/build-web/source-before.json	eb414c0a5c82b49110c36e83c8fad83e16c35ff886560d1116511a334b52c910	public/assets/automata-melee-1.json	4bd3c5b9dfd3d806cbb5db0486f4ebe25a7637d8a32e29d74ce0e522979f2be2	16791	100644	836c4d89dcf81ec6dc2624992cf7310d49b54af0	83941bc80ce9ec08840b0645d9b33e8018d5309a	100644	836c4d89dcf81ec6dc2624992cf7310d49b54af0	sealed_sha256_size_and_both_git_trees_match
/home/morgana/.codex/worktrees/assembled-allied-ai/orcs-vs-Fairies/work/ai-save401-final-453c221-r1	453c2218af9973b9eca8fb78392435bd9d46a740	dist/assets/automata-melee-1.png	590134	3fc12bff7883f338276696ff725b2c90cdd7905cfc334eeb9e818ad77011bf3a	bf8ed2449d14c0f3bcf00d32af4ca831885c08212be96fecc96ebd8d581ee681	source_backed_public_duplicate	index_in_future_derivative_only	Sealed source asset SHA256 and bytes match this dist entry; old and new Git tree blob, mode and bytes match.	envelopes/build-web/source-before.json	eb414c0a5c82b49110c36e83c8fad83e16c35ff886560d1116511a334b52c910	public/assets/automata-melee-1.png	3fc12bff7883f338276696ff725b2c90cdd7905cfc334eeb9e818ad77011bf3a	590134	100644	4a7490983a457b50150c096b0551bde4eb9077d5	83941bc80ce9ec08840b0645d9b33e8018d5309a	100644	4a7490983a457b50150c096b0551bde4eb9077d5	sealed_sha256_size_and_both_git_trees_match
/home/morgana/.codex/worktrees/assembled-allied-ai/orcs-vs-Fairies/work/ai-save401-final-453c221-r1	453c2218af9973b9eca8fb78392435bd9d46a740	dist/assets/automata-ranged-0.json	18200	321abfa391fac2090e74a71627811e08c703f1571a17f3a088c0612dddbb7f57	bf8ed2449d14c0f3bcf00d32af4ca831885c08212be96fecc96ebd8d581ee681	source_backed_public_duplicate	index_in_future_derivative_only	Sealed source asset SHA256 and bytes match this dist entry; old and new Git tree blob, mode and bytes match.	envelopes/build-web/source-before.json	eb414c0a5c82b49110c36e83c8fad83e16c35ff886560d1116511a334b52c910	public/assets/automata-ranged-0.json	321abfa391fac2090e74a71627811e08c703f1571a17f3a088c0612dddbb7f57	18200	100644	25f025053c2c5109132ceaf7a86a3802e7afd4e6	83941bc80ce9ec08840b0645d9b33e8018d5309a	100644	25f025053c2c5109132ceaf7a86a3802e7afd4e6	sealed_sha256_size_and_both_git_trees_match
/home/morgana/.codex/worktrees/assembled-allied-ai/orcs-vs-Fairies/work/ai-save401-final-453c221-r1	453c2218af9973b9eca8fb78392435bd9d46a740	dist/assets/automata-ranged-0.png	502302	96c368a4e3399a1439b5de8c16da72ed11f3c86c6db67541d400d11cb11ca1a6	bf8ed2449d14c0f3bcf00d32af4ca831885c08212be96fecc96ebd8d581ee681	source_backed_public_duplicate	index_in_future_derivative_only	Sealed source asset SHA256 and bytes match this dist entry; old and new Git tree blob, mode and bytes match.	envelopes/build-web/source-before.json	eb414c0a5c82b49110c36e83c8fad83e16c35ff886560d1116511a334b52c910	public/assets/automata-ranged-0.png	96c368a4e3399a1439b5de8c16da72ed11f3c86c6db67541d400d11cb11ca1a6	502302	100644	9c181dcd12f9f54b37062e5178f646a117a18e7c	83941bc80ce9ec08840b0645d9b33e8018d5309a	100644	9c181dcd12f9f54b37062e5178f646a117a18e7c	sealed_sha256_size_and_both_git_trees_match
/home/morgana/.codex/worktrees/assembled-allied-ai/orcs-vs-Fairies/work/ai-save401-final-453c221-r1	453c2218af9973b9eca8fb78392435bd9d46a740	dist/assets/automata-ranged-1.json	16875	99506af608431738467c49d15b0512f787f079c4cf045de4ae6099cfdc1b171a	bf8ed2449d14c0f3bcf00d32af4ca831885c08212be96fecc96ebd8d581ee681	source_backed_public_duplicate	index_in_future_derivative_only	Sealed source asset SHA256 and bytes match this dist entry; old and new Git tree blob, mode and bytes match.	envelopes/build-web/source-before.json	eb414c0a5c82b49110c36e83c8fad83e16c35ff886560d1116511a334b52c910	public/assets/automata-ranged-1.json	99506af608431738467c49d15b0512f787f079c4cf045de4ae6099cfdc1b171a	16875	100644	5509c1b1c86ad64232393a914ca72fb00606e3d3	83941bc80ce9ec08840b0645d9b33e8018d5309a	100644	5509c1b1c86ad64232393a914ca72fb00606e3d3	sealed_sha256_size_and_both_git_trees_match
/home/morgana/.codex/worktrees/assembled-allied-ai/orcs-vs-Fairies/work/ai-save401-final-453c221-r1	453c2218af9973b9eca8fb78392435bd9d46a740	dist/assets/automata-ranged-1.png	509322	da2fe55f331d07907fddfdec92692fed8d970c218882e49820b628b3c20c1cc4	bf8ed2449d14c0f3bcf00d32af4ca831885c08212be96fecc96ebd8d581ee681	source_backed_public_duplicate	index_in_future_derivative_only	Sealed source asset SHA256 and bytes match this dist entry; old and new Git tree blob, mode and bytes match.	envelopes/build-web/source-before.json	eb414c0a5c82b49110c36e83c8fad83e16c35ff886560d1116511a334b52c910	public/assets/automata-ranged-1.png	da2fe55f331d07907fddfdec92692fed8d970c218882e49820b628b3c20c1cc4	509322	100644	059b159bf89fd789dab58a36eb550e51eb8f5c3c	83941bc80ce9ec08840b0645d9b33e8018d5309a	100644	059b159bf89fd789dab58a36eb550e51eb8f5c3c	sealed_sha256_size_and_both_git_trees_match
/home/morgana/.codex/worktrees/assembled-allied-ai/orcs-vs-Fairies/work/ai-save401-final-453c221-r1	453c2218af9973b9eca8fb78392435bd9d46a740	dist/assets/automata-siege-0.json	11839	e66dbde3d7045aa2d70043e3711cb4231f2a5c259df2d0ee2499dbc1d995a87e	bf8ed2449d14c0f3bcf00d32af4ca831885c08212be96fecc96ebd8d581ee681	source_backed_public_duplicate	index_in_future_derivative_only	Sealed source asset SHA256 and bytes match this dist entry; old and new Git tree blob, mode and bytes match.	envelopes/build-web/source-before.json	eb414c0a5c82b49110c36e83c8fad83e16c35ff886560d1116511a334b52c910	public/assets/automata-siege-0.json	e66dbde3d7045aa2d70043e3711cb4231f2a5c259df2d0ee2499dbc1d995a87e	11839	100644	34cdf738c915938fb1866798467f4dd251241dd1	83941bc80ce9ec08840b0645d9b33e8018d5309a	100644	34cdf738c915938fb1866798467f4dd251241dd1	sealed_sha256_size_and_both_git_trees_match
/home/morgana/.codex/worktrees/assembled-allied-ai/orcs-vs-Fairies/work/ai-save401-final-453c221-r1	453c2218af9973b9eca8fb78392435bd9d46a740	dist/assets/automata-siege-0.png	614799	7d5bd66f0e63a5ce4623c9db75bd290b4f9eb3d7e469ddff00de38daca3e8cf5	bf8ed2449d14c0f3bcf00d32af4ca831885c08212be96fecc96ebd8d581ee681	source_backed_public_duplicate	index_in_future_derivative_only	Sealed source asset SHA256 and bytes match this dist entry; old and new Git tree blob, mode and bytes match.	envelopes/build-web/source-before.json	eb414c0a5c82b49110c36e83c8fad83e16c35ff886560d1116511a334b52c910	public/assets/automata-siege-0.png	7d5bd66f0e63a5ce4623c9db75bd290b4f9eb3d7e469ddff00de38daca3e8cf5	614799	100644	2fc68dd1b4c4233399f647c95f90c47505ed7254	83941bc80ce9ec08840b0645d9b33e8018d5309a	100644	2fc68dd1b4c4233399f647c95f90c47505ed7254	sealed_sha256_size_and_both_git_trees_match
/home/morgana/.codex/worktrees/assembled-allied-ai/orcs-vs-Fairies/work/ai-save401-final-453c221-r1	453c2218af9973b9eca8fb78392435bd9d46a740	dist/assets/automata-siege-1.json	11909	c1c639d6ee3ff1cc9bb5c1d3f92beab763a22aecadf68e0067683b9494b0736e	bf8ed2449d14c0f3bcf00d32af4ca831885c08212be96fecc96ebd8d581ee681	source_backed_public_duplicate	index_in_future_derivative_only	Sealed source asset SHA256 and bytes match this dist entry; old and new Git tree blob, mode and bytes match.	envelopes/build-web/source-before.json	eb414c0a5c82b49110c36e83c8fad83e16c35ff886560d1116511a334b52c910	public/assets/automata-siege-1.json	c1c639d6ee3ff1cc9bb5c1d3f92beab763a22aecadf68e0067683b9494b0736e	11909	100644	1bb9287a97bf8c3ac1bd7fd5cc5be4c3d560d3dc	83941bc80ce9ec08840b0645d9b33e8018d5309a	100644	1bb9287a97bf8c3ac1bd7fd5cc5be4c3d560d3dc	sealed_sha256_size_and_both_git_trees_match
/home/morgana/.codex/worktrees/assembled-allied-ai/orcs-vs-Fairies/work/ai-save401-final-453c221-r1	453c2218af9973b9eca8fb78392435bd9d46a740	dist/assets/automata-siege-1.png	594588	fa65ba0e63e008ff36c7ce84a8f48e5fbc3e80212bbe790978aaf463deb6b90a	bf8ed2449d14c0f3bcf00d32af4ca831885c08212be96fecc96ebd8d581ee681	source_backed_public_duplicate	index_in_future_derivative_only	Sealed source asset SHA256 and bytes match this dist entry; old and new Git tree blob, mode and bytes match.	envelopes/build-web/source-before.json	eb414c0a5c82b49110c36e83c8fad83e16c35ff886560d1116511a334b52c910	public/assets/automata-siege-1.png	fa65ba0e63e008ff36c7ce84a8f48e5fbc3e80212bbe790978aaf463deb6b90a	594588	100644	c376b54cc5eb0b715e7ca3f2a8c0ff9d71484480	83941bc80ce9ec08840b0645d9b33e8018d5309a	100644	c376b54cc5eb0b715e7ca3f2a8c0ff9d71484480	sealed_sha256_size_and_both_git_trees_match
/home/morgana/.codex/worktrees/assembled-allied-ai/orcs-vs-Fairies/work/ai-save401-final-453c221-r1	453c2218af9973b9eca8fb78392435bd9d46a740	dist/assets/automata-siege-2.json	11878	61f2a6d633f6b392afd0b00b7824a6961606e25dae5cf07570ccfd49791e4b77	bf8ed2449d14c0f3bcf00d32af4ca831885c08212be96fecc96ebd8d581ee681	source_backed_public_duplicate	index_in_future_derivative_only	Sealed source asset SHA256 and bytes match this dist entry; old and new Git tree blob, mode and bytes match.	envelopes/build-web/source-before.json	eb414c0a5c82b49110c36e83c8fad83e16c35ff886560d1116511a334b52c910	public/assets/automata-siege-2.json	61f2a6d633f6b392afd0b00b7824a6961606e25dae5cf07570ccfd49791e4b77	11878	100644	ee2ab3e877ac9918767250eb0ff9065e46423266	83941bc80ce9ec08840b0645d9b33e8018d5309a	100644	ee2ab3e877ac9918767250eb0ff9065e46423266	sealed_sha256_size_and_both_git_trees_match
/home/morgana/.codex/worktrees/assembled-allied-ai/orcs-vs-Fairies/work/ai-save401-final-453c221-r1	453c2218af9973b9eca8fb78392435bd9d46a740	dist/assets/automata-siege-2.png	945428	17a8ba932e2a017838d95c781d095747b398407899c3d935f71428e8c8d17429	bf8ed2449d14c0f3bcf00d32af4ca831885c08212be96fecc96ebd8d581ee681	source_backed_public_duplicate	index_in_future_derivative_only	Sealed source asset SHA256 and bytes match this dist entry; old and new Git tree blob, mode and bytes match.	envelopes/build-web/source-before.json	eb414c0a5c82b49110c36e83c8fad83e16c35ff886560d1116511a334b52c910	public/assets/automata-siege-2.png	17a8ba932e2a017838d95c781d095747b398407899c3d935f71428e8c8d17429	945428	100644	b0ce2147f9f6361b62bbeb73a90c0601e035e310	83941bc80ce9ec08840b0645d9b33e8018d5309a	100644	b0ce2147f9f6361b62bbeb73a90c0601e035e310	sealed_sha256_size_and_both_git_trees_match
/home/morgana/.codex/worktrees/assembled-allied-ai/orcs-vs-Fairies/work/ai-save401-final-453c221-r1	453c2218af9973b9eca8fb78392435bd9d46a740	dist/assets/automata-spear-0.json	11747	f71e9a43071cb47b2b01c239a635bda316a7b853b18d4738bb8173c397dd076e	bf8ed2449d14c0f3bcf00d32af4ca831885c08212be96fecc96ebd8d581ee681	source_backed_public_duplicate	index_in_future_derivative_only	Sealed source asset SHA256 and bytes match this dist entry; old and new Git tree blob, mode and bytes match.	envelopes/build-web/source-before.json	eb414c0a5c82b49110c36e83c8fad83e16c35ff886560d1116511a334b52c910	public/assets/automata-spear-0.json	f71e9a43071cb47b2b01c239a635bda316a7b853b18d4738bb8173c397dd076e	11747	100644	ce959845d501bea5d1c6154c3199eed0c1876046	83941bc80ce9ec08840b0645d9b33e8018d5309a	100644	ce959845d501bea5d1c6154c3199eed0c1876046	sealed_sha256_size_and_both_git_trees_match
/home/morgana/.codex/worktrees/assembled-allied-ai/orcs-vs-Fairies/work/ai-save401-final-453c221-r1	453c2218af9973b9eca8fb78392435bd9d46a740	dist/assets/automata-spear-0.png	382800	27ae2e2df44d766adc903fe1136abf50cd9a7567cc92732e3edb89f3bc56ad96	bf8ed2449d14c0f3bcf00d32af4ca831885c08212be96fecc96ebd8d581ee681	source_backed_public_duplicate	index_in_future_derivative_only	Sealed source asset SHA256 and bytes match this dist entry; old and new Git tree blob, mode and bytes match.	envelopes/build-web/source-before.json	eb414c0a5c82b49110c36e83c8fad83e16c35ff886560d1116511a334b52c910	public/assets/automata-spear-0.png	27ae2e2df44d766adc903fe1136abf50cd9a7567cc92732e3edb89f3bc56ad96	382800	100644	9c4bcb8e49f3618b67103862dce3578d728612e0	83941bc80ce9ec08840b0645d9b33e8018d5309a	100644	9c4bcb8e49f3618b67103862dce3578d728612e0	sealed_sha256_size_and_both_git_trees_match
/home/morgana/.codex/worktrees/assembled-allied-ai/orcs-vs-Fairies/work/ai-save401-final-453c221-r1	453c2218af9973b9eca8fb78392435bd9d46a740	dist/assets/automata-spear-1.json	11808	a7f3c4f4591015934768433b112ee88fc079de0c2f5462d5f2540292e176586b	bf8ed2449d14c0f3bcf00d32af4ca831885c08212be96fecc96ebd8d581ee681	source_backed_public_duplicate	index_in_future_derivative_only	Sealed source asset SHA256 and bytes match this dist entry; old and new Git tree blob, mode and bytes match.	envelopes/build-web/source-before.json	eb414c0a5c82b49110c36e83c8fad83e16c35ff886560d1116511a334b52c910	public/assets/automata-spear-1.json	a7f3c4f4591015934768433b112ee88fc079de0c2f5462d5f2540292e176586b	11808	100644	fabc68c2161b40ab3b47dee1ecebb03e031d06fa	83941bc80ce9ec08840b0645d9b33e8018d5309a	100644	fabc68c2161b40ab3b47dee1ecebb03e031d06fa	sealed_sha256_size_and_both_git_trees_match
/home/morgana/.codex/worktrees/assembled-allied-ai/orcs-vs-Fairies/work/ai-save401-final-453c221-r1	453c2218af9973b9eca8fb78392435bd9d46a740	dist/assets/automata-spear-1.png	348476	e882f54b1c2bc986ce6d122747c7fe9b81cd435c4e6e6b00eb3f8482533d235c	bf8ed2449d14c0f3bcf00d32af4ca831885c08212be96fecc96ebd8d581ee681	source_backed_public_duplicate	index_in_future_derivative_only	Sealed source asset SHA256 and bytes match this dist entry; old and new Git tree blob, mode and bytes match.	envelopes/build-web/source-before.json	eb414c0a5c82b49110c36e83c8fad83e16c35ff886560d1116511a334b52c910	public/assets/automata-spear-1.png	e882f54b1c2bc986ce6d122747c7fe9b81cd435c4e6e6b00eb3f8482533d235c	348476	100644	8610a82b52956da9aca7e2bb4917dd1c53ec36da	83941bc80ce9ec08840b0645d9b33e8018d5309a	100644	8610a82b52956da9aca7e2bb4917dd1c53ec36da	sealed_sha256_size_and_both_git_trees_match
/home/morgana/.codex/worktrees/assembled-allied-ai/orcs-vs-Fairies/work/ai-save401-final-453c221-r1	453c2218af9973b9eca8fb78392435bd9d46a740	dist/assets/automata-spear-2.json	11812	bf7c1ede8a249e756ef66af74087630b1e78061a76fa9322f938812ee3914b6b	bf8ed2449d14c0f3bcf00d32af4ca831885c08212be96fecc96ebd8d581ee681	source_backed_public_duplicate	index_in_future_derivative_only	Sealed source asset SHA256 and bytes match this dist entry; old and new Git tree blob, mode and bytes match.	envelopes/build-web/source-before.json	eb414c0a5c82b49110c36e83c8fad83e16c35ff886560d1116511a334b52c910	public/assets/automata-spear-2.json	bf7c1ede8a249e756ef66af74087630b1e78061a76fa9322f938812ee3914b6b	11812	100644	29016704a0eb73e06ba102eed195443ab5982b1b	83941bc80ce9ec08840b0645d9b33e8018d5309a	100644	29016704a0eb73e06ba102eed195443ab5982b1b	sealed_sha256_size_and_both_git_trees_match
/home/morgana/.codex/worktrees/assembled-allied-ai/orcs-vs-Fairies/work/ai-save401-final-453c221-r1	453c2218af9973b9eca8fb78392435bd9d46a740	dist/assets/automata-spear-2.png	538564	805ea88baff318d8beec8dcd6cb7703a73bc82588e853d3a34d85472e2f45964	bf8ed2449d14c0f3bcf00d32af4ca831885c08212be96fecc96ebd8d581ee681	source_backed_public_duplicate	index_in_future_derivative_only	Sealed source asset SHA256 and bytes match this dist entry; old and new Git tree blob, mode and bytes match.	envelopes/build-web/source-before.json	eb414c0a5c82b49110c36e83c8fad83e16c35ff886560d1116511a334b52c910	public/assets/automata-spear-2.png	805ea88baff318d8beec8dcd6cb7703a73bc82588e853d3a34d85472e2f45964	538564	100644	3dff2145968b450cef9a42fe809d348a89616b67	83941bc80ce9ec08840b0645d9b33e8018d5309a	100644	3dff2145968b450cef9a42fe809d348a89616b67	sealed_sha256_size_and_both_git_trees_match
/home/morgana/.codex/worktrees/assembled-allied-ai/orcs-vs-Fairies/work/ai-save401-final-453c221-r1	453c2218af9973b9eca8fb78392435bd9d46a740	dist/assets/automata-special-0.json	18405	9b107adce7b6df36eb8406bd249417e84f6db6600b242a12250d85c02de2ed66	bf8ed2449d14c0f3bcf00d32af4ca831885c08212be96fecc96ebd8d581ee681	source_backed_public_duplicate	index_in_future_derivative_only	Sealed source asset SHA256 and bytes match this dist entry; old and new Git tree blob, mode and bytes match.	envelopes/build-web/source-before.json	eb414c0a5c82b49110c36e83c8fad83e16c35ff886560d1116511a334b52c910	public/assets/automata-special-0.json	9b107adce7b6df36eb8406bd249417e84f6db6600b242a12250d85c02de2ed66	18405	100644	3724b53eac32c50f294853a348203c518aa61e35	83941bc80ce9ec08840b0645d9b33e8018d5309a	100644	3724b53eac32c50f294853a348203c518aa61e35	sealed_sha256_size_and_both_git_trees_match
/home/morgana/.codex/worktrees/assembled-allied-ai/orcs-vs-Fairies/work/ai-save401-final-453c221-r1	453c2218af9973b9eca8fb78392435bd9d46a740	dist/assets/automata-special-0.png	834919	455397925866e6eb42d3b755bcfa61b5c15518d6cc63cc1eb9996297e8fd88c1	bf8ed2449d14c0f3bcf00d32af4ca831885c08212be96fecc96ebd8d581ee681	source_backed_public_duplicate	index_in_future_derivative_only	Sealed source asset SHA256 and bytes match this dist entry; old and new Git tree blob, mode and bytes match.	envelopes/build-web/source-before.json	eb414c0a5c82b49110c36e83c8fad83e16c35ff886560d1116511a334b52c910	public/assets/automata-special-0.png	455397925866e6eb42d3b755bcfa61b5c15518d6cc63cc1eb9996297e8fd88c1	834919	100644	878d0c7d61b9c20f98ec008d9c3d8a41ca22c794	83941bc80ce9ec08840b0645d9b33e8018d5309a	100644	878d0c7d61b9c20f98ec008d9c3d8a41ca22c794	sealed_sha256_size_and_both_git_trees_match
/home/morgana/.codex/worktrees/assembled-allied-ai/orcs-vs-Fairies/work/ai-save401-final-453c221-r1	453c2218af9973b9eca8fb78392435bd9d46a740	dist/assets/automata-special-1.json	17080	39d06bf4c75996ba22f4c5ce7e3c5b7a2464569fa624c2dc776053638e23c8b9	bf8ed2449d14c0f3bcf00d32af4ca831885c08212be96fecc96ebd8d581ee681	source_backed_public_duplicate	index_in_future_derivative_only	Sealed source asset SHA256 and bytes match this dist entry; old and new Git tree blob, mode and bytes match.	envelopes/build-web/source-before.json	eb414c0a5c82b49110c36e83c8fad83e16c35ff886560d1116511a334b52c910	public/assets/automata-special-1.json	39d06bf4c75996ba22f4c5ce7e3c5b7a2464569fa624c2dc776053638e23c8b9	17080	100644	65cecc92f28bc934f7f46fb7b46d03b97ae0bcdf	83941bc80ce9ec08840b0645d9b33e8018d5309a	100644	65cecc92f28bc934f7f46fb7b46d03b97ae0bcdf	sealed_sha256_size_and_both_git_trees_match
/home/morgana/.codex/worktrees/assembled-allied-ai/orcs-vs-Fairies/work/ai-save401-final-453c221-r1	453c2218af9973b9eca8fb78392435bd9d46a740	dist/assets/automata-special-1.png	890003	4a212608c6d9ac1ae8deb44c87d9ba44a27ea43aa4c681c39654565949b929c9	bf8ed2449d14c0f3bcf00d32af4ca831885c08212be96fecc96ebd8d581ee681	source_backed_public_duplicate	index_in_future_derivative_only	Sealed source asset SHA256 and bytes match this dist entry; old and new Git tree blob, mode and bytes match.	envelopes/build-web/source-before.json	eb414c0a5c82b49110c36e83c8fad83e16c35ff886560d1116511a334b52c910	public/assets/automata-special-1.png	4a212608c6d9ac1ae8deb44c87d9ba44a27ea43aa4c681c39654565949b929c9	890003	100644	8b3af05a33aa0457836ac12c05a57313aa7fabc1	83941bc80ce9ec08840b0645d9b33e8018d5309a	100644	8b3af05a33aa0457836ac12c05a57313aa7fabc1	sealed_sha256_size_and_both_git_trees_match
/home/morgana/.codex/worktrees/assembled-allied-ai/orcs-vs-Fairies/work/ai-save401-final-453c221-r1	453c2218af9973b9eca8fb78392435bd9d46a740	dist/assets/automata-tower-0.json	1053	fb2410e5c6cc07a375a89349d96d0d327327271e82eeabc744a3cb33cc511a06	bf8ed2449d14c0f3bcf00d32af4ca831885c08212be96fecc96ebd8d581ee681	source_backed_public_duplicate	index_in_future_derivative_only	Sealed source asset SHA256 and bytes match this dist entry; old and new Git tree blob, mode and bytes match.	envelopes/build-web/source-before.json	eb414c0a5c82b49110c36e83c8fad83e16c35ff886560d1116511a334b52c910	public/assets/automata-tower-0.json	fb2410e5c6cc07a375a89349d96d0d327327271e82eeabc744a3cb33cc511a06	1053	100644	9340e8fb2ceb010f922480b70bb2a32e88aed887	83941bc80ce9ec08840b0645d9b33e8018d5309a	100644	9340e8fb2ceb010f922480b70bb2a32e88aed887	sealed_sha256_size_and_both_git_trees_match
/home/morgana/.codex/worktrees/assembled-allied-ai/orcs-vs-Fairies/work/ai-save401-final-453c221-r1	453c2218af9973b9eca8fb78392435bd9d46a740	dist/assets/automata-tower-0.png	77540	47743ef45a68157e0ec1e386f50738dc6ab7c703335dc67469adac90ddb8e2da	bf8ed2449d14c0f3bcf00d32af4ca831885c08212be96fecc96ebd8d581ee681	source_backed_public_duplicate	index_in_future_derivative_only	Sealed source asset SHA256 and bytes match this dist entry; old and new Git tree blob, mode and bytes match.	envelopes/build-web/source-before.json	eb414c0a5c82b49110c36e83c8fad83e16c35ff886560d1116511a334b52c910	public/assets/automata-tower-0.png	47743ef45a68157e0ec1e386f50738dc6ab7c703335dc67469adac90ddb8e2da	77540	100644	d76894f942af94a50a2c2ae4a13b63a645f6901f	83941bc80ce9ec08840b0645d9b33e8018d5309a	100644	d76894f942af94a50a2c2ae4a13b63a645f6901f	sealed_sha256_size_and_both_git_trees_match
/home/morgana/.codex/worktrees/assembled-allied-ai/orcs-vs-Fairies/work/ai-save401-final-453c221-r1	453c2218af9973b9eca8fb78392435bd9d46a740	dist/assets/automata-wall-0.json	1031	7a31cf3763d70480970699cd3002aec89d03d48cd1ac698cd515f2643d64f4c1	bf8ed2449d14c0f3bcf00d32af4ca831885c08212be96fecc96ebd8d581ee681	source_backed_public_duplicate	index_in_future_derivative_only	Sealed source asset SHA256 and bytes match this dist entry; old and new Git tree blob, mode and bytes match.	envelopes/build-web/source-before.json	eb414c0a5c82b49110c36e83c8fad83e16c35ff886560d1116511a334b52c910	public/assets/automata-wall-0.json	7a31cf3763d70480970699cd3002aec89d03d48cd1ac698cd515f2643d64f4c1	1031	100644	2dcd6cc25d4f176980263782bf0077d4bd29c7f2	83941bc80ce9ec08840b0645d9b33e8018d5309a	100644	2dcd6cc25d4f176980263782bf0077d4bd29c7f2	sealed_sha256_size_and_both_git_trees_match
/home/morgana/.codex/worktrees/assembled-allied-ai/orcs-vs-Fairies/work/ai-save401-final-453c221-r1	453c2218af9973b9eca8fb78392435bd9d46a740	dist/assets/automata-wall-0.png	59240	15af8ea52b07b5c86154083521bdfd519a87edc9719d1bd59a6440b8e8ab697c	bf8ed2449d14c0f3bcf00d32af4ca831885c08212be96fecc96ebd8d581ee681	source_backed_public_duplicate	index_in_future_derivative_only	Sealed source asset SHA256 and bytes match this dist entry; old and new Git tree blob, mode and bytes match.	envelopes/build-web/source-before.json	eb414c0a5c82b49110c36e83c8fad83e16c35ff886560d1116511a334b52c910	public/assets/automata-wall-0.png	15af8ea52b07b5c86154083521bdfd519a87edc9719d1bd59a6440b8e8ab697c	59240	100644	9f51cd6a9f05de2a817d10a842eea4f9b7be7ddd	83941bc80ce9ec08840b0645d9b33e8018d5309a	100644	9f51cd6a9f05de2a817d10a842eea4f9b7be7ddd	sealed_sha256_size_and_both_git_trees_match
/home/morgana/.codex/worktrees/assembled-allied-ai/orcs-vs-Fairies/work/ai-save401-final-453c221-r1	453c2218af9973b9eca8fb78392435bd9d46a740	dist/assets/automata-worker-0.json	18200	da40677719e3b4e46ec2b88722088ef9329597f94e1fe586f6f2df3e126c436a	bf8ed2449d14c0f3bcf00d32af4ca831885c08212be96fecc96ebd8d581ee681	source_backed_public_duplicate	index_in_future_derivative_only	Sealed source asset SHA256 and bytes match this dist entry; old and new Git tree blob, mode and bytes match.	envelopes/build-web/source-before.json	eb414c0a5c82b49110c36e83c8fad83e16c35ff886560d1116511a334b52c910	public/assets/automata-worker-0.json	da40677719e3b4e46ec2b88722088ef9329597f94e1fe586f6f2df3e126c436a	18200	100644	d61240c12fc2dd88ffd1b29f41dd7156ab8d50a2	83941bc80ce9ec08840b0645d9b33e8018d5309a	100644	d61240c12fc2dd88ffd1b29f41dd7156ab8d50a2	sealed_sha256_size_and_both_git_trees_match
/home/morgana/.codex/worktrees/assembled-allied-ai/orcs-vs-Fairies/work/ai-save401-final-453c221-r1	453c2218af9973b9eca8fb78392435bd9d46a740	dist/assets/automata-worker-0.png	459977	c2599cad58be8f7042c16d3c1c81712b132f43d1b967235c2b4d51c06e092448	bf8ed2449d14c0f3bcf00d32af4ca831885c08212be96fecc96ebd8d581ee681	source_backed_public_duplicate	index_in_future_derivative_only	Sealed source asset SHA256 and bytes match this dist entry; old and new Git tree blob, mode and bytes match.	envelopes/build-web/source-before.json	eb414c0a5c82b49110c36e83c8fad83e16c35ff886560d1116511a334b52c910	public/assets/automata-worker-0.png	c2599cad58be8f7042c16d3c1c81712b132f43d1b967235c2b4d51c06e092448	459977	100644	ca44c53737db5230f003528c96602065fb272327	83941bc80ce9ec08840b0645d9b33e8018d5309a	100644	ca44c53737db5230f003528c96602065fb272327	sealed_sha256_size_and_both_git_trees_match
/home/morgana/.codex/worktrees/assembled-allied-ai/orcs-vs-Fairies/work/ai-save401-final-453c221-r1	453c2218af9973b9eca8fb78392435bd9d46a740	dist/assets/automata-worker-1.json	16887	9682314f9d1e04f0f6d8d7b5eeadeed02880f89fef710f032408f022149f94b9	bf8ed2449d14c0f3bcf00d32af4ca831885c08212be96fecc96ebd8d581ee681	source_backed_public_duplicate	index_in_future_derivative_only	Sealed source asset SHA256 and bytes match this dist entry; old and new Git tree blob, mode and bytes match.	envelopes/build-web/source-before.json	eb414c0a5c82b49110c36e83c8fad83e16c35ff886560d1116511a334b52c910	public/assets/automata-worker-1.json	9682314f9d1e04f0f6d8d7b5eeadeed02880f89fef710f032408f022149f94b9	16887	100644	cd07a087798139d01f5133917a4de140c9a96935	83941bc80ce9ec08840b0645d9b33e8018d5309a	100644	cd07a087798139d01f5133917a4de140c9a96935	sealed_sha256_size_and_both_git_trees_match
/home/morgana/.codex/worktrees/assembled-allied-ai/orcs-vs-Fairies/work/ai-save401-final-453c221-r1	453c2218af9973b9eca8fb78392435bd9d46a740	dist/assets/automata-worker-1.png	526894	0f9cf1b9d338b79ed3eae76d4600701f9ab18d8b45ef342c39b96127034f85d2	bf8ed2449d14c0f3bcf00d32af4ca831885c08212be96fecc96ebd8d581ee681	source_backed_public_duplicate	index_in_future_derivative_only	Sealed source asset SHA256 and bytes match this dist entry; old and new Git tree blob, mode and bytes match.	envelopes/build-web/source-before.json	eb414c0a5c82b49110c36e83c8fad83e16c35ff886560d1116511a334b52c910	public/assets/automata-worker-1.png	0f9cf1b9d338b79ed3eae76d4600701f9ab18d8b45ef342c39b96127034f85d2	526894	100644	0dd5ffcc5aed0d804328410a6dc1284b07118b02	83941bc80ce9ec08840b0645d9b33e8018d5309a	100644	0dd5ffcc5aed0d804328410a6dc1284b07118b02	sealed_sha256_size_and_both_git_trees_match
/home/morgana/.codex/worktrees/assembled-allied-ai/orcs-vs-Fairies/work/ai-save401-final-453c221-r1	453c2218af9973b9eca8fb78392435bd9d46a740	dist/assets/crystal.png	5732	dec66998267d66464e2118f90d018ed8a18d014587bf536a1466ab3fed4434cf	bf8ed2449d14c0f3bcf00d32af4ca831885c08212be96fecc96ebd8d581ee681	source_backed_public_duplicate	index_in_future_derivative_only	Sealed source asset SHA256 and bytes match this dist entry; old and new Git tree blob, mode and bytes match.	envelopes/build-web/source-before.json	eb414c0a5c82b49110c36e83c8fad83e16c35ff886560d1116511a334b52c910	public/assets/crystal.png	dec66998267d66464e2118f90d018ed8a18d014587bf536a1466ab3fed4434cf	5732	100644	38e6dd3ca8d9cffe7830095fca8cd4db6e7b4ac2	83941bc80ce9ec08840b0645d9b33e8018d5309a	100644	38e6dd3ca8d9cffe7830095fca8cd4db6e7b4ac2	sealed_sha256_size_and_both_git_trees_match
/home/morgana/.codex/worktrees/assembled-allied-ai/orcs-vs-Fairies/work/ai-save401-final-453c221-r1	453c2218af9973b9eca8fb78392435bd9d46a740	dist/assets/dwarf-barracks-0.json	1055	29d5cef66cfa679bc39844d732cbd3d90e8ee0058364ff4e27bacd19c980a81a	bf8ed2449d14c0f3bcf00d32af4ca831885c08212be96fecc96ebd8d581ee681	source_backed_public_duplicate	index_in_future_derivative_only	Sealed source asset SHA256 and bytes match this dist entry; old and new Git tree blob, mode and bytes match.	envelopes/build-web/source-before.json	eb414c0a5c82b49110c36e83c8fad83e16c35ff886560d1116511a334b52c910	public/assets/dwarf-barracks-0.json	29d5cef66cfa679bc39844d732cbd3d90e8ee0058364ff4e27bacd19c980a81a	1055	100644	efc82aecaca2d7365053902cbef5e08fab71c937	83941bc80ce9ec08840b0645d9b33e8018d5309a	100644	efc82aecaca2d7365053902cbef5e08fab71c937	sealed_sha256_size_and_both_git_trees_match
/home/morgana/.codex/worktrees/assembled-allied-ai/orcs-vs-Fairies/work/ai-save401-final-453c221-r1	453c2218af9973b9eca8fb78392435bd9d46a740	dist/assets/dwarf-barracks-0.png	170423	046f38f6efaf405765d724d7d92eafebc95b982cba1088c009079dc0134fe6dc	bf8ed2449d14c0f3bcf00d32af4ca831885c08212be96fecc96ebd8d581ee681	source_backed_public_duplicate	index_in_future_derivative_only	Sealed source asset SHA256 and bytes match this dist entry; old and new Git tree blob, mode and bytes match.	envelopes/build-web/source-before.json	eb414c0a5c82b49110c36e83c8fad83e16c35ff886560d1116511a334b52c910	public/assets/dwarf-barracks-0.png	046f38f6efaf405765d724d7d92eafebc95b982cba1088c009079dc0134fe6dc	170423	100644	836851a3adaf8afc9cfd02ef34bd57117a911894	83941bc80ce9ec08840b0645d9b33e8018d5309a	100644	836851a3adaf8afc9cfd02ef34bd57117a911894	sealed_sha256_size_and_both_git_trees_match
/home/morgana/.codex/worktrees/assembled-allied-ai/orcs-vs-Fairies/work/ai-save401-final-453c221-r1	453c2218af9973b9eca8fb78392435bd9d46a740	dist/assets/dwarf-cavalry-0.json	11587	ae6fb8e454949aa7b292a9665e95626f8be13b7ce5fe323f18a866b535bd0ade	bf8ed2449d14c0f3bcf00d32af4ca831885c08212be96fecc96ebd8d581ee681	source_backed_public_duplicate	index_in_future_derivative_only	Sealed source asset SHA256 and bytes match this dist entry; old and new Git tree blob, mode and bytes match.	envelopes/build-web/source-before.json	eb414c0a5c82b49110c36e83c8fad83e16c35ff886560d1116511a334b52c910	public/assets/dwarf-cavalry-0.json	ae6fb8e454949aa7b292a9665e95626f8be13b7ce5fe323f18a866b535bd0ade	11587	100644	e45aa83bb00b43b324ed3f3b4ff773f43c25ae68	83941bc80ce9ec08840b0645d9b33e8018d5309a	100644	e45aa83bb00b43b324ed3f3b4ff773f43c25ae68	sealed_sha256_size_and_both_git_trees_match
/home/morgana/.codex/worktrees/assembled-allied-ai/orcs-vs-Fairies/work/ai-save401-final-453c221-r1	453c2218af9973b9eca8fb78392435bd9d46a740	dist/assets/dwarf-cavalry-0.png	405393	7a8866335cb2f4a2704f1a0dd72b408bbdb082820d3dd35787e1fec58f4bb94f	bf8ed2449d14c0f3bcf00d32af4ca831885c08212be96fecc96ebd8d581ee681	source_backed_public_duplicate	index_in_future_derivative_only	Sealed source asset SHA256 and bytes match this dist entry; old and new Git tree blob, mode and bytes match.	envelopes/build-web/source-before.json	eb414c0a5c82b49110c36e83c8fad83e16c35ff886560d1116511a334b52c910	public/assets/dwarf-cavalry-0.png	7a8866335cb2f4a2704f1a0dd72b408bbdb082820d3dd35787e1fec58f4bb94f	405393	100644	bbb93f31baff4b8b4204b4b5a4ed11c526ebb35b	83941bc80ce9ec08840b0645d9b33e8018d5309a	100644	bbb93f31baff4b8b4204b4b5a4ed11c526ebb35b	sealed_sha256_size_and_both_git_trees_match
/home/morgana/.codex/worktrees/assembled-allied-ai/orcs-vs-Fairies/work/ai-save401-final-453c221-r1	453c2218af9973b9eca8fb78392435bd9d46a740	dist/assets/dwarf-cavalry-1.json	11687	e190f032e0ae4232b438b38943ee309db487e41dc195e0ea4e808a9034cb6b51	bf8ed2449d14c0f3bcf00d32af4ca831885c08212be96fecc96ebd8d581ee681	source_backed_public_duplicate	index_in_future_derivative_only	Sealed source asset SHA256 and bytes match this dist entry; old and new Git tree blob, mode and bytes match.	envelopes/build-web/source-before.json	eb414c0a5c82b49110c36e83c8fad83e16c35ff886560d1116511a334b52c910	public/assets/dwarf-cavalry-1.json	e190f032e0ae4232b438b38943ee309db487e41dc195e0ea4e808a9034cb6b51	11687	100644	3e469b63e9d3497f18a848e5c7ba292b81ce25d9	83941bc80ce9ec08840b0645d9b33e8018d5309a	100644	3e469b63e9d3497f18a848e5c7ba292b81ce25d9	sealed_sha256_size_and_both_git_trees_match
/home/morgana/.codex/worktrees/assembled-allied-ai/orcs-vs-Fairies/work/ai-save401-final-453c221-r1	453c2218af9973b9eca8fb78392435bd9d46a740	dist/assets/dwarf-cavalry-1.png	370186	61b4fee9cb5815901a173395705c0f8289017d6095d549f86e5f84b736651d65	bf8ed2449d14c0f3bcf00d32af4ca831885c08212be96fecc96ebd8d581ee681	source_backed_public_duplicate	index_in_future_derivative_only	Sealed source asset SHA256 and bytes match this dist entry; old and new Git tree blob, mode and bytes match.	envelopes/build-web/source-before.json	eb414c0a5c82b49110c36e83c8fad83e16c35ff886560d1116511a334b52c910	public/assets/dwarf-cavalry-1.png	61b4fee9cb5815901a173395705c0f8289017d6095d549f86e5f84b736651d65	370186	100644	226e3c14c449019000ceb23f648f21f59e4b5d76	83941bc80ce9ec08840b0645d9b33e8018d5309a	100644	226e3c14c449019000ceb23f648f21f59e4b5d76	sealed_sha256_size_and_both_git_trees_match
/home/morgana/.codex/worktrees/assembled-allied-ai/orcs-vs-Fairies/work/ai-save401-final-453c221-r1	453c2218af9973b9eca8fb78392435bd9d46a740	dist/assets/dwarf-cavalry-2.json	11703	f015a3214d537ec13e25131603ec1c140d1c209f91349b870c335ffb2b3c4375	bf8ed2449d14c0f3bcf00d32af4ca831885c08212be96fecc96ebd8d581ee681	source_backed_public_duplicate	index_in_future_derivative_only	Sealed source asset SHA256 and bytes match this dist entry; old and new Git tree blob, mode and bytes match.	envelopes/build-web/source-before.json	eb414c0a5c82b49110c36e83c8fad83e16c35ff886560d1116511a334b52c910	public/assets/dwarf-cavalry-2.json	f015a3214d537ec13e25131603ec1c140d1c209f91349b870c335ffb2b3c4375	11703	100644	1ff7f383725a9b10cfd1276f944df978a79b8144	83941bc80ce9ec08840b0645d9b33e8018d5309a	100644	1ff7f383725a9b10cfd1276f944df978a79b8144	sealed_sha256_size_and_both_git_trees_match
/home/morgana/.codex/worktrees/assembled-allied-ai/orcs-vs-Fairies/work/ai-save401-final-453c221-r1	453c2218af9973b9eca8fb78392435bd9d46a740	dist/assets/dwarf-cavalry-2.png	667858	1aec788f8afce27bdce4742fa7bb8cb7ac13baebb07932a14d149573d3064c95	bf8ed2449d14c0f3bcf00d32af4ca831885c08212be96fecc96ebd8d581ee681	source_backed_public_duplicate	index_in_future_derivative_only	Sealed source asset SHA256 and bytes match this dist entry; old and new Git tree blob, mode and bytes match.	envelopes/build-web/source-before.json	eb414c0a5c82b49110c36e83c8fad83e16c35ff886560d1116511a334b52c910	public/assets/dwarf-cavalry-2.png	1aec788f8afce27bdce4742fa7bb8cb7ac13baebb07932a14d149573d3064c95	667858	100644	507fc3cab22e7e6c981df1de2a306fcbb86d9cce	83941bc80ce9ec08840b0645d9b33e8018d5309a	100644	507fc3cab22e7e6c981df1de2a306fcbb86d9cce	sealed_sha256_size_and_both_git_trees_match
/home/morgana/.codex/worktrees/assembled-allied-ai/orcs-vs-Fairies/work/ai-save401-final-453c221-r1	453c2218af9973b9eca8fb78392435bd9d46a740	dist/assets/dwarf-depot-0.json	1035	72f13d910516f45d220ec1c5b971da029fa618ceb7c6e45638b2875929a39e6a	bf8ed2449d14c0f3bcf00d32af4ca831885c08212be96fecc96ebd8d581ee681	source_backed_public_duplicate	index_in_future_derivative_only	Sealed source asset SHA256 and bytes match this dist entry; old and new Git tree blob, mode and bytes match.	envelopes/build-web/source-before.json	eb414c0a5c82b49110c36e83c8fad83e16c35ff886560d1116511a334b52c910	public/assets/dwarf-depot-0.json	72f13d910516f45d220ec1c5b971da029fa618ceb7c6e45638b2875929a39e6a	1035	100644	a7f330ecd2f7421b403f6c4f3e4a245af193314d	83941bc80ce9ec08840b0645d9b33e8018d5309a	100644	a7f330ecd2f7421b403f6c4f3e4a245af193314d	sealed_sha256_size_and_both_git_trees_match
/home/morgana/.codex/worktrees/assembled-allied-ai/orcs-vs-Fairies/work/ai-save401-final-453c221-r1	453c2218af9973b9eca8fb78392435bd9d46a740	dist/assets/dwarf-depot-0.png	95928	c67fe6b9db6b3335ad58cfdc85b4096ea5311cf4dbc8400ceecea47cf23b06b3	bf8ed2449d14c0f3bcf00d32af4ca831885c08212be96fecc96ebd8d581ee681	source_backed_public_duplicate	index_in_future_derivative_only	Sealed source asset SHA256 and bytes match this dist entry; old and new Git tree blob, mode and bytes match.	envelopes/build-web/source-before.json	eb414c0a5c82b49110c36e83c8fad83e16c35ff886560d1116511a334b52c910	public/assets/dwarf-depot-0.png	c67fe6b9db6b3335ad58cfdc85b4096ea5311cf4dbc8400ceecea47cf23b06b3	95928	100644	8423f12f3cfeef9826fdad76f4ea1375260de45f	83941bc80ce9ec08840b0645d9b33e8018d5309a	100644	8423f12f3cfeef9826fdad76f4ea1375260de45f	sealed_sha256_size_and_both_git_trees_match
/home/morgana/.codex/worktrees/assembled-allied-ai/orcs-vs-Fairies/work/ai-save401-final-453c221-r1	453c2218af9973b9eca8fb78392435bd9d46a740	dist/assets/dwarf-gate-0.json	1208	626c61c4b3b6ccf9c0a109651a488b3368435c871bd92ad8bdd7713cbea33a84	bf8ed2449d14c0f3bcf00d32af4ca831885c08212be96fecc96ebd8d581ee681	source_backed_public_duplicate	index_in_future_derivative_only	Sealed source asset SHA256 and bytes match this dist entry; old and new Git tree blob, mode and bytes match.	envelopes/build-web/source-before.json	eb414c0a5c82b49110c36e83c8fad83e16c35ff886560d1116511a334b52c910	public/assets/dwarf-gate-0.json	626c61c4b3b6ccf9c0a109651a488b3368435c871bd92ad8bdd7713cbea33a84	1208	100644	c4f6d056bc1df5705ce2e882049f0a03c74af7fd	83941bc80ce9ec08840b0645d9b33e8018d5309a	100644	c4f6d056bc1df5705ce2e882049f0a03c74af7fd	sealed_sha256_size_and_both_git_trees_match
/home/morgana/.codex/worktrees/assembled-allied-ai/orcs-vs-Fairies/work/ai-save401-final-453c221-r1	453c2218af9973b9eca8fb78392435bd9d46a740	dist/assets/dwarf-gate-0.png	123813	93a6439578a9406ba4f7d7ed7bc208aebadd6a26d94209348dcf96ed18e3fcd4	bf8ed2449d14c0f3bcf00d32af4ca831885c08212be96fecc96ebd8d581ee681	source_backed_public_duplicate	index_in_future_derivative_only	Sealed source asset SHA256 and bytes match this dist entry; old and new Git tree blob, mode and bytes match.	envelopes/build-web/source-before.json	eb414c0a5c82b49110c36e83c8fad83e16c35ff886560d1116511a334b52c910	public/assets/dwarf-gate-0.png	93a6439578a9406ba4f7d7ed7bc208aebadd6a26d94209348dcf96ed18e3fcd4	123813	100644	44943c747a88cf1ac0618b7d8489cd6557736e1d	83941bc80ce9ec08840b0645d9b33e8018d5309a	100644	44943c747a88cf1ac0618b7d8489cd6557736e1d	sealed_sha256_size_and_both_git_trees_match
/home/morgana/.codex/worktrees/assembled-allied-ai/orcs-vs-Fairies/work/ai-save401-final-453c221-r1	453c2218af9973b9eca8fb78392435bd9d46a740	dist/assets/dwarf-hq-0.json	1019	2e5b995d35a3519be7fecb8af9283a3fadddb52455c3e1596c7f5f239cd55476	bf8ed2449d14c0f3bcf00d32af4ca831885c08212be96fecc96ebd8d581ee681	source_backed_public_duplicate	index_in_future_derivative_only	Sealed source asset SHA256 and bytes match this dist entry; old and new Git tree blob, mode and bytes match.	envelopes/build-web/source-before.json	eb414c0a5c82b49110c36e83c8fad83e16c35ff886560d1116511a334b52c910	public/assets/dwarf-hq-0.json	2e5b995d35a3519be7fecb8af9283a3fadddb52455c3e1596c7f5f239cd55476	1019	100644	2486aecb0db84adb9fa03a790396b711d7962d5d	83941bc80ce9ec08840b0645d9b33e8018d5309a	100644	2486aecb0db84adb9fa03a790396b711d7962d5d	sealed_sha256_size_and_both_git_trees_match
/home/morgana/.codex/worktrees/assembled-allied-ai/orcs-vs-Fairies/work/ai-save401-final-453c221-r1	453c2218af9973b9eca8fb78392435bd9d46a740	dist/assets/dwarf-hq-0.png	172700	579dc05bf1f1fc52c08b0fcf1e5d871bddccb15e291dc4b30e610115c93d6145	bf8ed2449d14c0f3bcf00d32af4ca831885c08212be96fecc96ebd8d581ee681	source_backed_public_duplicate	index_in_future_derivative_only	Sealed source asset SHA256 and bytes match this dist entry; old and new Git tree blob, mode and bytes match.	envelopes/build-web/source-before.json	eb414c0a5c82b49110c36e83c8fad83e16c35ff886560d1116511a334b52c910	public/assets/dwarf-hq-0.png	579dc05bf1f1fc52c08b0fcf1e5d871bddccb15e291dc4b30e610115c93d6145	172700	100644	f2a6eb034a29bf230be53f86bdc84faeb8ca0086	83941bc80ce9ec08840b0645d9b33e8018d5309a	100644	f2a6eb034a29bf230be53f86bdc84faeb8ca0086	sealed_sha256_size_and_both_git_trees_match
/home/morgana/.codex/worktrees/assembled-allied-ai/orcs-vs-Fairies/work/ai-save401-final-453c221-r1	453c2218af9973b9eca8fb78392435bd9d46a740	dist/assets/dwarf-melee-0.json	17796	3c7ff6d6498de687ff2ac5c7fa1b6ff2d2a2c7b27aafde7bcc1007d9c649f476	bf8ed2449d14c0f3bcf00d32af4ca831885c08212be96fecc96ebd8d581ee681	source_backed_public_duplicate	index_in_future_derivative_only	Sealed source asset SHA256 and bytes match this dist entry; old and new Git tree blob, mode and bytes match.	envelopes/build-web/source-before.json	eb414c0a5c82b49110c36e83c8fad83e16c35ff886560d1116511a334b52c910	public/assets/dwarf-melee-0.json	3c7ff6d6498de687ff2ac5c7fa1b6ff2d2a2c7b27aafde7bcc1007d9c649f476	17796	100644	6988f3a640dc43dec97a60972cb08bd27bf5d506	83941bc80ce9ec08840b0645d9b33e8018d5309a	100644	6988f3a640dc43dec97a60972cb08bd27bf5d506	sealed_sha256_size_and_both_git_trees_match
/home/morgana/.codex/worktrees/assembled-allied-ai/orcs-vs-Fairies/work/ai-save401-final-453c221-r1	453c2218af9973b9eca8fb78392435bd9d46a740	dist/assets/dwarf-melee-0.png	546594	965b0d70462026a591d369bc0088b7234cae7bf89a302094c1963ea6282ed90a	bf8ed2449d14c0f3bcf00d32af4ca831885c08212be96fecc96ebd8d581ee681	source_backed_public_duplicate	index_in_future_derivative_only	Sealed source asset SHA256 and bytes match this dist entry; old and new Git tree blob, mode and bytes match.	envelopes/build-web/source-before.json	eb414c0a5c82b49110c36e83c8fad83e16c35ff886560d1116511a334b52c910	public/assets/dwarf-melee-0.png	965b0d70462026a591d369bc0088b7234cae7bf89a302094c1963ea6282ed90a	546594	100644	91702198b9e60c423cffe404f361f73583f9c933	83941bc80ce9ec08840b0645d9b33e8018d5309a	100644	91702198b9e60c423cffe404f361f73583f9c933	sealed_sha256_size_and_both_git_trees_match
/home/morgana/.codex/worktrees/assembled-allied-ai/orcs-vs-Fairies/work/ai-save401-final-453c221-r1	453c2218af9973b9eca8fb78392435bd9d46a740	dist/assets/dwarf-melee-1.json	16514	46ecebbfab8e06bc666a107a5b9ff115287c9960d3ee329cbf370a48ba22f9d5	bf8ed2449d14c0f3bcf00d32af4ca831885c08212be96fecc96ebd8d581ee681	source_backed_public_duplicate	index_in_future_derivative_only	Sealed source asset SHA256 and bytes match this dist entry; old and new Git tree blob, mode and bytes match.	envelopes/build-web/source-before.json	eb414c0a5c82b49110c36e83c8fad83e16c35ff886560d1116511a334b52c910	public/assets/dwarf-melee-1.json	46ecebbfab8e06bc666a107a5b9ff115287c9960d3ee329cbf370a48ba22f9d5	16514	100644	e4c74bf14bd9ad038c127d2d55f7bb9ecca90bbe	83941bc80ce9ec08840b0645d9b33e8018d5309a	100644	e4c74bf14bd9ad038c127d2d55f7bb9ecca90bbe	sealed_sha256_size_and_both_git_trees_match
/home/morgana/.codex/worktrees/assembled-allied-ai/orcs-vs-Fairies/work/ai-save401-final-453c221-r1	453c2218af9973b9eca8fb78392435bd9d46a740	dist/assets/dwarf-melee-1.png	630206	b920d98208bdbc697d5a12c703519fa0f21af2515874e3638bb4042343a6ba09	bf8ed2449d14c0f3bcf00d32af4ca831885c08212be96fecc96ebd8d581ee681	source_backed_public_duplicate	index_in_future_derivative_only	Sealed source asset SHA256 and bytes match this dist entry; old and new Git tree blob, mode and bytes match.	envelopes/build-web/source-before.json	eb414c0a5c82b49110c36e83c8fad83e16c35ff886560d1116511a334b52c910	public/assets/dwarf-melee-1.png	b920d98208bdbc697d5a12c703519fa0f21af2515874e3638bb4042343a6ba09	630206	100644	23febba923f04b58cb3e8e5396a23d45a395cf71	83941bc80ce9ec08840b0645d9b33e8018d5309a	100644	23febba923f04b58cb3e8e5396a23d45a395cf71	sealed_sha256_size_and_both_git_trees_match
/home/morgana/.codex/worktrees/assembled-allied-ai/orcs-vs-Fairies/work/ai-save401-final-453c221-r1	453c2218af9973b9eca8fb78392435bd9d46a740	dist/assets/dwarf-ranged-0.json	17897	4e78f6595344dfeff91829e255f2ce0a84c77fbe5fd88c0c55c8bd87e128cbcc	bf8ed2449d14c0f3bcf00d32af4ca831885c08212be96fecc96ebd8d581ee681	source_backed_public_duplicate	index_in_future_derivative_only	Sealed source asset SHA256 and bytes match this dist entry; old and new Git tree blob, mode and bytes match.	envelopes/build-web/source-before.json	eb414c0a5c82b49110c36e83c8fad83e16c35ff886560d1116511a334b52c910	public/assets/dwarf-ranged-0.json	4e78f6595344dfeff91829e255f2ce0a84c77fbe5fd88c0c55c8bd87e128cbcc	17897	100644	52cce08bda61017979a095449641f60f8524a202	83941bc80ce9ec08840b0645d9b33e8018d5309a	100644	52cce08bda61017979a095449641f60f8524a202	sealed_sha256_size_and_both_git_trees_match
/home/morgana/.codex/worktrees/assembled-allied-ai/orcs-vs-Fairies/work/ai-save401-final-453c221-r1	453c2218af9973b9eca8fb78392435bd9d46a740	dist/assets/dwarf-ranged-0.png	499354	5f580d9b349b887a7d27f5576ff60159e15d694c5e5bb00937ccdfb209af860e	bf8ed2449d14c0f3bcf00d32af4ca831885c08212be96fecc96ebd8d581ee681	source_backed_public_duplicate	index_in_future_derivative_only	Sealed source asset SHA256 and bytes match this dist entry; old and new Git tree blob, mode and bytes match.	envelopes/build-web/source-before.json	eb414c0a5c82b49110c36e83c8fad83e16c35ff886560d1116511a334b52c910	public/assets/dwarf-ranged-0.png	5f580d9b349b887a7d27f5576ff60159e15d694c5e5bb00937ccdfb209af860e	499354	100644	4d24f70b59cf3d48d54d524f036ca34c383009a7	83941bc80ce9ec08840b0645d9b33e8018d5309a	100644	4d24f70b59cf3d48d54d524f036ca34c383009a7	sealed_sha256_size_and_both_git_trees_match
/home/morgana/.codex/worktrees/assembled-allied-ai/orcs-vs-Fairies/work/ai-save401-final-453c221-r1	453c2218af9973b9eca8fb78392435bd9d46a740	dist/assets/dwarf-ranged-1.json	16599	2b4623b86175880a3792c1dbd9f311d7855136a0aaae37b173f98186a82f2d63	bf8ed2449d14c0f3bcf00d32af4ca831885c08212be96fecc96ebd8d581ee681	source_backed_public_duplicate	index_in_future_derivative_only	Sealed source asset SHA256 and bytes match this dist entry; old and new Git tree blob, mode and bytes match.	envelopes/build-web/source-before.json	eb414c0a5c82b49110c36e83c8fad83e16c35ff886560d1116511a334b52c910	public/assets/dwarf-ranged-1.json	2b4623b86175880a3792c1dbd9f311d7855136a0aaae37b173f98186a82f2d63	16599	100644	af0d7286b409f8c32be601ed85bd1ea9ce96b549	83941bc80ce9ec08840b0645d9b33e8018d5309a	100644	af0d7286b409f8c32be601ed85bd1ea9ce96b549	sealed_sha256_size_and_both_git_trees_match
/home/morgana/.codex/worktrees/assembled-allied-ai/orcs-vs-Fairies/work/ai-save401-final-453c221-r1	453c2218af9973b9eca8fb78392435bd9d46a740	dist/assets/dwarf-ranged-1.png	485019	7ed9c141c5d401cc040ff8c474e7d64822f5c3c7d9e6c318e5b1cfb0fabe7f68	bf8ed2449d14c0f3bcf00d32af4ca831885c08212be96fecc96ebd8d581ee681	source_backed_public_duplicate	index_in_future_derivative_only	Sealed source asset SHA256 and bytes match this dist entry; old and new Git tree blob, mode and bytes match.	envelopes/build-web/source-before.json	eb414c0a5c82b49110c36e83c8fad83e16c35ff886560d1116511a334b52c910	public/assets/dwarf-ranged-1.png	7ed9c141c5d401cc040ff8c474e7d64822f5c3c7d9e6c318e5b1cfb0fabe7f68	485019	100644	9e6541779a20d3220a160fdd43cc6abe4f50fd12	83941bc80ce9ec08840b0645d9b33e8018d5309a	100644	9e6541779a20d3220a160fdd43cc6abe4f50fd12	sealed_sha256_size_and_both_git_trees_match
/home/morgana/.codex/worktrees/assembled-allied-ai/orcs-vs-Fairies/work/ai-save401-final-453c221-r1	453c2218af9973b9eca8fb78392435bd9d46a740	dist/assets/dwarf-siege-0.json	11544	ed6d384e51ca9fe5405080946261024e129f0e3fe3dfb9508d581bb562a8edf7	bf8ed2449d14c0f3bcf00d32af4ca831885c08212be96fecc96ebd8d581ee681	source_backed_public_duplicate	index_in_future_derivative_only	Sealed source asset SHA256 and bytes match this dist entry; old and new Git tree blob, mode and bytes match.	envelopes/build-web/source-before.json	eb414c0a5c82b49110c36e83c8fad83e16c35ff886560d1116511a334b52c910	public/assets/dwarf-siege-0.json	ed6d384e51ca9fe5405080946261024e129f0e3fe3dfb9508d581bb562a8edf7	11544	100644	ffa5da3dc8a95323ebf9dbc0a19545bd74af89da	83941bc80ce9ec08840b0645d9b33e8018d5309a	100644	ffa5da3dc8a95323ebf9dbc0a19545bd74af89da	sealed_sha256_size_and_both_git_trees_match
/home/morgana/.codex/worktrees/assembled-allied-ai/orcs-vs-Fairies/work/ai-save401-final-453c221-r1	453c2218af9973b9eca8fb78392435bd9d46a740	dist/assets/dwarf-siege-0.png	625866	5d5da3ac82f497e13a6b0ff8e9d884554ad51c34ee96b723510e6b572dc8f0f2	bf8ed2449d14c0f3bcf00d32af4ca831885c08212be96fecc96ebd8d581ee681	source_backed_public_duplicate	index_in_future_derivative_only	Sealed source asset SHA256 and bytes match this dist entry; old and new Git tree blob, mode and bytes match.	envelopes/build-web/source-before.json	eb414c0a5c82b49110c36e83c8fad83e16c35ff886560d1116511a334b52c910	public/assets/dwarf-siege-0.png	5d5da3ac82f497e13a6b0ff8e9d884554ad51c34ee96b723510e6b572dc8f0f2	625866	100644	036be934781c99817edaeeedd39f37ad81dc928d	83941bc80ce9ec08840b0645d9b33e8018d5309a	100644	036be934781c99817edaeeedd39f37ad81dc928d	sealed_sha256_size_and_both_git_trees_match
/home/morgana/.codex/worktrees/assembled-allied-ai/orcs-vs-Fairies/work/ai-save401-final-453c221-r1	453c2218af9973b9eca8fb78392435bd9d46a740	dist/assets/dwarf-siege-1.json	11640	0d853e33bd8977acdb96ffacf4edd382920023b9d89d846b1bed83b10cd59b43	bf8ed2449d14c0f3bcf00d32af4ca831885c08212be96fecc96ebd8d581ee681	source_backed_public_duplicate	index_in_future_derivative_only	Sealed source asset SHA256 and bytes match this dist entry; old and new Git tree blob, mode and bytes match.	envelopes/build-web/source-before.json	eb414c0a5c82b49110c36e83c8fad83e16c35ff886560d1116511a334b52c910	public/assets/dwarf-siege-1.json	0d853e33bd8977acdb96ffacf4edd382920023b9d89d846b1bed83b10cd59b43	11640	100644	92a31753e5ac432e097f91aea838b536a3878076	83941bc80ce9ec08840b0645d9b33e8018d5309a	100644	92a31753e5ac432e097f91aea838b536a3878076	sealed_sha256_size_and_both_git_trees_match
/home/morgana/.codex/worktrees/assembled-allied-ai/orcs-vs-Fairies/work/ai-save401-final-453c221-r1	453c2218af9973b9eca8fb78392435bd9d46a740	dist/assets/dwarf-siege-1.png	616167	1902307230bde33f2e709a48bb9761053e61957b1252fcb1ea27b74961920897	bf8ed2449d14c0f3bcf00d32af4ca831885c08212be96fecc96ebd8d581ee681	source_backed_public_duplicate	index_in_future_derivative_only	Sealed source asset SHA256 and bytes match this dist entry; old and new Git tree blob, mode and bytes match.	envelopes/build-web/source-before.json	eb414c0a5c82b49110c36e83c8fad83e16c35ff886560d1116511a334b52c910	public/assets/dwarf-siege-1.png	1902307230bde33f2e709a48bb9761053e61957b1252fcb1ea27b74961920897	616167	100644	66e4ea51f4632454d381bc8ef352ef3b255a2492	83941bc80ce9ec08840b0645d9b33e8018d5309a	100644	66e4ea51f4632454d381bc8ef352ef3b255a2492	sealed_sha256_size_and_both_git_trees_match
/home/morgana/.codex/worktrees/assembled-allied-ai/orcs-vs-Fairies/work/ai-save401-final-453c221-r1	453c2218af9973b9eca8fb78392435bd9d46a740	dist/assets/dwarf-siege-2.json	11636	bb7e8c29deb73f21681e8a2fac9f9be71c3f9ac783dc513c5bf6260140eb6379	bf8ed2449d14c0f3bcf00d32af4ca831885c08212be96fecc96ebd8d581ee681	source_backed_public_duplicate	index_in_future_derivative_only	Sealed source asset SHA256 and bytes match this dist entry; old and new Git tree blob, mode and bytes match.	envelopes/build-web/source-before.json	eb414c0a5c82b49110c36e83c8fad83e16c35ff886560d1116511a334b52c910	public/assets/dwarf-siege-2.json	bb7e8c29deb73f21681e8a2fac9f9be71c3f9ac783dc513c5bf6260140eb6379	11636	100644	bd97067c1d7f11c02ec33e518a41a1f223aefc81	83941bc80ce9ec08840b0645d9b33e8018d5309a	100644	bd97067c1d7f11c02ec33e518a41a1f223aefc81	sealed_sha256_size_and_both_git_trees_match
/home/morgana/.codex/worktrees/assembled-allied-ai/orcs-vs-Fairies/work/ai-save401-final-453c221-r1	453c2218af9973b9eca8fb78392435bd9d46a740	dist/assets/dwarf-siege-2.png	857366	1ef924a939ecb3848ec727cbcd19c4b994e6cf531bb9704a6a8df32ede02b270	bf8ed2449d14c0f3bcf00d32af4ca831885c08212be96fecc96ebd8d581ee681	source_backed_public_duplicate	index_in_future_derivative_only	Sealed source asset SHA256 and bytes match this dist entry; old and new Git tree blob, mode and bytes match.	envelopes/build-web/source-before.json	eb414c0a5c82b49110c36e83c8fad83e16c35ff886560d1116511a334b52c910	public/assets/dwarf-siege-2.png	1ef924a939ecb3848ec727cbcd19c4b994e6cf531bb9704a6a8df32ede02b270	857366	100644	82c6f16c5989661fd8e3c080243b1c89449cf17a	83941bc80ce9ec08840b0645d9b33e8018d5309a	100644	82c6f16c5989661fd8e3c080243b1c89449cf17a	sealed_sha256_size_and_both_git_trees_match
/home/morgana/.codex/worktrees/assembled-allied-ai/orcs-vs-Fairies/work/ai-save401-final-453c221-r1	453c2218af9973b9eca8fb78392435bd9d46a740	dist/assets/dwarf-spear-0.json	11522	fb22711e83dad1f9372e606a3612bfc8702725972f75ed480596e0f86a3b2839	bf8ed2449d14c0f3bcf00d32af4ca831885c08212be96fecc96ebd8d581ee681	source_backed_public_duplicate	index_in_future_derivative_only	Sealed source asset SHA256 and bytes match this dist entry; old and new Git tree blob, mode and bytes match.	envelopes/build-web/source-before.json	eb414c0a5c82b49110c36e83c8fad83e16c35ff886560d1116511a334b52c910	public/assets/dwarf-spear-0.json	fb22711e83dad1f9372e606a3612bfc8702725972f75ed480596e0f86a3b2839	11522	100644	e7be37ce8671a1bfd83a8cb2ea9a7d0ad715fd28	83941bc80ce9ec08840b0645d9b33e8018d5309a	100644	e7be37ce8671a1bfd83a8cb2ea9a7d0ad715fd28	sealed_sha256_size_and_both_git_trees_match
/home/morgana/.codex/worktrees/assembled-allied-ai/orcs-vs-Fairies/work/ai-save401-final-453c221-r1	453c2218af9973b9eca8fb78392435bd9d46a740	dist/assets/dwarf-spear-0.png	346715	ea05f6bf1cda9e9d769d8664f099e5a1530e226ba1c18c824628ff8e1ad2f5c5	bf8ed2449d14c0f3bcf00d32af4ca831885c08212be96fecc96ebd8d581ee681	source_backed_public_duplicate	index_in_future_derivative_only	Sealed source asset SHA256 and bytes match this dist entry; old and new Git tree blob, mode and bytes match.	envelopes/build-web/source-before.json	eb414c0a5c82b49110c36e83c8fad83e16c35ff886560d1116511a334b52c910	public/assets/dwarf-spear-0.png	ea05f6bf1cda9e9d769d8664f099e5a1530e226ba1c18c824628ff8e1ad2f5c5	346715	100644	e48960b103f22919973742eef86558885f33e8c0	83941bc80ce9ec08840b0645d9b33e8018d5309a	100644	e48960b103f22919973742eef86558885f33e8c0	sealed_sha256_size_and_both_git_trees_match
/home/morgana/.codex/worktrees/assembled-allied-ai/orcs-vs-Fairies/work/ai-save401-final-453c221-r1	453c2218af9973b9eca8fb78392435bd9d46a740	dist/assets/dwarf-spear-1.json	11593	d1a4c523f1ae26aa038f5832a3c3dd2bddd920ecb0eb632a2f9365809f45370c	bf8ed2449d14c0f3bcf00d32af4ca831885c08212be96fecc96ebd8d581ee681	source_backed_public_duplicate	index_in_future_derivative_only	Sealed source asset SHA256 and bytes match this dist entry; old and new Git tree blob, mode and bytes match.	envelopes/build-web/source-before.json	eb414c0a5c82b49110c36e83c8fad83e16c35ff886560d1116511a334b52c910	public/assets/dwarf-spear-1.json	d1a4c523f1ae26aa038f5832a3c3dd2bddd920ecb0eb632a2f9365809f45370c	11593	100644	8ce7e890deb93be55e106d11f940e65c685e690c	83941bc80ce9ec08840b0645d9b33e8018d5309a	100644	8ce7e890deb93be55e106d11f940e65c685e690c	sealed_sha256_size_and_both_git_trees_match
/home/morgana/.codex/worktrees/assembled-allied-ai/orcs-vs-Fairies/work/ai-save401-final-453c221-r1	453c2218af9973b9eca8fb78392435bd9d46a740	dist/assets/dwarf-spear-1.png	291180	61e75a22afb89d47fb611edacd6bb7dc615e70d8504ebbec2d2a92c2f62fea53	bf8ed2449d14c0f3bcf00d32af4ca831885c08212be96fecc96ebd8d581ee681	source_backed_public_duplicate	index_in_future_derivative_only	Sealed source asset SHA256 and bytes match this dist entry; old and new Git tree blob, mode and bytes match.	envelopes/build-web/source-before.json	eb414c0a5c82b49110c36e83c8fad83e16c35ff886560d1116511a334b52c910	public/assets/dwarf-spear-1.png	61e75a22afb89d47fb611edacd6bb7dc615e70d8504ebbec2d2a92c2f62fea53	291180	100644	29911f2f9201e4cf6ab81e08feda636c7da9c6b4	83941bc80ce9ec08840b0645d9b33e8018d5309a	100644	29911f2f9201e4cf6ab81e08feda636c7da9c6b4	sealed_sha256_size_and_both_git_trees_match
/home/morgana/.codex/worktrees/assembled-allied-ai/orcs-vs-Fairies/work/ai-save401-final-453c221-r1	453c2218af9973b9eca8fb78392435bd9d46a740	dist/assets/dwarf-spear-2.json	11603	e4d456508db2e846a741a1da4375a48c71a7e54ae27d2fa88e9c78691d636d55	bf8ed2449d14c0f3bcf00d32af4ca831885c08212be96fecc96ebd8d581ee681	source_backed_public_duplicate	index_in_future_derivative_only	Sealed source asset SHA256 and bytes match this dist entry; old and new Git tree blob, mode and bytes match.	envelopes/build-web/source-before.json	eb414c0a5c82b49110c36e83c8fad83e16c35ff886560d1116511a334b52c910	public/assets/dwarf-spear-2.json	e4d456508db2e846a741a1da4375a48c71a7e54ae27d2fa88e9c78691d636d55	11603	100644	f712e8ebac0bcf7a9cb86efb42689f8e26ccd1ec	83941bc80ce9ec08840b0645d9b33e8018d5309a	100644	f712e8ebac0bcf7a9cb86efb42689f8e26ccd1ec	sealed_sha256_size_and_both_git_trees_match
/home/morgana/.codex/worktrees/assembled-allied-ai/orcs-vs-Fairies/work/ai-save401-final-453c221-r1	453c2218af9973b9eca8fb78392435bd9d46a740	dist/assets/dwarf-spear-2.png	486707	07b0d3aee6ea50bb7acda824d657dfbc0bdeb08f3682e69964ca0c9260f10df5	bf8ed2449d14c0f3bcf00d32af4ca831885c08212be96fecc96ebd8d581ee681	source_backed_public_duplicate	index_in_future_derivative_only	Sealed source asset SHA256 and bytes match this dist entry; old and new Git tree blob, mode and bytes match.	envelopes/build-web/source-before.json	eb414c0a5c82b49110c36e83c8fad83e16c35ff886560d1116511a334b52c910	public/assets/dwarf-spear-2.png	07b0d3aee6ea50bb7acda824d657dfbc0bdeb08f3682e69964ca0c9260f10df5	486707	100644	10a683fe8d6cd6285b8494cde6df1290a9e94593	83941bc80ce9ec08840b0645d9b33e8018d5309a	100644	10a683fe8d6cd6285b8494cde6df1290a9e94593	sealed_sha256_size_and_both_git_trees_match
/home/morgana/.codex/worktrees/assembled-allied-ai/orcs-vs-Fairies/work/ai-save401-final-453c221-r1	453c2218af9973b9eca8fb78392435bd9d46a740	dist/assets/dwarf-special-0.json	17998	eb22024ad0def6128ab4730f749834277bcc27e14dfd3e0f14cf09c306ead6e7	bf8ed2449d14c0f3bcf00d32af4ca831885c08212be96fecc96ebd8d581ee681	source_backed_public_duplicate	index_in_future_derivative_only	Sealed source asset SHA256 and bytes match this dist entry; old and new Git tree blob, mode and bytes match.	envelopes/build-web/source-before.json	eb414c0a5c82b49110c36e83c8fad83e16c35ff886560d1116511a334b52c910	public/assets/dwarf-special-0.json	eb22024ad0def6128ab4730f749834277bcc27e14dfd3e0f14cf09c306ead6e7	17998	100644	cf626759d401c841e94da516a7d619f1d5952496	83941bc80ce9ec08840b0645d9b33e8018d5309a	100644	cf626759d401c841e94da516a7d619f1d5952496	sealed_sha256_size_and_both_git_trees_match
/home/morgana/.codex/worktrees/assembled-allied-ai/orcs-vs-Fairies/work/ai-save401-final-453c221-r1	453c2218af9973b9eca8fb78392435bd9d46a740	dist/assets/dwarf-special-0.png	530986	383f11d183468fc7c38dc21dd40e875857c81941bbae323ae85dbed3525dc29a	bf8ed2449d14c0f3bcf00d32af4ca831885c08212be96fecc96ebd8d581ee681	source_backed_public_duplicate	index_in_future_derivative_only	Sealed source asset SHA256 and bytes match this dist entry; old and new Git tree blob, mode and bytes match.	envelopes/build-web/source-before.json	eb414c0a5c82b49110c36e83c8fad83e16c35ff886560d1116511a334b52c910	public/assets/dwarf-special-0.png	383f11d183468fc7c38dc21dd40e875857c81941bbae323ae85dbed3525dc29a	530986	100644	ee82a0498e243f2356e2d50fa5ae26933b6975ee	83941bc80ce9ec08840b0645d9b33e8018d5309a	100644	ee82a0498e243f2356e2d50fa5ae26933b6975ee	sealed_sha256_size_and_both_git_trees_match
/home/morgana/.codex/worktrees/assembled-allied-ai/orcs-vs-Fairies/work/ai-save401-final-453c221-r1	453c2218af9973b9eca8fb78392435bd9d46a740	dist/assets/dwarf-special-1.json	16718	5fd049797cd5526f1d6d2c491b7d61df77a28c4f5d58d3e6e20ac8fe5d038dd2	bf8ed2449d14c0f3bcf00d32af4ca831885c08212be96fecc96ebd8d581ee681	source_backed_public_duplicate	index_in_future_derivative_only	Sealed source asset SHA256 and bytes match this dist entry; old and new Git tree blob, mode and bytes match.	envelopes/build-web/source-before.json	eb414c0a5c82b49110c36e83c8fad83e16c35ff886560d1116511a334b52c910	public/assets/dwarf-special-1.json	5fd049797cd5526f1d6d2c491b7d61df77a28c4f5d58d3e6e20ac8fe5d038dd2	16718	100644	b05cb182d8a609b73454d6a55b17a28c97b00380	83941bc80ce9ec08840b0645d9b33e8018d5309a	100644	b05cb182d8a609b73454d6a55b17a28c97b00380	sealed_sha256_size_and_both_git_trees_match
/home/morgana/.codex/worktrees/assembled-allied-ai/orcs-vs-Fairies/work/ai-save401-final-453c221-r1	453c2218af9973b9eca8fb78392435bd9d46a740	dist/assets/dwarf-special-1.png	740922	0c3e8dc441a82681e5952454dec617bb1a7bb6aa317af96cdb38d9eda2d0693e	bf8ed2449d14c0f3bcf00d32af4ca831885c08212be96fecc96ebd8d581ee681	source_backed_public_duplicate	index_in_future_derivative_only	Sealed source asset SHA256 and bytes match this dist entry; old and new Git tree blob, mode and bytes match.	envelopes/build-web/source-before.json	eb414c0a5c82b49110c36e83c8fad83e16c35ff886560d1116511a334b52c910	public/assets/dwarf-special-1.png	0c3e8dc441a82681e5952454dec617bb1a7bb6aa317af96cdb38d9eda2d0693e	740922	100644	cf00ab4f1fc017545ed87985656bf107dc8e0f8f	83941bc80ce9ec08840b0645d9b33e8018d5309a	100644	cf00ab4f1fc017545ed87985656bf107dc8e0f8f	sealed_sha256_size_and_both_git_trees_match
/home/morgana/.codex/worktrees/assembled-allied-ai/orcs-vs-Fairies/work/ai-save401-final-453c221-r1	453c2218af9973b9eca8fb78392435bd9d46a740	dist/assets/dwarf-tower-0.json	1035	34b0d308a7ef1ddf20124637425a47bb39d2f10a4c32f0960f7de4c7199b9a26	bf8ed2449d14c0f3bcf00d32af4ca831885c08212be96fecc96ebd8d581ee681	source_backed_public_duplicate	index_in_future_derivative_only	Sealed source asset SHA256 and bytes match this dist entry; old and new Git tree blob, mode and bytes match.	envelopes/build-web/source-before.json	eb414c0a5c82b49110c36e83c8fad83e16c35ff886560d1116511a334b52c910	public/assets/dwarf-tower-0.json	34b0d308a7ef1ddf20124637425a47bb39d2f10a4c32f0960f7de4c7199b9a26	1035	100644	5a9cc37feefcb6e7c8dd674ea9d880cceb29bbf3	83941bc80ce9ec08840b0645d9b33e8018d5309a	100644	5a9cc37feefcb6e7c8dd674ea9d880cceb29bbf3	sealed_sha256_size_and_both_git_trees_match
/home/morgana/.codex/worktrees/assembled-allied-ai/orcs-vs-Fairies/work/ai-save401-final-453c221-r1	453c2218af9973b9eca8fb78392435bd9d46a740	dist/assets/dwarf-tower-0.png	121902	741162b5540f3aa0770d0d88f335faca0ae5aa22208dd8be9404bdadb89e54f9	bf8ed2449d14c0f3bcf00d32af4ca831885c08212be96fecc96ebd8d581ee681	source_backed_public_duplicate	index_in_future_derivative_only	Sealed source asset SHA256 and bytes match this dist entry; old and new Git tree blob, mode and bytes match.	envelopes/build-web/source-before.json	eb414c0a5c82b49110c36e83c8fad83e16c35ff886560d1116511a334b52c910	public/assets/dwarf-tower-0.png	741162b5540f3aa0770d0d88f335faca0ae5aa22208dd8be9404bdadb89e54f9	121902	100644	8256d06417d6a30d952402054e80269677068477	83941bc80ce9ec08840b0645d9b33e8018d5309a	100644	8256d06417d6a30d952402054e80269677068477	sealed_sha256_size_and_both_git_trees_match
/home/morgana/.codex/worktrees/assembled-allied-ai/orcs-vs-Fairies/work/ai-save401-final-453c221-r1	453c2218af9973b9eca8fb78392435bd9d46a740	dist/assets/dwarf-wall-0.json	1015	947036018a91debce10567642c9359ecedb611564cb9fa4a180b012c855b985a	bf8ed2449d14c0f3bcf00d32af4ca831885c08212be96fecc96ebd8d581ee681	source_backed_public_duplicate	index_in_future_derivative_only	Sealed source asset SHA256 and bytes match this dist entry; old and new Git tree blob, mode and bytes match.	envelopes/build-web/source-before.json	eb414c0a5c82b49110c36e83c8fad83e16c35ff886560d1116511a334b52c910	public/assets/dwarf-wall-0.json	947036018a91debce10567642c9359ecedb611564cb9fa4a180b012c855b985a	1015	100644	172312dc19aafb88eebec86068a469ff70d24d2b	83941bc80ce9ec08840b0645d9b33e8018d5309a	100644	172312dc19aafb88eebec86068a469ff70d24d2b	sealed_sha256_size_and_both_git_trees_match
/home/morgana/.codex/worktrees/assembled-allied-ai/orcs-vs-Fairies/work/ai-save401-final-453c221-r1	453c2218af9973b9eca8fb78392435bd9d46a740	dist/assets/dwarf-wall-0.png	55216	61c87ffc42e235afcc35fb91e5ea4c8aedefb466f36041f4200393913d2f9757	bf8ed2449d14c0f3bcf00d32af4ca831885c08212be96fecc96ebd8d581ee681	source_backed_public_duplicate	index_in_future_derivative_only	Sealed source asset SHA256 and bytes match this dist entry; old and new Git tree blob, mode and bytes match.	envelopes/build-web/source-before.json	eb414c0a5c82b49110c36e83c8fad83e16c35ff886560d1116511a334b52c910	public/assets/dwarf-wall-0.png	61c87ffc42e235afcc35fb91e5ea4c8aedefb466f36041f4200393913d2f9757	55216	100644	b6b25b637ce4b54669f7161c2e626d7c9fef12f9	83941bc80ce9ec08840b0645d9b33e8018d5309a	100644	b6b25b637ce4b54669f7161c2e626d7c9fef12f9	sealed_sha256_size_and_both_git_trees_match
/home/morgana/.codex/worktrees/assembled-allied-ai/orcs-vs-Fairies/work/ai-save401-final-453c221-r1	453c2218af9973b9eca8fb78392435bd9d46a740	dist/assets/dwarf-worker-0.json	17897	0da1bbb15b96b34e459a858a8235c08fb127d8967b03e01804eb9d947019e827	bf8ed2449d14c0f3bcf00d32af4ca831885c08212be96fecc96ebd8d581ee681	source_backed_public_duplicate	index_in_future_derivative_only	Sealed source asset SHA256 and bytes match this dist entry; old and new Git tree blob, mode and bytes match.	envelopes/build-web/source-before.json	eb414c0a5c82b49110c36e83c8fad83e16c35ff886560d1116511a334b52c910	public/assets/dwarf-worker-0.json	0da1bbb15b96b34e459a858a8235c08fb127d8967b03e01804eb9d947019e827	17897	100644	ad96222428d93be539d897317078d889b6eaca98	83941bc80ce9ec08840b0645d9b33e8018d5309a	100644	ad96222428d93be539d897317078d889b6eaca98	sealed_sha256_size_and_both_git_trees_match
/home/morgana/.codex/worktrees/assembled-allied-ai/orcs-vs-Fairies/work/ai-save401-final-453c221-r1	453c2218af9973b9eca8fb78392435bd9d46a740	dist/assets/dwarf-worker-0.png	471972	2644d99b66a5d9eed08aee38d72a7a39cc3fb939fc765dd309c969d0667ddbe2	bf8ed2449d14c0f3bcf00d32af4ca831885c08212be96fecc96ebd8d581ee681	source_backed_public_duplicate	index_in_future_derivative_only	Sealed source asset SHA256 and bytes match this dist entry; old and new Git tree blob, mode and bytes match.	envelopes/build-web/source-before.json	eb414c0a5c82b49110c36e83c8fad83e16c35ff886560d1116511a334b52c910	public/assets/dwarf-worker-0.png	2644d99b66a5d9eed08aee38d72a7a39cc3fb939fc765dd309c969d0667ddbe2	471972	100644	f307ace3cd9b11fc8ba4d407fae1d546d59db66d	83941bc80ce9ec08840b0645d9b33e8018d5309a	100644	f307ace3cd9b11fc8ba4d407fae1d546d59db66d	sealed_sha256_size_and_both_git_trees_match
/home/morgana/.codex/worktrees/assembled-allied-ai/orcs-vs-Fairies/work/ai-save401-final-453c221-r1	453c2218af9973b9eca8fb78392435bd9d46a740	dist/assets/dwarf-worker-1.json	16606	85b245297e078c414df96604fda6760e493884c4c7cb684bc4c2fc7095da475f	bf8ed2449d14c0f3bcf00d32af4ca831885c08212be96fecc96ebd8d581ee681	source_backed_public_duplicate	index_in_future_derivative_only	Sealed source asset SHA256 and bytes match this dist entry; old and new Git tree blob, mode and bytes match.	envelopes/build-web/source-before.json	eb414c0a5c82b49110c36e83c8fad83e16c35ff886560d1116511a334b52c910	public/assets/dwarf-worker-1.json	85b245297e078c414df96604fda6760e493884c4c7cb684bc4c2fc7095da475f	16606	100644	9d4d36fba39a11afc29506e107c735a1a341dd66	83941bc80ce9ec08840b0645d9b33e8018d5309a	100644	9d4d36fba39a11afc29506e107c735a1a341dd66	sealed_sha256_size_and_both_git_trees_match
/home/morgana/.codex/worktrees/assembled-allied-ai/orcs-vs-Fairies/work/ai-save401-final-453c221-r1	453c2218af9973b9eca8fb78392435bd9d46a740	dist/assets/dwarf-worker-1.png	508717	f719f45f4b49c048302e4705a73e1087bc7034f0f5c2db508dd507f29d505700	bf8ed2449d14c0f3bcf00d32af4ca831885c08212be96fecc96ebd8d581ee681	source_backed_public_duplicate	index_in_future_derivative_only	Sealed source asset SHA256 and bytes match this dist entry; old and new Git tree blob, mode and bytes match.	envelopes/build-web/source-before.json	eb414c0a5c82b49110c36e83c8fad83e16c35ff886560d1116511a334b52c910	public/assets/dwarf-worker-1.png	f719f45f4b49c048302e4705a73e1087bc7034f0f5c2db508dd507f29d505700	508717	100644	2d42e3342747179a9bffe720155f7199a45bcdca	83941bc80ce9ec08840b0645d9b33e8018d5309a	100644	2d42e3342747179a9bffe720155f7199a45bcdca	sealed_sha256_size_and_both_git_trees_match
/home/morgana/.codex/worktrees/assembled-allied-ai/orcs-vs-Fairies/work/ai-save401-final-453c221-r1	453c2218af9973b9eca8fb78392435bd9d46a740	dist/assets/fairy-barracks-0.json	1060	d01c2d6a308a0f3ee8038dbbb91cd52216f4f05742b04b0a1f590002bc5729d5	bf8ed2449d14c0f3bcf00d32af4ca831885c08212be96fecc96ebd8d581ee681	source_backed_public_duplicate	index_in_future_derivative_only	Sealed source asset SHA256 and bytes match this dist entry; old and new Git tree blob, mode and bytes match.	envelopes/build-web/source-before.json	eb414c0a5c82b49110c36e83c8fad83e16c35ff886560d1116511a334b52c910	public/assets/fairy-barracks-0.json	d01c2d6a308a0f3ee8038dbbb91cd52216f4f05742b04b0a1f590002bc5729d5	1060	100644	9cb9ee9fa086367b887d1c5e0cc123c9e59691a8	83941bc80ce9ec08840b0645d9b33e8018d5309a	100644	9cb9ee9fa086367b887d1c5e0cc123c9e59691a8	sealed_sha256_size_and_both_git_trees_match
/home/morgana/.codex/worktrees/assembled-allied-ai/orcs-vs-Fairies/work/ai-save401-final-453c221-r1	453c2218af9973b9eca8fb78392435bd9d46a740	dist/assets/fairy-barracks-0.png	174724	e749ee84aca2ce6b8f9e88397075de7c932dbce304fd37b1f9bcd48e7bc9924f	bf8ed2449d14c0f3bcf00d32af4ca831885c08212be96fecc96ebd8d581ee681	source_backed_public_duplicate	index_in_future_derivative_only	Sealed source asset SHA256 and bytes match this dist entry; old and new Git tree blob, mode and bytes match.	envelopes/build-web/source-before.json	eb414c0a5c82b49110c36e83c8fad83e16c35ff886560d1116511a334b52c910	public/assets/fairy-barracks-0.png	e749ee84aca2ce6b8f9e88397075de7c932dbce304fd37b1f9bcd48e7bc9924f	174724	100644	95a8281ee0093642df9e8701e4d2201c6eb8df73	83941bc80ce9ec08840b0645d9b33e8018d5309a	100644	95a8281ee0093642df9e8701e4d2201c6eb8df73	sealed_sha256_size_and_both_git_trees_match
/home/morgana/.codex/worktrees/assembled-allied-ai/orcs-vs-Fairies/work/ai-save401-final-453c221-r1	453c2218af9973b9eca8fb78392435bd9d46a740	dist/assets/fairy-cavalry-0.json	11694	9e15a6b5e9412cceb4a5e7d8e899b96a4759582df944487fa7df4da02c5d7631	bf8ed2449d14c0f3bcf00d32af4ca831885c08212be96fecc96ebd8d581ee681	source_backed_public_duplicate	index_in_future_derivative_only	Sealed source asset SHA256 and bytes match this dist entry; old and new Git tree blob, mode and bytes match.	envelopes/build-web/source-before.json	eb414c0a5c82b49110c36e83c8fad83e16c35ff886560d1116511a334b52c910	public/assets/fairy-cavalry-0.json	9e15a6b5e9412cceb4a5e7d8e899b96a4759582df944487fa7df4da02c5d7631	11694	100644	3c5c36a99b722c8d4aed4d951e014a0e463e3620	83941bc80ce9ec08840b0645d9b33e8018d5309a	100644	3c5c36a99b722c8d4aed4d951e014a0e463e3620	sealed_sha256_size_and_both_git_trees_match
/home/morgana/.codex/worktrees/assembled-allied-ai/orcs-vs-Fairies/work/ai-save401-final-453c221-r1	453c2218af9973b9eca8fb78392435bd9d46a740	dist/assets/fairy-cavalry-0.png	550510	65a6b200b99e1cf7fbeace712faabf0e0c22189f10cb1eb6188a3a4bbe8ff01f	bf8ed2449d14c0f3bcf00d32af4ca831885c08212be96fecc96ebd8d581ee681	source_backed_public_duplicate	index_in_future_derivative_only	Sealed source asset SHA256 and bytes match this dist entry; old and new Git tree blob, mode and bytes match.	envelopes/build-web/source-before.json	eb414c0a5c82b49110c36e83c8fad83e16c35ff886560d1116511a334b52c910	public/assets/fairy-cavalry-0.png	65a6b200b99e1cf7fbeace712faabf0e0c22189f10cb1eb6188a3a4bbe8ff01f	550510	100644	4478975283a1796f5ea3ce6a15b418bd7e2e84a2	83941bc80ce9ec08840b0645d9b33e8018d5309a	100644	4478975283a1796f5ea3ce6a15b418bd7e2e84a2	sealed_sha256_size_and_both_git_trees_match
/home/morgana/.codex/worktrees/assembled-allied-ai/orcs-vs-Fairies/work/ai-save401-final-453c221-r1	453c2218af9973b9eca8fb78392435bd9d46a740	dist/assets/fairy-cavalry-1.json	11754	26241c7837e105fca0cd028735d41d2a329df8f55b3e68e6cb4e08c903dddb8d	bf8ed2449d14c0f3bcf00d32af4ca831885c08212be96fecc96ebd8d581ee681	source_backed_public_duplicate	index_in_future_derivative_only	Sealed source asset SHA256 and bytes match this dist entry; old and new Git tree blob, mode and bytes match.	envelopes/build-web/source-before.json	eb414c0a5c82b49110c36e83c8fad83e16c35ff886560d1116511a334b52c910	public/assets/fairy-cavalry-1.json	26241c7837e105fca0cd028735d41d2a329df8f55b3e68e6cb4e08c903dddb8d	11754	100644	a5e0aa51820f460e3c0f46da73dafdc5703dec1e	83941bc80ce9ec08840b0645d9b33e8018d5309a	100644	a5e0aa51820f460e3c0f46da73dafdc5703dec1e	sealed_sha256_size_and_both_git_trees_match
/home/morgana/.codex/worktrees/assembled-allied-ai/orcs-vs-Fairies/work/ai-save401-final-453c221-r1	453c2218af9973b9eca8fb78392435bd9d46a740	dist/assets/fairy-cavalry-1.png	583903	1c7f297a4c289217425cc60c32f6604f50a05c6b8274de7f2e86b8aced2f4301	bf8ed2449d14c0f3bcf00d32af4ca831885c08212be96fecc96ebd8d581ee681	source_backed_public_duplicate	index_in_future_derivative_only	Sealed source asset SHA256 and bytes match this dist entry; old and new Git tree blob, mode and bytes match.	envelopes/build-web/source-before.json	eb414c0a5c82b49110c36e83c8fad83e16c35ff886560d1116511a334b52c910	public/assets/fairy-cavalry-1.png	1c7f297a4c289217425cc60c32f6604f50a05c6b8274de7f2e86b8aced2f4301	583903	100644	2a9ad0031af682591a3e6428ab66051c8ffd864f	83941bc80ce9ec08840b0645d9b33e8018d5309a	100644	2a9ad0031af682591a3e6428ab66051c8ffd864f	sealed_sha256_size_and_both_git_trees_match
/home/morgana/.codex/worktrees/assembled-allied-ai/orcs-vs-Fairies/work/ai-save401-final-453c221-r1	453c2218af9973b9eca8fb78392435bd9d46a740	dist/assets/fairy-cavalry-2.json	11776	e93f3fa08e006927575c7d50d1c0f696ef3dd0f653a8b0e66569ecac31e748b2	bf8ed2449d14c0f3bcf00d32af4ca831885c08212be96fecc96ebd8d581ee681	source_backed_public_duplicate	index_in_future_derivative_only	Sealed source asset SHA256 and bytes match this dist entry; old and new Git tree blob, mode and bytes match.	envelopes/build-web/source-before.json	eb414c0a5c82b49110c36e83c8fad83e16c35ff886560d1116511a334b52c910	public/assets/fairy-cavalry-2.json	e93f3fa08e006927575c7d50d1c0f696ef3dd0f653a8b0e66569ecac31e748b2	11776	100644	a23476817d57503e15a1806d9112d439ab231385	83941bc80ce9ec08840b0645d9b33e8018d5309a	100644	a23476817d57503e15a1806d9112d439ab231385	sealed_sha256_size_and_both_git_trees_match
/home/morgana/.codex/worktrees/assembled-allied-ai/orcs-vs-Fairies/work/ai-save401-final-453c221-r1	453c2218af9973b9eca8fb78392435bd9d46a740	dist/assets/fairy-cavalry-2.png	830687	764b797a8221382bf505bd0e02dad42d96daeae780c151ed0b48319d91d463b0	bf8ed2449d14c0f3bcf00d32af4ca831885c08212be96fecc96ebd8d581ee681	source_backed_public_duplicate	index_in_future_derivative_only	Sealed source asset SHA256 and bytes match this dist entry; old and new Git tree blob, mode and bytes match.	envelopes/build-web/source-before.json	eb414c0a5c82b49110c36e83c8fad83e16c35ff886560d1116511a334b52c910	public/assets/fairy-cavalry-2.png	764b797a8221382bf505bd0e02dad42d96daeae780c151ed0b48319d91d463b0	830687	100644	53561819b9d4a0a2a6046508b71d6f9fcf01e3bf	83941bc80ce9ec08840b0645d9b33e8018d5309a	100644	53561819b9d4a0a2a6046508b71d6f9fcf01e3bf	sealed_sha256_size_and_both_git_trees_match
/home/morgana/.codex/worktrees/assembled-allied-ai/orcs-vs-Fairies/work/ai-save401-final-453c221-r1	453c2218af9973b9eca8fb78392435bd9d46a740	dist/assets/fairy-depot-0.json	1035	996d71d8db22bd092eb6f048bf612fab50ec81793f7eb008f4ca05917dab34f1	bf8ed2449d14c0f3bcf00d32af4ca831885c08212be96fecc96ebd8d581ee681	source_backed_public_duplicate	index_in_future_derivative_only	Sealed source asset SHA256 and bytes match this dist entry; old and new Git tree blob, mode and bytes match.	envelopes/build-web/source-before.json	eb414c0a5c82b49110c36e83c8fad83e16c35ff886560d1116511a334b52c910	public/assets/fairy-depot-0.json	996d71d8db22bd092eb6f048bf612fab50ec81793f7eb008f4ca05917dab34f1	1035	100644	556ac0881b596f976b0d8ec12080d3e990dd1f01	83941bc80ce9ec08840b0645d9b33e8018d5309a	100644	556ac0881b596f976b0d8ec12080d3e990dd1f01	sealed_sha256_size_and_both_git_trees_match
/home/morgana/.codex/worktrees/assembled-allied-ai/orcs-vs-Fairies/work/ai-save401-final-453c221-r1	453c2218af9973b9eca8fb78392435bd9d46a740	dist/assets/fairy-depot-0.png	128850	c3ca204451ed3bf02e8f95004c1f669f423df5da3d329d544d61a9a20c29d28e	bf8ed2449d14c0f3bcf00d32af4ca831885c08212be96fecc96ebd8d581ee681	source_backed_public_duplicate	index_in_future_derivative_only	Sealed source asset SHA256 and bytes match this dist entry; old and new Git tree blob, mode and bytes match.	envelopes/build-web/source-before.json	eb414c0a5c82b49110c36e83c8fad83e16c35ff886560d1116511a334b52c910	public/assets/fairy-depot-0.png	c3ca204451ed3bf02e8f95004c1f669f423df5da3d329d544d61a9a20c29d28e	128850	100644	4f06eb6829d7e365f01ffa6890db778ee850e020	83941bc80ce9ec08840b0645d9b33e8018d5309a	100644	4f06eb6829d7e365f01ffa6890db778ee850e020	sealed_sha256_size_and_both_git_trees_match
/home/morgana/.codex/worktrees/assembled-allied-ai/orcs-vs-Fairies/work/ai-save401-final-453c221-r1	453c2218af9973b9eca8fb78392435bd9d46a740	dist/assets/fairy-gate-0.json	1208	0ffef2c3d0798360fa72082b826ae30aaff339fa40492656e13fe430cf6cce54	bf8ed2449d14c0f3bcf00d32af4ca831885c08212be96fecc96ebd8d581ee681	source_backed_public_duplicate	index_in_future_derivative_only	Sealed source asset SHA256 and bytes match this dist entry; old and new Git tree blob, mode and bytes match.	envelopes/build-web/source-before.json	eb414c0a5c82b49110c36e83c8fad83e16c35ff886560d1116511a334b52c910	public/assets/fairy-gate-0.json	0ffef2c3d0798360fa72082b826ae30aaff339fa40492656e13fe430cf6cce54	1208	100644	f48a9ae0aec438fc1fb24e3b7b13028ade9dd934	83941bc80ce9ec08840b0645d9b33e8018d5309a	100644	f48a9ae0aec438fc1fb24e3b7b13028ade9dd934	sealed_sha256_size_and_both_git_trees_match
/home/morgana/.codex/worktrees/assembled-allied-ai/orcs-vs-Fairies/work/ai-save401-final-453c221-r1	453c2218af9973b9eca8fb78392435bd9d46a740	dist/assets/fairy-gate-0.png	119323	bcc1b4c497f5cbf2b0b3f6f2cd8494421df63e6d7da69045947ff90e24b03e69	bf8ed2449d14c0f3bcf00d32af4ca831885c08212be96fecc96ebd8d581ee681	source_backed_public_duplicate	index_in_future_derivative_only	Sealed source asset SHA256 and bytes match this dist entry; old and new Git tree blob, mode and bytes match.	envelopes/build-web/source-before.json	eb414c0a5c82b49110c36e83c8fad83e16c35ff886560d1116511a334b52c910	public/assets/fairy-gate-0.png	bcc1b4c497f5cbf2b0b3f6f2cd8494421df63e6d7da69045947ff90e24b03e69	119323	100644	df626e50cc46a3a227be5ca2eb7ccd09675d5a92	83941bc80ce9ec08840b0645d9b33e8018d5309a	100644	df626e50cc46a3a227be5ca2eb7ccd09675d5a92	sealed_sha256_size_and_both_git_trees_match
/home/morgana/.codex/worktrees/assembled-allied-ai/orcs-vs-Fairies/work/ai-save401-final-453c221-r1	453c2218af9973b9eca8fb78392435bd9d46a740	dist/assets/fairy-hq-0.json	1024	1ba165beec607f0d947fb386fa8107683d44cea726be45420045263d0b64b3e3	bf8ed2449d14c0f3bcf00d32af4ca831885c08212be96fecc96ebd8d581ee681	source_backed_public_duplicate	index_in_future_derivative_only	Sealed source asset SHA256 and bytes match this dist entry; old and new Git tree blob, mode and bytes match.	envelopes/build-web/source-before.json	eb414c0a5c82b49110c36e83c8fad83e16c35ff886560d1116511a334b52c910	public/assets/fairy-hq-0.json	1ba165beec607f0d947fb386fa8107683d44cea726be45420045263d0b64b3e3	1024	100644	19bc962f59e46b7c65831d074626e149e60a63fa	83941bc80ce9ec08840b0645d9b33e8018d5309a	100644	19bc962f59e46b7c65831d074626e149e60a63fa	sealed_sha256_size_and_both_git_trees_match
/home/morgana/.codex/worktrees/assembled-allied-ai/orcs-vs-Fairies/work/ai-save401-final-453c221-r1	453c2218af9973b9eca8fb78392435bd9d46a740	dist/assets/fairy-hq-0.png	200315	e89a09cb4a5384185d8ba542e9c378e68a0ec90470791bf30661d3097b6fd16c	bf8ed2449d14c0f3bcf00d32af4ca831885c08212be96fecc96ebd8d581ee681	source_backed_public_duplicate	index_in_future_derivative_only	Sealed source asset SHA256 and bytes match this dist entry; old and new Git tree blob, mode and bytes match.	envelopes/build-web/source-before.json	eb414c0a5c82b49110c36e83c8fad83e16c35ff886560d1116511a334b52c910	public/assets/fairy-hq-0.png	e89a09cb4a5384185d8ba542e9c378e68a0ec90470791bf30661d3097b6fd16c	200315	100644	5e93bbdf844b661ad18b35fb9d707306270637e5	83941bc80ce9ec08840b0645d9b33e8018d5309a	100644	5e93bbdf844b661ad18b35fb9d707306270637e5	sealed_sha256_size_and_both_git_trees_match
/home/morgana/.codex/worktrees/assembled-allied-ai/orcs-vs-Fairies/work/ai-save401-final-453c221-r1	453c2218af9973b9eca8fb78392435bd9d46a740	dist/assets/fairy-melee-0.json	17992	cee575dbcce0101318e0c2d3dc26777db2a649825eaaadd894ff24a58ff1a0f9	bf8ed2449d14c0f3bcf00d32af4ca831885c08212be96fecc96ebd8d581ee681	source_backed_public_duplicate	index_in_future_derivative_only	Sealed source asset SHA256 and bytes match this dist entry; old and new Git tree blob, mode and bytes match.	envelopes/build-web/source-before.json	eb414c0a5c82b49110c36e83c8fad83e16c35ff886560d1116511a334b52c910	public/assets/fairy-melee-0.json	cee575dbcce0101318e0c2d3dc26777db2a649825eaaadd894ff24a58ff1a0f9	17992	100644	7da4870e9029a85fcef2c4223c62f4daa0212595	83941bc80ce9ec08840b0645d9b33e8018d5309a	100644	7da4870e9029a85fcef2c4223c62f4daa0212595	sealed_sha256_size_and_both_git_trees_match
/home/morgana/.codex/worktrees/assembled-allied-ai/orcs-vs-Fairies/work/ai-save401-final-453c221-r1	453c2218af9973b9eca8fb78392435bd9d46a740	dist/assets/fairy-melee-0.png	676704	bd06c14cc9342b9f93b4ae06933c14fbe2fab0e0e81b8e0017a5a31ab9c7efd6	bf8ed2449d14c0f3bcf00d32af4ca831885c08212be96fecc96ebd8d581ee681	source_backed_public_duplicate	index_in_future_derivative_only	Sealed source asset SHA256 and bytes match this dist entry; old and new Git tree blob, mode and bytes match.	envelopes/build-web/source-before.json	eb414c0a5c82b49110c36e83c8fad83e16c35ff886560d1116511a334b52c910	public/assets/fairy-melee-0.png	bd06c14cc9342b9f93b4ae06933c14fbe2fab0e0e81b8e0017a5a31ab9c7efd6	676704	100644	8865788f17183bd849d695c8fbd7452e71ebcff7	83941bc80ce9ec08840b0645d9b33e8018d5309a	100644	8865788f17183bd849d695c8fbd7452e71ebcff7	sealed_sha256_size_and_both_git_trees_match
/home/morgana/.codex/worktrees/assembled-allied-ai/orcs-vs-Fairies/work/ai-save401-final-453c221-r1	453c2218af9973b9eca8fb78392435bd9d46a740	dist/assets/fairy-melee-1.json	16643	93f21f27ea7a99ab1e624e71485df30961ce59beb6bee49372c4ece84bb080bd	bf8ed2449d14c0f3bcf00d32af4ca831885c08212be96fecc96ebd8d581ee681	source_backed_public_duplicate	index_in_future_derivative_only	Sealed source asset SHA256 and bytes match this dist entry; old and new Git tree blob, mode and bytes match.	envelopes/build-web/source-before.json	eb414c0a5c82b49110c36e83c8fad83e16c35ff886560d1116511a334b52c910	public/assets/fairy-melee-1.json	93f21f27ea7a99ab1e624e71485df30961ce59beb6bee49372c4ece84bb080bd	16643	100644	67cc9e12c19366788a33ce0daa71cbe8eae210c2	83941bc80ce9ec08840b0645d9b33e8018d5309a	100644	67cc9e12c19366788a33ce0daa71cbe8eae210c2	sealed_sha256_size_and_both_git_trees_match
/home/morgana/.codex/worktrees/assembled-allied-ai/orcs-vs-Fairies/work/ai-save401-final-453c221-r1	453c2218af9973b9eca8fb78392435bd9d46a740	dist/assets/fairy-melee-1.png	764618	a87e1f23d3a233439dfeda7a9111dbfe239d16cc3977df42974060e97da1f894	bf8ed2449d14c0f3bcf00d32af4ca831885c08212be96fecc96ebd8d581ee681	source_backed_public_duplicate	index_in_future_derivative_only	Sealed source asset SHA256 and bytes match this dist entry; old and new Git tree blob, mode and bytes match.	envelopes/build-web/source-before.json	eb414c0a5c82b49110c36e83c8fad83e16c35ff886560d1116511a334b52c910	public/assets/fairy-melee-1.png	a87e1f23d3a233439dfeda7a9111dbfe239d16cc3977df42974060e97da1f894	764618	100644	cb205203ec2b5d06f4f08b13fc78be2cf52f0c0f	83941bc80ce9ec08840b0645d9b33e8018d5309a	100644	cb205203ec2b5d06f4f08b13fc78be2cf52f0c0f	sealed_sha256_size_and_both_git_trees_match
/home/morgana/.codex/worktrees/assembled-allied-ai/orcs-vs-Fairies/work/ai-save401-final-453c221-r1	453c2218af9973b9eca8fb78392435bd9d46a740	dist/assets/fairy-ranged-0.json	17999	a319561edd9a030cb147c1629ff8cec740bea44bf61618e1ae1c5a597d35aaf2	bf8ed2449d14c0f3bcf00d32af4ca831885c08212be96fecc96ebd8d581ee681	source_backed_public_duplicate	index_in_future_derivative_only	Sealed source asset SHA256 and bytes match this dist entry; old and new Git tree blob, mode and bytes match.	envelopes/build-web/source-before.json	eb414c0a5c82b49110c36e83c8fad83e16c35ff886560d1116511a334b52c910	public/assets/fairy-ranged-0.json	a319561edd9a030cb147c1629ff8cec740bea44bf61618e1ae1c5a597d35aaf2	17999	100644	1617ef5951ffeebc5ac7705e1f886c134aee7f90	83941bc80ce9ec08840b0645d9b33e8018d5309a	100644	1617ef5951ffeebc5ac7705e1f886c134aee7f90	sealed_sha256_size_and_both_git_trees_match
/home/morgana/.codex/worktrees/assembled-allied-ai/orcs-vs-Fairies/work/ai-save401-final-453c221-r1	453c2218af9973b9eca8fb78392435bd9d46a740	dist/assets/fairy-ranged-0.png	681562	9bfa82a82a1aeb917640a4d7e25950bbd05b7e1d3ac151b07e1ae869e7199d81	bf8ed2449d14c0f3bcf00d32af4ca831885c08212be96fecc96ebd8d581ee681	source_backed_public_duplicate	index_in_future_derivative_only	Sealed source asset SHA256 and bytes match this dist entry; old and new Git tree blob, mode and bytes match.	envelopes/build-web/source-before.json	eb414c0a5c82b49110c36e83c8fad83e16c35ff886560d1116511a334b52c910	public/assets/fairy-ranged-0.png	9bfa82a82a1aeb917640a4d7e25950bbd05b7e1d3ac151b07e1ae869e7199d81	681562	100644	04b125544a5ae4cc8009ef3cf9e65b4c4ecd7d9f	83941bc80ce9ec08840b0645d9b33e8018d5309a	100644	04b125544a5ae4cc8009ef3cf9e65b4c4ecd7d9f	sealed_sha256_size_and_both_git_trees_match
/home/morgana/.codex/worktrees/assembled-allied-ai/orcs-vs-Fairies/work/ai-save401-final-453c221-r1	453c2218af9973b9eca8fb78392435bd9d46a740	dist/assets/fairy-ranged-1.json	16669	9d88def6a51ffe7fe4e0754735473415798246eabe7bc928d6cbfe9917a0cd2f	bf8ed2449d14c0f3bcf00d32af4ca831885c08212be96fecc96ebd8d581ee681	source_backed_public_duplicate	index_in_future_derivative_only	Sealed source asset SHA256 and bytes match this dist entry; old and new Git tree blob, mode and bytes match.	envelopes/build-web/source-before.json	eb414c0a5c82b49110c36e83c8fad83e16c35ff886560d1116511a334b52c910	public/assets/fairy-ranged-1.json	9d88def6a51ffe7fe4e0754735473415798246eabe7bc928d6cbfe9917a0cd2f	16669	100644	e3d35e3b81ed2a0bd59ff86f8b15af99d9b672b7	83941bc80ce9ec08840b0645d9b33e8018d5309a	100644	e3d35e3b81ed2a0bd59ff86f8b15af99d9b672b7	sealed_sha256_size_and_both_git_trees_match
/home/morgana/.codex/worktrees/assembled-allied-ai/orcs-vs-Fairies/work/ai-save401-final-453c221-r1	453c2218af9973b9eca8fb78392435bd9d46a740	dist/assets/fairy-ranged-1.png	760611	2fbc33df93eeb6db8ea509c35bf8832b8a27065b81370697d6a83b736f32d4dc	bf8ed2449d14c0f3bcf00d32af4ca831885c08212be96fecc96ebd8d581ee681	source_backed_public_duplicate	index_in_future_derivative_only	Sealed source asset SHA256 and bytes match this dist entry; old and new Git tree blob, mode and bytes match.	envelopes/build-web/source-before.json	eb414c0a5c82b49110c36e83c8fad83e16c35ff886560d1116511a334b52c910	public/assets/fairy-ranged-1.png	2fbc33df93eeb6db8ea509c35bf8832b8a27065b81370697d6a83b736f32d4dc	760611	100644	f9a95c3f275eeb555f2e5573b8339d297221c5cb	83941bc80ce9ec08840b0645d9b33e8018d5309a	100644	f9a95c3f275eeb555f2e5573b8339d297221c5cb	sealed_sha256_size_and_both_git_trees_match
/home/morgana/.codex/worktrees/assembled-allied-ai/orcs-vs-Fairies/work/ai-save401-final-453c221-r1	453c2218af9973b9eca8fb78392435bd9d46a740	dist/assets/fairy-siege-0.json	11560	f3db81758a3c3f7e3f2c97a37f81e57e97aa73e8d1ef2604eca68479b5e5d807	bf8ed2449d14c0f3bcf00d32af4ca831885c08212be96fecc96ebd8d581ee681	source_backed_public_duplicate	index_in_future_derivative_only	Sealed source asset SHA256 and bytes match this dist entry; old and new Git tree blob, mode and bytes match.	envelopes/build-web/source-before.json	eb414c0a5c82b49110c36e83c8fad83e16c35ff886560d1116511a334b52c910	public/assets/fairy-siege-0.json	f3db81758a3c3f7e3f2c97a37f81e57e97aa73e8d1ef2604eca68479b5e5d807	11560	100644	f33f722e6323f3ba6431f5cb7fab3d35c362b98a	83941bc80ce9ec08840b0645d9b33e8018d5309a	100644	f33f722e6323f3ba6431f5cb7fab3d35c362b98a	sealed_sha256_size_and_both_git_trees_match
/home/morgana/.codex/worktrees/assembled-allied-ai/orcs-vs-Fairies/work/ai-save401-final-453c221-r1	453c2218af9973b9eca8fb78392435bd9d46a740	dist/assets/fairy-siege-0.png	664680	e3b5099b642a4fbaf297a17c01661f0617a7356e76c2c271a9e2fd82985321ab	bf8ed2449d14c0f3bcf00d32af4ca831885c08212be96fecc96ebd8d581ee681	source_backed_public_duplicate	index_in_future_derivative_only	Sealed source asset SHA256 and bytes match this dist entry; old and new Git tree blob, mode and bytes match.	envelopes/build-web/source-before.json	eb414c0a5c82b49110c36e83c8fad83e16c35ff886560d1116511a334b52c910	public/assets/fairy-siege-0.png	e3b5099b642a4fbaf297a17c01661f0617a7356e76c2c271a9e2fd82985321ab	664680	100644	9458dc3919f7e17ccbb0e77eeac72c5fec897f62	83941bc80ce9ec08840b0645d9b33e8018d5309a	100644	9458dc3919f7e17ccbb0e77eeac72c5fec897f62	sealed_sha256_size_and_both_git_trees_match
/home/morgana/.codex/worktrees/assembled-allied-ai/orcs-vs-Fairies/work/ai-save401-final-453c221-r1	453c2218af9973b9eca8fb78392435bd9d46a740	dist/assets/fairy-siege-1.json	11663	e30cfee1be1420ea0fb5dfd7541e3dbef3a5a045c0484c556be2684b7d9f6d56	bf8ed2449d14c0f3bcf00d32af4ca831885c08212be96fecc96ebd8d581ee681	source_backed_public_duplicate	index_in_future_derivative_only	Sealed source asset SHA256 and bytes match this dist entry; old and new Git tree blob, mode and bytes match.	envelopes/build-web/source-before.json	eb414c0a5c82b49110c36e83c8fad83e16c35ff886560d1116511a334b52c910	public/assets/fairy-siege-1.json	e30cfee1be1420ea0fb5dfd7541e3dbef3a5a045c0484c556be2684b7d9f6d56	11663	100644	cf2a13a6460da5d9d6dd246062a0d25c731fdbdc	83941bc80ce9ec08840b0645d9b33e8018d5309a	100644	cf2a13a6460da5d9d6dd246062a0d25c731fdbdc	sealed_sha256_size_and_both_git_trees_match
/home/morgana/.codex/worktrees/assembled-allied-ai/orcs-vs-Fairies/work/ai-save401-final-453c221-r1	453c2218af9973b9eca8fb78392435bd9d46a740	dist/assets/fairy-siege-1.png	621834	5817765d33963c3099406e74f9b55363df43fba8433478167914ab16e0ad7135	bf8ed2449d14c0f3bcf00d32af4ca831885c08212be96fecc96ebd8d581ee681	source_backed_public_duplicate	index_in_future_derivative_only	Sealed source asset SHA256 and bytes match this dist entry; old and new Git tree blob, mode and bytes match.	envelopes/build-web/source-before.json	eb414c0a5c82b49110c36e83c8fad83e16c35ff886560d1116511a334b52c910	public/assets/fairy-siege-1.png	5817765d33963c3099406e74f9b55363df43fba8433478167914ab16e0ad7135	621834	100644	415cf6bdf7481da3a3e7f96b70564f2e035899fd	83941bc80ce9ec08840b0645d9b33e8018d5309a	100644	415cf6bdf7481da3a3e7f96b70564f2e035899fd	sealed_sha256_size_and_both_git_trees_match
/home/morgana/.codex/worktrees/assembled-allied-ai/orcs-vs-Fairies/work/ai-save401-final-453c221-r1	453c2218af9973b9eca8fb78392435bd9d46a740	dist/assets/fairy-siege-2.json	11677	763767008c4613e8c9a524b86c0361be8a1df19d9d20cd137869d7e21a4dfada	bf8ed2449d14c0f3bcf00d32af4ca831885c08212be96fecc96ebd8d581ee681	source_backed_public_duplicate	index_in_future_derivative_only	Sealed source asset SHA256 and bytes match this dist entry; old and new Git tree blob, mode and bytes match.	envelopes/build-web/source-before.json	eb414c0a5c82b49110c36e83c8fad83e16c35ff886560d1116511a334b52c910	public/assets/fairy-siege-2.json	763767008c4613e8c9a524b86c0361be8a1df19d9d20cd137869d7e21a4dfada	11677	100644	a5caa55e1f4c4fd76336d64b1a0791e86a37a431	83941bc80ce9ec08840b0645d9b33e8018d5309a	100644	a5caa55e1f4c4fd76336d64b1a0791e86a37a431	sealed_sha256_size_and_both_git_trees_match
/home/morgana/.codex/worktrees/assembled-allied-ai/orcs-vs-Fairies/work/ai-save401-final-453c221-r1	453c2218af9973b9eca8fb78392435bd9d46a740	dist/assets/fairy-siege-2.png	902546	5f647885dedba404125287b59fddf99458d8c7342cee58295a23a438a1922b20	bf8ed2449d14c0f3bcf00d32af4ca831885c08212be96fecc96ebd8d581ee681	source_backed_public_duplicate	index_in_future_derivative_only	Sealed source asset SHA256 and bytes match this dist entry; old and new Git tree blob, mode and bytes match.	envelopes/build-web/source-before.json	eb414c0a5c82b49110c36e83c8fad83e16c35ff886560d1116511a334b52c910	public/assets/fairy-siege-2.png	5f647885dedba404125287b59fddf99458d8c7342cee58295a23a438a1922b20	902546	100644	37bd35d1ef10b4c30a6cb5b7180ea8f58532cb33	83941bc80ce9ec08840b0645d9b33e8018d5309a	100644	37bd35d1ef10b4c30a6cb5b7180ea8f58532cb33	sealed_sha256_size_and_both_git_trees_match
/home/morgana/.codex/worktrees/assembled-allied-ai/orcs-vs-Fairies/work/ai-save401-final-453c221-r1	453c2218af9973b9eca8fb78392435bd9d46a740	dist/assets/fairy-spear-0.json	11564	07172d0dd93402de0f20e841cd3291c4954118dff9565856dd87402b9be3bd57	bf8ed2449d14c0f3bcf00d32af4ca831885c08212be96fecc96ebd8d581ee681	source_backed_public_duplicate	index_in_future_derivative_only	Sealed source asset SHA256 and bytes match this dist entry; old and new Git tree blob, mode and bytes match.	envelopes/build-web/source-before.json	eb414c0a5c82b49110c36e83c8fad83e16c35ff886560d1116511a334b52c910	public/assets/fairy-spear-0.json	07172d0dd93402de0f20e841cd3291c4954118dff9565856dd87402b9be3bd57	11564	100644	f518721ac5755638f1ca2b90301354431dacf320	83941bc80ce9ec08840b0645d9b33e8018d5309a	100644	f518721ac5755638f1ca2b90301354431dacf320	sealed_sha256_size_and_both_git_trees_match
/home/morgana/.codex/worktrees/assembled-allied-ai/orcs-vs-Fairies/work/ai-save401-final-453c221-r1	453c2218af9973b9eca8fb78392435bd9d46a740	dist/assets/fairy-spear-0.png	466630	15dff2226044a3d6756ba5a987c96e5476bddc9d77f037dc2ab10f80ac37480d	bf8ed2449d14c0f3bcf00d32af4ca831885c08212be96fecc96ebd8d581ee681	source_backed_public_duplicate	index_in_future_derivative_only	Sealed source asset SHA256 and bytes match this dist entry; old and new Git tree blob, mode and bytes match.	envelopes/build-web/source-before.json	eb414c0a5c82b49110c36e83c8fad83e16c35ff886560d1116511a334b52c910	public/assets/fairy-spear-0.png	15dff2226044a3d6756ba5a987c96e5476bddc9d77f037dc2ab10f80ac37480d	466630	100644	7d6fce104aabcf2765d381ac7262efbe00a20464	83941bc80ce9ec08840b0645d9b33e8018d5309a	100644	7d6fce104aabcf2765d381ac7262efbe00a20464	sealed_sha256_size_and_both_git_trees_match
/home/morgana/.codex/worktrees/assembled-allied-ai/orcs-vs-Fairies/work/ai-save401-final-453c221-r1	453c2218af9973b9eca8fb78392435bd9d46a740	dist/assets/fairy-spear-1.json	11628	bef85fc49dd0c45658ada8f3c13b89462ea30f690c78dbbad7d74c43d9527a5d	bf8ed2449d14c0f3bcf00d32af4ca831885c08212be96fecc96ebd8d581ee681	source_backed_public_duplicate	index_in_future_derivative_only	Sealed source asset SHA256 and bytes match this dist entry; old and new Git tree blob, mode and bytes match.	envelopes/build-web/source-before.json	eb414c0a5c82b49110c36e83c8fad83e16c35ff886560d1116511a334b52c910	public/assets/fairy-spear-1.json	bef85fc49dd0c45658ada8f3c13b89462ea30f690c78dbbad7d74c43d9527a5d	11628	100644	3fe5aa5dbfa8b3c7e329429bb0d355efbed4e25e	83941bc80ce9ec08840b0645d9b33e8018d5309a	100644	3fe5aa5dbfa8b3c7e329429bb0d355efbed4e25e	sealed_sha256_size_and_both_git_trees_match
/home/morgana/.codex/worktrees/assembled-allied-ai/orcs-vs-Fairies/work/ai-save401-final-453c221-r1	453c2218af9973b9eca8fb78392435bd9d46a740	dist/assets/fairy-spear-1.png	505380	efbacb1892294867ae7a6fde86d04f3410b82d5f433efc184e37345e8e74c66b	bf8ed2449d14c0f3bcf00d32af4ca831885c08212be96fecc96ebd8d581ee681	source_backed_public_duplicate	index_in_future_derivative_only	Sealed source asset SHA256 and bytes match this dist entry; old and new Git tree blob, mode and bytes match.	envelopes/build-web/source-before.json	eb414c0a5c82b49110c36e83c8fad83e16c35ff886560d1116511a334b52c910	public/assets/fairy-spear-1.png	efbacb1892294867ae7a6fde86d04f3410b82d5f433efc184e37345e8e74c66b	505380	100644	ab99c9c131d9583078b0b07111d27746ad7b26a4	83941bc80ce9ec08840b0645d9b33e8018d5309a	100644	ab99c9c131d9583078b0b07111d27746ad7b26a4	sealed_sha256_size_and_both_git_trees_match
/home/morgana/.codex/worktrees/assembled-allied-ai/orcs-vs-Fairies/work/ai-save401-final-453c221-r1	453c2218af9973b9eca8fb78392435bd9d46a740	dist/assets/fairy-spear-2.json	11635	180c18b3ef042e7621b6b2e46e5de3f03dd72e5813163403e82e30175e0c2649	bf8ed2449d14c0f3bcf00d32af4ca831885c08212be96fecc96ebd8d581ee681	source_backed_public_duplicate	index_in_future_derivative_only	Sealed source asset SHA256 and bytes match this dist entry; old and new Git tree blob, mode and bytes match.	envelopes/build-web/source-before.json	eb414c0a5c82b49110c36e83c8fad83e16c35ff886560d1116511a334b52c910	public/assets/fairy-spear-2.json	180c18b3ef042e7621b6b2e46e5de3f03dd72e5813163403e82e30175e0c2649	11635	100644	4bbd2b711d4a71a3f28513b05333f3e6846b569c	83941bc80ce9ec08840b0645d9b33e8018d5309a	100644	4bbd2b711d4a71a3f28513b05333f3e6846b569c	sealed_sha256_size_and_both_git_trees_match
/home/morgana/.codex/worktrees/assembled-allied-ai/orcs-vs-Fairies/work/ai-save401-final-453c221-r1	453c2218af9973b9eca8fb78392435bd9d46a740	dist/assets/fairy-spear-2.png	626485	8847288870489dec847a34df309f47b916e76b55bb307b33b716d81503a88721	bf8ed2449d14c0f3bcf00d32af4ca831885c08212be96fecc96ebd8d581ee681	source_backed_public_duplicate	index_in_future_derivative_only	Sealed source asset SHA256 and bytes match this dist entry; old and new Git tree blob, mode and bytes match.	envelopes/build-web/source-before.json	eb414c0a5c82b49110c36e83c8fad83e16c35ff886560d1116511a334b52c910	public/assets/fairy-spear-2.png	8847288870489dec847a34df309f47b916e76b55bb307b33b716d81503a88721	626485	100644	26311bdeeb9ea86b59efa57c4569388632670279	83941bc80ce9ec08840b0645d9b33e8018d5309a	100644	26311bdeeb9ea86b59efa57c4569388632670279	sealed_sha256_size_and_both_git_trees_match
/home/morgana/.codex/worktrees/assembled-allied-ai/orcs-vs-Fairies/work/ai-save401-final-453c221-r1	453c2218af9973b9eca8fb78392435bd9d46a740	dist/assets/fairy-special-0.json	18174	38ee77bb9a5299a6f6357afc4e61f02caa3a72a660e607b3051bb15436998cfc	bf8ed2449d14c0f3bcf00d32af4ca831885c08212be96fecc96ebd8d581ee681	source_backed_public_duplicate	index_in_future_derivative_only	Sealed source asset SHA256 and bytes match this dist entry; old and new Git tree blob, mode and bytes match.	envelopes/build-web/source-before.json	eb414c0a5c82b49110c36e83c8fad83e16c35ff886560d1116511a334b52c910	public/assets/fairy-special-0.json	38ee77bb9a5299a6f6357afc4e61f02caa3a72a660e607b3051bb15436998cfc	18174	100644	87f3f542e970713fd8b9c5ba9c06994fd5204a71	83941bc80ce9ec08840b0645d9b33e8018d5309a	100644	87f3f542e970713fd8b9c5ba9c06994fd5204a71	sealed_sha256_size_and_both_git_trees_match
/home/morgana/.codex/worktrees/assembled-allied-ai/orcs-vs-Fairies/work/ai-save401-final-453c221-r1	453c2218af9973b9eca8fb78392435bd9d46a740	dist/assets/fairy-special-0.png	903327	a7ad5c7348485975bd2f8949da4a6f2e9682f7df04755e246be0aa4f5ed78dea	bf8ed2449d14c0f3bcf00d32af4ca831885c08212be96fecc96ebd8d581ee681	source_backed_public_duplicate	index_in_future_derivative_only	Sealed source asset SHA256 and bytes match this dist entry; old and new Git tree blob, mode and bytes match.	envelopes/build-web/source-before.json	eb414c0a5c82b49110c36e83c8fad83e16c35ff886560d1116511a334b52c910	public/assets/fairy-special-0.png	a7ad5c7348485975bd2f8949da4a6f2e9682f7df04755e246be0aa4f5ed78dea	903327	100644	54e8a9278263ac840a8d8752eb959790e190739a	83941bc80ce9ec08840b0645d9b33e8018d5309a	100644	54e8a9278263ac840a8d8752eb959790e190739a	sealed_sha256_size_and_both_git_trees_match
/home/morgana/.codex/worktrees/assembled-allied-ai/orcs-vs-Fairies/work/ai-save401-final-453c221-r1	453c2218af9973b9eca8fb78392435bd9d46a740	dist/assets/fairy-special-1.json	16846	58fe4b7601cc48bb90bcd90ea03f06932a6e49c4994fd6e11163484490637f6b	bf8ed2449d14c0f3bcf00d32af4ca831885c08212be96fecc96ebd8d581ee681	source_backed_public_duplicate	index_in_future_derivative_only	Sealed source asset SHA256 and bytes match this dist entry; old and new Git tree blob, mode and bytes match.	envelopes/build-web/source-before.json	eb414c0a5c82b49110c36e83c8fad83e16c35ff886560d1116511a334b52c910	public/assets/fairy-special-1.json	58fe4b7601cc48bb90bcd90ea03f06932a6e49c4994fd6e11163484490637f6b	16846	100644	7541edd985f3c803889586746b97f6562a1664bd	83941bc80ce9ec08840b0645d9b33e8018d5309a	100644	7541edd985f3c803889586746b97f6562a1664bd	sealed_sha256_size_and_both_git_trees_match
/home/morgana/.codex/worktrees/assembled-allied-ai/orcs-vs-Fairies/work/ai-save401-final-453c221-r1	453c2218af9973b9eca8fb78392435bd9d46a740	dist/assets/fairy-special-1.png	998730	1097f728985c64018c337a2764ed2b1cfda5a0969c63acccbd2eeb5a4a92bc67	bf8ed2449d14c0f3bcf00d32af4ca831885c08212be96fecc96ebd8d581ee681	source_backed_public_duplicate	index_in_future_derivative_only	Sealed source asset SHA256 and bytes match this dist entry; old and new Git tree blob, mode and bytes match.	envelopes/build-web/source-before.json	eb414c0a5c82b49110c36e83c8fad83e16c35ff886560d1116511a334b52c910	public/assets/fairy-special-1.png	1097f728985c64018c337a2764ed2b1cfda5a0969c63acccbd2eeb5a4a92bc67	998730	100644	535327b4a2625f8640e65891e522099329c5f305	83941bc80ce9ec08840b0645d9b33e8018d5309a	100644	535327b4a2625f8640e65891e522099329c5f305	sealed_sha256_size_and_both_git_trees_match
/home/morgana/.codex/worktrees/assembled-allied-ai/orcs-vs-Fairies/work/ai-save401-final-453c221-r1	453c2218af9973b9eca8fb78392435bd9d46a740	dist/assets/fairy-tower-0.json	1035	e81c20f64980cfc06823dec08ae33869150788b259efffd0cb934916d0d77a2d	bf8ed2449d14c0f3bcf00d32af4ca831885c08212be96fecc96ebd8d581ee681	source_backed_public_duplicate	index_in_future_derivative_only	Sealed source asset SHA256 and bytes match this dist entry; old and new Git tree blob, mode and bytes match.	envelopes/build-web/source-before.json	eb414c0a5c82b49110c36e83c8fad83e16c35ff886560d1116511a334b52c910	public/assets/fairy-tower-0.json	e81c20f64980cfc06823dec08ae33869150788b259efffd0cb934916d0d77a2d	1035	100644	ef36f343735e685748654e7f781e3e856d0a3bff	83941bc80ce9ec08840b0645d9b33e8018d5309a	100644	ef36f343735e685748654e7f781e3e856d0a3bff	sealed_sha256_size_and_both_git_trees_match
/home/morgana/.codex/worktrees/assembled-allied-ai/orcs-vs-Fairies/work/ai-save401-final-453c221-r1	453c2218af9973b9eca8fb78392435bd9d46a740	dist/assets/fairy-tower-0.png	128185	fa0293e62c62509b84077e709d9a6cf1211bbdd40f736ed6ef66e5d71233ee66	bf8ed2449d14c0f3bcf00d32af4ca831885c08212be96fecc96ebd8d581ee681	source_backed_public_duplicate	index_in_future_derivative_only	Sealed source asset SHA256 and bytes match this dist entry; old and new Git tree blob, mode and bytes match.	envelopes/build-web/source-before.json	eb414c0a5c82b49110c36e83c8fad83e16c35ff886560d1116511a334b52c910	public/assets/fairy-tower-0.png	fa0293e62c62509b84077e709d9a6cf1211bbdd40f736ed6ef66e5d71233ee66	128185	100644	89d67edca9a751b70f5be204be050cfdf38e9e89	83941bc80ce9ec08840b0645d9b33e8018d5309a	100644	89d67edca9a751b70f5be204be050cfdf38e9e89	sealed_sha256_size_and_both_git_trees_match
/home/morgana/.codex/worktrees/assembled-allied-ai/orcs-vs-Fairies/work/ai-save401-final-453c221-r1	453c2218af9973b9eca8fb78392435bd9d46a740	dist/assets/fairy-wall-0.json	1015	aeed0177b2fc0de7a6a358397d1db3098ba8508d3f0ceece96890281483df4b9	bf8ed2449d14c0f3bcf00d32af4ca831885c08212be96fecc96ebd8d581ee681	source_backed_public_duplicate	index_in_future_derivative_only	Sealed source asset SHA256 and bytes match this dist entry; old and new Git tree blob, mode and bytes match.	envelopes/build-web/source-before.json	eb414c0a5c82b49110c36e83c8fad83e16c35ff886560d1116511a334b52c910	public/assets/fairy-wall-0.json	aeed0177b2fc0de7a6a358397d1db3098ba8508d3f0ceece96890281483df4b9	1015	100644	ebe431b23468ba7034ee03e1e2debfd1eaf351e6	83941bc80ce9ec08840b0645d9b33e8018d5309a	100644	ebe431b23468ba7034ee03e1e2debfd1eaf351e6	sealed_sha256_size_and_both_git_trees_match
/home/morgana/.codex/worktrees/assembled-allied-ai/orcs-vs-Fairies/work/ai-save401-final-453c221-r1	453c2218af9973b9eca8fb78392435bd9d46a740	dist/assets/fairy-wall-0.png	56815	1c67ee51391eb206c699569f1635745a56e93dc8d22a9e2350ed7821cf7cc4ff	bf8ed2449d14c0f3bcf00d32af4ca831885c08212be96fecc96ebd8d581ee681	source_backed_public_duplicate	index_in_future_derivative_only	Sealed source asset SHA256 and bytes match this dist entry; old and new Git tree blob, mode and bytes match.	envelopes/build-web/source-before.json	eb414c0a5c82b49110c36e83c8fad83e16c35ff886560d1116511a334b52c910	public/assets/fairy-wall-0.png	1c67ee51391eb206c699569f1635745a56e93dc8d22a9e2350ed7821cf7cc4ff	56815	100644	76a19e0f25bb4f38a3e185dca2b44ae59059aa6c	83941bc80ce9ec08840b0645d9b33e8018d5309a	100644	76a19e0f25bb4f38a3e185dca2b44ae59059aa6c	sealed_sha256_size_and_both_git_trees_match
/home/morgana/.codex/worktrees/assembled-allied-ai/orcs-vs-Fairies/work/ai-save401-final-453c221-r1	453c2218af9973b9eca8fb78392435bd9d46a740	dist/assets/fairy-worker-0.json	17897	c91e0a2c3c925f9f5ab6e4b41a07bfbe49b593bb41fc056866516639bdc2c5f7	bf8ed2449d14c0f3bcf00d32af4ca831885c08212be96fecc96ebd8d581ee681	source_backed_public_duplicate	index_in_future_derivative_only	Sealed source asset SHA256 and bytes match this dist entry; old and new Git tree blob, mode and bytes match.	envelopes/build-web/source-before.json	eb414c0a5c82b49110c36e83c8fad83e16c35ff886560d1116511a334b52c910	public/assets/fairy-worker-0.json	c91e0a2c3c925f9f5ab6e4b41a07bfbe49b593bb41fc056866516639bdc2c5f7	17897	100644	94706c03434d1715c3b71c661cd26a9214c20f29	83941bc80ce9ec08840b0645d9b33e8018d5309a	100644	94706c03434d1715c3b71c661cd26a9214c20f29	sealed_sha256_size_and_both_git_trees_match
/home/morgana/.codex/worktrees/assembled-allied-ai/orcs-vs-Fairies/work/ai-save401-final-453c221-r1	453c2218af9973b9eca8fb78392435bd9d46a740	dist/assets/fairy-worker-0.png	592585	7a5f11815ff683fbad358fa54788b150f2af351e547385a816fa227bef15c9c9	bf8ed2449d14c0f3bcf00d32af4ca831885c08212be96fecc96ebd8d581ee681	source_backed_public_duplicate	index_in_future_derivative_only	Sealed source asset SHA256 and bytes match this dist entry; old and new Git tree blob, mode and bytes match.	envelopes/build-web/source-before.json	eb414c0a5c82b49110c36e83c8fad83e16c35ff886560d1116511a334b52c910	public/assets/fairy-worker-0.png	7a5f11815ff683fbad358fa54788b150f2af351e547385a816fa227bef15c9c9	592585	100644	99c2b2dbbc3b5c5696d377b7e650b97f2cd57f18	83941bc80ce9ec08840b0645d9b33e8018d5309a	100644	99c2b2dbbc3b5c5696d377b7e650b97f2cd57f18	sealed_sha256_size_and_both_git_trees_match
/home/morgana/.codex/worktrees/assembled-allied-ai/orcs-vs-Fairies/work/ai-save401-final-453c221-r1	453c2218af9973b9eca8fb78392435bd9d46a740	dist/assets/fairy-worker-1.json	16606	e926a679882d687e91ec4d4f4140c80d07bb25a219aa912799e1a1e7280a41d4	bf8ed2449d14c0f3bcf00d32af4ca831885c08212be96fecc96ebd8d581ee681	source_backed_public_duplicate	index_in_future_derivative_only	Sealed source asset SHA256 and bytes match this dist entry; old and new Git tree blob, mode and bytes match.	envelopes/build-web/source-before.json	eb414c0a5c82b49110c36e83c8fad83e16c35ff886560d1116511a334b52c910	public/assets/fairy-worker-1.json	e926a679882d687e91ec4d4f4140c80d07bb25a219aa912799e1a1e7280a41d4	16606	100644	db23a565b2f4314b0c8241309173d6522831ed07	83941bc80ce9ec08840b0645d9b33e8018d5309a	100644	db23a565b2f4314b0c8241309173d6522831ed07	sealed_sha256_size_and_both_git_trees_match
/home/morgana/.codex/worktrees/assembled-allied-ai/orcs-vs-Fairies/work/ai-save401-final-453c221-r1	453c2218af9973b9eca8fb78392435bd9d46a740	dist/assets/fairy-worker-1.png	687912	d954c068724a3cdb42f7710796d8461f0a60b814486f65d6c455701eb43156c5	bf8ed2449d14c0f3bcf00d32af4ca831885c08212be96fecc96ebd8d581ee681	source_backed_public_duplicate	index_in_future_derivative_only	Sealed source asset SHA256 and bytes match this dist entry; old and new Git tree blob, mode and bytes match.	envelopes/build-web/source-before.json	eb414c0a5c82b49110c36e83c8fad83e16c35ff886560d1116511a334b52c910	public/assets/fairy-worker-1.png	d954c068724a3cdb42f7710796d8461f0a60b814486f65d6c455701eb43156c5	687912	100644	165e6f416d3eea975e5f37ff271e45c10a4baeac	83941bc80ce9ec08840b0645d9b33e8018d5309a	100644	165e6f416d3eea975e5f37ff271e45c10a4baeac	sealed_sha256_size_and_both_git_trees_match
/home/morgana/.codex/worktrees/assembled-allied-ai/orcs-vs-Fairies/work/ai-save401-final-453c221-r1	453c2218af9973b9eca8fb78392435bd9d46a740	dist/assets/flowers.png	2321	928922da03068328f14924ed4262f96395c75f2df274b9f6020ccf669a645889	bf8ed2449d14c0f3bcf00d32af4ca831885c08212be96fecc96ebd8d581ee681	source_backed_public_duplicate	index_in_future_derivative_only	Sealed source asset SHA256 and bytes match this dist entry; old and new Git tree blob, mode and bytes match.	envelopes/build-web/source-before.json	eb414c0a5c82b49110c36e83c8fad83e16c35ff886560d1116511a334b52c910	public/assets/flowers.png	928922da03068328f14924ed4262f96395c75f2df274b9f6020ccf669a645889	2321	100644	ad3e345afc81abe9823d3ef5f6276956737d4998	83941bc80ce9ec08840b0645d9b33e8018d5309a	100644	ad3e345afc81abe9823d3ef5f6276956737d4998	sealed_sha256_size_and_both_git_trees_match
/home/morgana/.codex/worktrees/assembled-allied-ai/orcs-vs-Fairies/work/ai-save401-final-453c221-r1	453c2218af9973b9eca8fb78392435bd9d46a740	dist/assets/main-BxMb13AF.js	2454689	2066a3347ad2ff3ffb6a1bcc39255f8c54bd91771a243e2c662645a155925902	bf8ed2449d14c0f3bcf00d32af4ca831885c08212be96fecc96ebd8d581ee681	generated_web_build	retain_actual_bytes	Retain generated output bytes; a new build is not proof of byte equality.											actual_bytes_required
/home/morgana/.codex/worktrees/assembled-allied-ai/orcs-vs-Fairies/work/ai-save401-final-453c221-r1	453c2218af9973b9eca8fb78392435bd9d46a740	dist/assets/main-CxCO6VnC.css	77477	101588d2cea582bbfbf023001329935a58a5a213e23d3201d1f4a9af25f50781	bf8ed2449d14c0f3bcf00d32af4ca831885c08212be96fecc96ebd8d581ee681	generated_web_build	retain_actual_bytes	Retain generated output bytes; a new build is not proof of byte equality.											actual_bytes_required
/home/morgana/.codex/worktrees/assembled-allied-ai/orcs-vs-Fairies/work/ai-save401-final-453c221-r1	453c2218af9973b9eca8fb78392435bd9d46a740	dist/assets/manifest.json	465759	bdb079abfd27fc3a77364c0f1032d1b5326374dbe436fc8fca26a758dcdf4143	bf8ed2449d14c0f3bcf00d32af4ca831885c08212be96fecc96ebd8d581ee681	source_backed_public_duplicate	index_in_future_derivative_only	Sealed source asset SHA256 and bytes match this dist entry; old and new Git tree blob, mode and bytes match.	envelopes/build-web/source-before.json	eb414c0a5c82b49110c36e83c8fad83e16c35ff886560d1116511a334b52c910	public/assets/manifest.json	bdb079abfd27fc3a77364c0f1032d1b5326374dbe436fc8fca26a758dcdf4143	465759	100644	7a808f43fce081290d108509fc179f1ef51e44fd	83941bc80ce9ec08840b0645d9b33e8018d5309a	100644	7a808f43fce081290d108509fc179f1ef51e44fd	sealed_sha256_size_and_both_git_trees_match
/home/morgana/.codex/worktrees/assembled-allied-ai/orcs-vs-Fairies/work/ai-save401-final-453c221-r1	453c2218af9973b9eca8fb78392435bd9d46a740	dist/assets/orc-barracks-0.json	1045	2cc13aaca709cde585341e5df4653b9c92dae175aebdbc6beb04306e769f0622	bf8ed2449d14c0f3bcf00d32af4ca831885c08212be96fecc96ebd8d581ee681	source_backed_public_duplicate	index_in_future_derivative_only	Sealed source asset SHA256 and bytes match this dist entry; old and new Git tree blob, mode and bytes match.	envelopes/build-web/source-before.json	eb414c0a5c82b49110c36e83c8fad83e16c35ff886560d1116511a334b52c910	public/assets/orc-barracks-0.json	2cc13aaca709cde585341e5df4653b9c92dae175aebdbc6beb04306e769f0622	1045	100644	018167e69c36e993de996ecc0f2c75d93c2a2221	83941bc80ce9ec08840b0645d9b33e8018d5309a	100644	018167e69c36e993de996ecc0f2c75d93c2a2221	sealed_sha256_size_and_both_git_trees_match
/home/morgana/.codex/worktrees/assembled-allied-ai/orcs-vs-Fairies/work/ai-save401-final-453c221-r1	453c2218af9973b9eca8fb78392435bd9d46a740	dist/assets/orc-barracks-0.png	187705	72db293814ca1f363f40b915a4c1e2471f6374fe6d6e7aaeec1b56ac2ba24590	bf8ed2449d14c0f3bcf00d32af4ca831885c08212be96fecc96ebd8d581ee681	source_backed_public_duplicate	index_in_future_derivative_only	Sealed source asset SHA256 and bytes match this dist entry; old and new Git tree blob, mode and bytes match.	envelopes/build-web/source-before.json	eb414c0a5c82b49110c36e83c8fad83e16c35ff886560d1116511a334b52c910	public/assets/orc-barracks-0.png	72db293814ca1f363f40b915a4c1e2471f6374fe6d6e7aaeec1b56ac2ba24590	187705	100644	2e4e19cdc37b3ec10023729c3f23df4171b8d3d9	83941bc80ce9ec08840b0645d9b33e8018d5309a	100644	2e4e19cdc37b3ec10023729c3f23df4171b8d3d9	sealed_sha256_size_and_both_git_trees_match
/home/morgana/.codex/worktrees/assembled-allied-ai/orcs-vs-Fairies/work/ai-save401-final-453c221-r1	453c2218af9973b9eca8fb78392435bd9d46a740	dist/assets/orc-cavalry-0.json	11535	efccc9fd1c4c1739b746dee7b76436e126b9a290821472bf68d6c25d68eabd38	bf8ed2449d14c0f3bcf00d32af4ca831885c08212be96fecc96ebd8d581ee681	source_backed_public_duplicate	index_in_future_derivative_only	Sealed source asset SHA256 and bytes match this dist entry; old and new Git tree blob, mode and bytes match.	envelopes/build-web/source-before.json	eb414c0a5c82b49110c36e83c8fad83e16c35ff886560d1116511a334b52c910	public/assets/orc-cavalry-0.json	efccc9fd1c4c1739b746dee7b76436e126b9a290821472bf68d6c25d68eabd38	11535	100644	3a705e616bfcfc298a7652814550d52b53043934	83941bc80ce9ec08840b0645d9b33e8018d5309a	100644	3a705e616bfcfc298a7652814550d52b53043934	sealed_sha256_size_and_both_git_trees_match
/home/morgana/.codex/worktrees/assembled-allied-ai/orcs-vs-Fairies/work/ai-save401-final-453c221-r1	453c2218af9973b9eca8fb78392435bd9d46a740	dist/assets/orc-cavalry-0.png	453913	bea74d74714a618ef3fa1be9fe1a70e1e196f8ec0127d4db0ffccfbfe3d166b1	bf8ed2449d14c0f3bcf00d32af4ca831885c08212be96fecc96ebd8d581ee681	source_backed_public_duplicate	index_in_future_derivative_only	Sealed source asset SHA256 and bytes match this dist entry; old and new Git tree blob, mode and bytes match.	envelopes/build-web/source-before.json	eb414c0a5c82b49110c36e83c8fad83e16c35ff886560d1116511a334b52c910	public/assets/orc-cavalry-0.png	bea74d74714a618ef3fa1be9fe1a70e1e196f8ec0127d4db0ffccfbfe3d166b1	453913	100644	12a9cd816c9b274a041e88da7aec6257394cfb2d	83941bc80ce9ec08840b0645d9b33e8018d5309a	100644	12a9cd816c9b274a041e88da7aec6257394cfb2d	sealed_sha256_size_and_both_git_trees_match
/home/morgana/.codex/worktrees/assembled-allied-ai/orcs-vs-Fairies/work/ai-save401-final-453c221-r1	453c2218af9973b9eca8fb78392435bd9d46a740	dist/assets/orc-cavalry-1.json	11597	5604eac6edaa1675a5aa621f69f20213256f9faca06a79c681a45c12f4c3d83b	bf8ed2449d14c0f3bcf00d32af4ca831885c08212be96fecc96ebd8d581ee681	source_backed_public_duplicate	index_in_future_derivative_only	Sealed source asset SHA256 and bytes match this dist entry; old and new Git tree blob, mode and bytes match.	envelopes/build-web/source-before.json	eb414c0a5c82b49110c36e83c8fad83e16c35ff886560d1116511a334b52c910	public/assets/orc-cavalry-1.json	5604eac6edaa1675a5aa621f69f20213256f9faca06a79c681a45c12f4c3d83b	11597	100644	dada8da838e6bedcc817a8230f6a36c54880732c	83941bc80ce9ec08840b0645d9b33e8018d5309a	100644	dada8da838e6bedcc817a8230f6a36c54880732c	sealed_sha256_size_and_both_git_trees_match
/home/morgana/.codex/worktrees/assembled-allied-ai/orcs-vs-Fairies/work/ai-save401-final-453c221-r1	453c2218af9973b9eca8fb78392435bd9d46a740	dist/assets/orc-cavalry-1.png	400878	1c258ecd6eca552e4414d717203107444fe4cfaaee8b1cae18229306f0481464	bf8ed2449d14c0f3bcf00d32af4ca831885c08212be96fecc96ebd8d581ee681	source_backed_public_duplicate	index_in_future_derivative_only	Sealed source asset SHA256 and bytes match this dist entry; old and new Git tree blob, mode and bytes match.	envelopes/build-web/source-before.json	eb414c0a5c82b49110c36e83c8fad83e16c35ff886560d1116511a334b52c910	public/assets/orc-cavalry-1.png	1c258ecd6eca552e4414d717203107444fe4cfaaee8b1cae18229306f0481464	400878	100644	2c6c04bd42583473f398648563b777f02b7fb93d	83941bc80ce9ec08840b0645d9b33e8018d5309a	100644	2c6c04bd42583473f398648563b777f02b7fb93d	sealed_sha256_size_and_both_git_trees_match
/home/morgana/.codex/worktrees/assembled-allied-ai/orcs-vs-Fairies/work/ai-save401-final-453c221-r1	453c2218af9973b9eca8fb78392435bd9d46a740	dist/assets/orc-cavalry-2.json	11623	d621f0d2e79b6b1e860f18303932ed36643f24840d09d32099f4e880cebee7d0	bf8ed2449d14c0f3bcf00d32af4ca831885c08212be96fecc96ebd8d581ee681	source_backed_public_duplicate	index_in_future_derivative_only	Sealed source asset SHA256 and bytes match this dist entry; old and new Git tree blob, mode and bytes match.	envelopes/build-web/source-before.json	eb414c0a5c82b49110c36e83c8fad83e16c35ff886560d1116511a334b52c910	public/assets/orc-cavalry-2.json	d621f0d2e79b6b1e860f18303932ed36643f24840d09d32099f4e880cebee7d0	11623	100644	c8a03c911a64d9d4224a248d5b6dbe1ccd98c3b9	83941bc80ce9ec08840b0645d9b33e8018d5309a	100644	c8a03c911a64d9d4224a248d5b6dbe1ccd98c3b9	sealed_sha256_size_and_both_git_trees_match
/home/morgana/.codex/worktrees/assembled-allied-ai/orcs-vs-Fairies/work/ai-save401-final-453c221-r1	453c2218af9973b9eca8fb78392435bd9d46a740	dist/assets/orc-cavalry-2.png	731192	bb9e88f3de045444bf27b657982aa21f7b9cc17b62a3d2cd9c46b35b0008ae1d	bf8ed2449d14c0f3bcf00d32af4ca831885c08212be96fecc96ebd8d581ee681	source_backed_public_duplicate	index_in_future_derivative_only	Sealed source asset SHA256 and bytes match this dist entry; old and new Git tree blob, mode and bytes match.	envelopes/build-web/source-before.json	eb414c0a5c82b49110c36e83c8fad83e16c35ff886560d1116511a334b52c910	public/assets/orc-cavalry-2.png	bb9e88f3de045444bf27b657982aa21f7b9cc17b62a3d2cd9c46b35b0008ae1d	731192	100644	36d9a779b417198ef3b50f93909c15f2d10a2ce5	83941bc80ce9ec08840b0645d9b33e8018d5309a	100644	36d9a779b417198ef3b50f93909c15f2d10a2ce5	sealed_sha256_size_and_both_git_trees_match
/home/morgana/.codex/worktrees/assembled-allied-ai/orcs-vs-Fairies/work/ai-save401-final-453c221-r1	453c2218af9973b9eca8fb78392435bd9d46a740	dist/assets/orc-depot-0.json	1021	3a46c413ce1a8cb8ed0dd1b241b20d0b38b0830b028402ba1718340cccace650	bf8ed2449d14c0f3bcf00d32af4ca831885c08212be96fecc96ebd8d581ee681	source_backed_public_duplicate	index_in_future_derivative_only	Sealed source asset SHA256 and bytes match this dist entry; old and new Git tree blob, mode and bytes match.	envelopes/build-web/source-before.json	eb414c0a5c82b49110c36e83c8fad83e16c35ff886560d1116511a334b52c910	public/assets/orc-depot-0.json	3a46c413ce1a8cb8ed0dd1b241b20d0b38b0830b028402ba1718340cccace650	1021	100644	41914048f36016c5bda58101a41b4d205f5d7d6e	83941bc80ce9ec08840b0645d9b33e8018d5309a	100644	41914048f36016c5bda58101a41b4d205f5d7d6e	sealed_sha256_size_and_both_git_trees_match
/home/morgana/.codex/worktrees/assembled-allied-ai/orcs-vs-Fairies/work/ai-save401-final-453c221-r1	453c2218af9973b9eca8fb78392435bd9d46a740	dist/assets/orc-depot-0.png	108004	c311a47efa740685f3bab7b7187d26d81555db0748b7ec39b41af2a2e7500bd2	bf8ed2449d14c0f3bcf00d32af4ca831885c08212be96fecc96ebd8d581ee681	source_backed_public_duplicate	index_in_future_derivative_only	Sealed source asset SHA256 and bytes match this dist entry; old and new Git tree blob, mode and bytes match.	envelopes/build-web/source-before.json	eb414c0a5c82b49110c36e83c8fad83e16c35ff886560d1116511a334b52c910	public/assets/orc-depot-0.png	c311a47efa740685f3bab7b7187d26d81555db0748b7ec39b41af2a2e7500bd2	108004	100644	8f53b7710a9381390b10082e87be6a7038dcc694	83941bc80ce9ec08840b0645d9b33e8018d5309a	100644	8f53b7710a9381390b10082e87be6a7038dcc694	sealed_sha256_size_and_both_git_trees_match
/home/morgana/.codex/worktrees/assembled-allied-ai/orcs-vs-Fairies/work/ai-save401-final-453c221-r1	453c2218af9973b9eca8fb78392435bd9d46a740	dist/assets/orc-gate-0.json	1194	9b810e169185105eb29c8a5a0e3d117470de1acc614c70cb93e2d5bd8e7b2eca	bf8ed2449d14c0f3bcf00d32af4ca831885c08212be96fecc96ebd8d581ee681	source_backed_public_duplicate	index_in_future_derivative_only	Sealed source asset SHA256 and bytes match this dist entry; old and new Git tree blob, mode and bytes match.	envelopes/build-web/source-before.json	eb414c0a5c82b49110c36e83c8fad83e16c35ff886560d1116511a334b52c910	public/assets/orc-gate-0.json	9b810e169185105eb29c8a5a0e3d117470de1acc614c70cb93e2d5bd8e7b2eca	1194	100644	86b709c7e7b8460caf8ee45d1db668efede227df	83941bc80ce9ec08840b0645d9b33e8018d5309a	100644	86b709c7e7b8460caf8ee45d1db668efede227df	sealed_sha256_size_and_both_git_trees_match
/home/morgana/.codex/worktrees/assembled-allied-ai/orcs-vs-Fairies/work/ai-save401-final-453c221-r1	453c2218af9973b9eca8fb78392435bd9d46a740	dist/assets/orc-gate-0.png	107004	0025af6ac7343c7dc79618d383080576f83f6cfc84675a1394e974d9164a3377	bf8ed2449d14c0f3bcf00d32af4ca831885c08212be96fecc96ebd8d581ee681	source_backed_public_duplicate	index_in_future_derivative_only	Sealed source asset SHA256 and bytes match this dist entry; old and new Git tree blob, mode and bytes match.	envelopes/build-web/source-before.json	eb414c0a5c82b49110c36e83c8fad83e16c35ff886560d1116511a334b52c910	public/assets/orc-gate-0.png	0025af6ac7343c7dc79618d383080576f83f6cfc84675a1394e974d9164a3377	107004	100644	ff795b0a1bcc73f871efab419f4eada7c1cf81f3	83941bc80ce9ec08840b0645d9b33e8018d5309a	100644	ff795b0a1bcc73f871efab419f4eada7c1cf81f3	sealed_sha256_size_and_both_git_trees_match
/home/morgana/.codex/worktrees/assembled-allied-ai/orcs-vs-Fairies/work/ai-save401-final-453c221-r1	453c2218af9973b9eca8fb78392435bd9d46a740	dist/assets/orc-hq-0.json	1009	d0167615d53afea2574916fbd27b1821c5ade286c7774f2fb574ab81f0f6b0e3	bf8ed2449d14c0f3bcf00d32af4ca831885c08212be96fecc96ebd8d581ee681	source_backed_public_duplicate	index_in_future_derivative_only	Sealed source asset SHA256 and bytes match this dist entry; old and new Git tree blob, mode and bytes match.	envelopes/build-web/source-before.json	eb414c0a5c82b49110c36e83c8fad83e16c35ff886560d1116511a334b52c910	public/assets/orc-hq-0.json	d0167615d53afea2574916fbd27b1821c5ade286c7774f2fb574ab81f0f6b0e3	1009	100644	e6a06ee6757e562209e52b1d3eaf43c82fedbbe0	83941bc80ce9ec08840b0645d9b33e8018d5309a	100644	e6a06ee6757e562209e52b1d3eaf43c82fedbbe0	sealed_sha256_size_and_both_git_trees_match
/home/morgana/.codex/worktrees/assembled-allied-ai/orcs-vs-Fairies/work/ai-save401-final-453c221-r1	453c2218af9973b9eca8fb78392435bd9d46a740	dist/assets/orc-hq-0.png	197989	77004af70f77fc1d9ece925b129667f5d1d7c8d99ba041f7d5a870c5dcaebd90	bf8ed2449d14c0f3bcf00d32af4ca831885c08212be96fecc96ebd8d581ee681	source_backed_public_duplicate	index_in_future_derivative_only	Sealed source asset SHA256 and bytes match this dist entry; old and new Git tree blob, mode and bytes match.	envelopes/build-web/source-before.json	eb414c0a5c82b49110c36e83c8fad83e16c35ff886560d1116511a334b52c910	public/assets/orc-hq-0.png	77004af70f77fc1d9ece925b129667f5d1d7c8d99ba041f7d5a870c5dcaebd90	197989	100644	8e9e495cc65f33b7de717b069b576ef2f0e1805a	83941bc80ce9ec08840b0645d9b33e8018d5309a	100644	8e9e495cc65f33b7de717b069b576ef2f0e1805a	sealed_sha256_size_and_both_git_trees_match
/home/morgana/.codex/worktrees/assembled-allied-ai/orcs-vs-Fairies/work/ai-save401-final-453c221-r1	453c2218af9973b9eca8fb78392435bd9d46a740	dist/assets/orc-melee-0.json	21260	860ce5305a43aea938a038b8d16d1e0de35f6a33f10e2c1ff29e3245a2a205fe	bf8ed2449d14c0f3bcf00d32af4ca831885c08212be96fecc96ebd8d581ee681	source_backed_public_duplicate	index_in_future_derivative_only	Sealed source asset SHA256 and bytes match this dist entry; old and new Git tree blob, mode and bytes match.	envelopes/build-web/source-before.json	eb414c0a5c82b49110c36e83c8fad83e16c35ff886560d1116511a334b52c910	public/assets/orc-melee-0.json	860ce5305a43aea938a038b8d16d1e0de35f6a33f10e2c1ff29e3245a2a205fe	21260	100644	1af01c4814760d055f8273723d759de6701dbf9c	83941bc80ce9ec08840b0645d9b33e8018d5309a	100644	1af01c4814760d055f8273723d759de6701dbf9c	sealed_sha256_size_and_both_git_trees_match
/home/morgana/.codex/worktrees/assembled-allied-ai/orcs-vs-Fairies/work/ai-save401-final-453c221-r1	453c2218af9973b9eca8fb78392435bd9d46a740	dist/assets/orc-melee-0.png	930477	7656821dc40c65e30e71c5401c24ff2209f04c90a66a250c5b7e125bec20d452	bf8ed2449d14c0f3bcf00d32af4ca831885c08212be96fecc96ebd8d581ee681	source_backed_public_duplicate	index_in_future_derivative_only	Sealed source asset SHA256 and bytes match this dist entry; old and new Git tree blob, mode and bytes match.	envelopes/build-web/source-before.json	eb414c0a5c82b49110c36e83c8fad83e16c35ff886560d1116511a334b52c910	public/assets/orc-melee-0.png	7656821dc40c65e30e71c5401c24ff2209f04c90a66a250c5b7e125bec20d452	930477	100644	bf787823972958d95ba566016e1380463b919fdf	83941bc80ce9ec08840b0645d9b33e8018d5309a	100644	bf787823972958d95ba566016e1380463b919fdf	sealed_sha256_size_and_both_git_trees_match
/home/morgana/.codex/worktrees/assembled-allied-ai/orcs-vs-Fairies/work/ai-save401-final-453c221-r1	453c2218af9973b9eca8fb78392435bd9d46a740	dist/assets/orc-melee-1.json	12795	90a12870baf06386d06c7fd21b5fbfff3eb78dcc7ee21f9c9190119d8ced7d52	bf8ed2449d14c0f3bcf00d32af4ca831885c08212be96fecc96ebd8d581ee681	source_backed_public_duplicate	index_in_future_derivative_only	Sealed source asset SHA256 and bytes match this dist entry; old and new Git tree blob, mode and bytes match.	envelopes/build-web/source-before.json	eb414c0a5c82b49110c36e83c8fad83e16c35ff886560d1116511a334b52c910	public/assets/orc-melee-1.json	90a12870baf06386d06c7fd21b5fbfff3eb78dcc7ee21f9c9190119d8ced7d52	12795	100644	4cee08d5238fa4a3392ff000d5b6a2ca9b415dae	83941bc80ce9ec08840b0645d9b33e8018d5309a	100644	4cee08d5238fa4a3392ff000d5b6a2ca9b415dae	sealed_sha256_size_and_both_git_trees_match
/home/morgana/.codex/worktrees/assembled-allied-ai/orcs-vs-Fairies/work/ai-save401-final-453c221-r1	453c2218af9973b9eca8fb78392435bd9d46a740	dist/assets/orc-melee-1.png	714649	90a27742141fde5f0f5a5a1a8ca70c6daf21f3edb45c06e5867f0e32ba3e2443	bf8ed2449d14c0f3bcf00d32af4ca831885c08212be96fecc96ebd8d581ee681	source_backed_public_duplicate	index_in_future_derivative_only	Sealed source asset SHA256 and bytes match this dist entry; old and new Git tree blob, mode and bytes match.	envelopes/build-web/source-before.json	eb414c0a5c82b49110c36e83c8fad83e16c35ff886560d1116511a334b52c910	public/assets/orc-melee-1.png	90a27742141fde5f0f5a5a1a8ca70c6daf21f3edb45c06e5867f0e32ba3e2443	714649	100644	e40810dcd5ae342ff9907e043e2c5abd66048089	83941bc80ce9ec08840b0645d9b33e8018d5309a	100644	e40810dcd5ae342ff9907e043e2c5abd66048089	sealed_sha256_size_and_both_git_trees_match
/home/morgana/.codex/worktrees/assembled-allied-ai/orcs-vs-Fairies/work/ai-save401-final-453c221-r1	453c2218af9973b9eca8fb78392435bd9d46a740	dist/assets/orc-ranged-0.json	21309	5e173c2f70b75085d0d86109e0f725505b084f5b4d4bfff285e0c7ae3b12de1e	bf8ed2449d14c0f3bcf00d32af4ca831885c08212be96fecc96ebd8d581ee681	source_backed_public_duplicate	index_in_future_derivative_only	Sealed source asset SHA256 and bytes match this dist entry; old and new Git tree blob, mode and bytes match.	envelopes/build-web/source-before.json	eb414c0a5c82b49110c36e83c8fad83e16c35ff886560d1116511a334b52c910	public/assets/orc-ranged-0.json	5e173c2f70b75085d0d86109e0f725505b084f5b4d4bfff285e0c7ae3b12de1e	21309	100644	da7cca92499315d7f151700b4a591b196053df8e	83941bc80ce9ec08840b0645d9b33e8018d5309a	100644	da7cca92499315d7f151700b4a591b196053df8e	sealed_sha256_size_and_both_git_trees_match
/home/morgana/.codex/worktrees/assembled-allied-ai/orcs-vs-Fairies/work/ai-save401-final-453c221-r1	453c2218af9973b9eca8fb78392435bd9d46a740	dist/assets/orc-ranged-0.png	790751	3b0d14933033f6fa34442c7cb0654cef8d77955383c0a742c2d3f61d1f9f0057	bf8ed2449d14c0f3bcf00d32af4ca831885c08212be96fecc96ebd8d581ee681	source_backed_public_duplicate	index_in_future_derivative_only	Sealed source asset SHA256 and bytes match this dist entry; old and new Git tree blob, mode and bytes match.	envelopes/build-web/source-before.json	eb414c0a5c82b49110c36e83c8fad83e16c35ff886560d1116511a334b52c910	public/assets/orc-ranged-0.png	3b0d14933033f6fa34442c7cb0654cef8d77955383c0a742c2d3f61d1f9f0057	790751	100644	14fa6e7d1644ff58d165bf0292f8bc95867fb584	83941bc80ce9ec08840b0645d9b33e8018d5309a	100644	14fa6e7d1644ff58d165bf0292f8bc95867fb584	sealed_sha256_size_and_both_git_trees_match
/home/morgana/.codex/worktrees/assembled-allied-ai/orcs-vs-Fairies/work/ai-save401-final-453c221-r1	453c2218af9973b9eca8fb78392435bd9d46a740	dist/assets/orc-ranged-1.json	12852	dd623ab4c165598f0d34aebf76baa7276081b566f9e803c112f890fa09d875f6	bf8ed2449d14c0f3bcf00d32af4ca831885c08212be96fecc96ebd8d581ee681	source_backed_public_duplicate	index_in_future_derivative_only	Sealed source asset SHA256 and bytes match this dist entry; old and new Git tree blob, mode and bytes match.	envelopes/build-web/source-before.json	eb414c0a5c82b49110c36e83c8fad83e16c35ff886560d1116511a334b52c910	public/assets/orc-ranged-1.json	dd623ab4c165598f0d34aebf76baa7276081b566f9e803c112f890fa09d875f6	12852	100644	2bf40a90631da7045076ce30740ae75d0f283c18	83941bc80ce9ec08840b0645d9b33e8018d5309a	100644	2bf40a90631da7045076ce30740ae75d0f283c18	sealed_sha256_size_and_both_git_trees_match
/home/morgana/.codex/worktrees/assembled-allied-ai/orcs-vs-Fairies/work/ai-save401-final-453c221-r1	453c2218af9973b9eca8fb78392435bd9d46a740	dist/assets/orc-ranged-1.png	587740	3ae6ca0448e157745883c9167cc35c23dfa915b93c37f2b8ab6a4956858f1473	bf8ed2449d14c0f3bcf00d32af4ca831885c08212be96fecc96ebd8d581ee681	source_backed_public_duplicate	index_in_future_derivative_only	Sealed source asset SHA256 and bytes match this dist entry; old and new Git tree blob, mode and bytes match.	envelopes/build-web/source-before.json	eb414c0a5c82b49110c36e83c8fad83e16c35ff886560d1116511a334b52c910	public/assets/orc-ranged-1.png	3ae6ca0448e157745883c9167cc35c23dfa915b93c37f2b8ab6a4956858f1473	587740	100644	d1fa954c8fce5646d5f106ebf176fb630559a486	83941bc80ce9ec08840b0645d9b33e8018d5309a	100644	d1fa954c8fce5646d5f106ebf176fb630559a486	sealed_sha256_size_and_both_git_trees_match
/home/morgana/.codex/worktrees/assembled-allied-ai/orcs-vs-Fairies/work/ai-save401-final-453c221-r1	453c2218af9973b9eca8fb78392435bd9d46a740	dist/assets/orc-siege-0.json	11446	86b39c03496cac71f6f40dda700cc82a19e8adac611b4948fcb43b32613c3971	bf8ed2449d14c0f3bcf00d32af4ca831885c08212be96fecc96ebd8d581ee681	source_backed_public_duplicate	index_in_future_derivative_only	Sealed source asset SHA256 and bytes match this dist entry; old and new Git tree blob, mode and bytes match.	envelopes/build-web/source-before.json	eb414c0a5c82b49110c36e83c8fad83e16c35ff886560d1116511a334b52c910	public/assets/orc-siege-0.json	86b39c03496cac71f6f40dda700cc82a19e8adac611b4948fcb43b32613c3971	11446	100644	6d5e8e47c95551021a3538822026d749644d73ef	83941bc80ce9ec08840b0645d9b33e8018d5309a	100644	6d5e8e47c95551021a3538822026d749644d73ef	sealed_sha256_size_and_both_git_trees_match
/home/morgana/.codex/worktrees/assembled-allied-ai/orcs-vs-Fairies/work/ai-save401-final-453c221-r1	453c2218af9973b9eca8fb78392435bd9d46a740	dist/assets/orc-siege-0.png	594903	eca4c524f94f938fb3c9fefad50e666d952a7b1fcdb95505ed0da5f869efc1f6	bf8ed2449d14c0f3bcf00d32af4ca831885c08212be96fecc96ebd8d581ee681	source_backed_public_duplicate	index_in_future_derivative_only	Sealed source asset SHA256 and bytes match this dist entry; old and new Git tree blob, mode and bytes match.	envelopes/build-web/source-before.json	eb414c0a5c82b49110c36e83c8fad83e16c35ff886560d1116511a334b52c910	public/assets/orc-siege-0.png	eca4c524f94f938fb3c9fefad50e666d952a7b1fcdb95505ed0da5f869efc1f6	594903	100644	d6c76046fb2e645c05bbe3272c0953d9199ee1eb	83941bc80ce9ec08840b0645d9b33e8018d5309a	100644	d6c76046fb2e645c05bbe3272c0953d9199ee1eb	sealed_sha256_size_and_both_git_trees_match
/home/morgana/.codex/worktrees/assembled-allied-ai/orcs-vs-Fairies/work/ai-save401-final-453c221-r1	453c2218af9973b9eca8fb78392435bd9d46a740	dist/assets/orc-siege-1.json	11534	95a77c1c33d59f4e9524d7b45f0bc668e6c07bef9fbe26032738c15db37d3ada	bf8ed2449d14c0f3bcf00d32af4ca831885c08212be96fecc96ebd8d581ee681	source_backed_public_duplicate	index_in_future_derivative_only	Sealed source asset SHA256 and bytes match this dist entry; old and new Git tree blob, mode and bytes match.	envelopes/build-web/source-before.json	eb414c0a5c82b49110c36e83c8fad83e16c35ff886560d1116511a334b52c910	public/assets/orc-siege-1.json	95a77c1c33d59f4e9524d7b45f0bc668e6c07bef9fbe26032738c15db37d3ada	11534	100644	42af6133ae10d50d689650debcc2781826ae7769	83941bc80ce9ec08840b0645d9b33e8018d5309a	100644	42af6133ae10d50d689650debcc2781826ae7769	sealed_sha256_size_and_both_git_trees_match
/home/morgana/.codex/worktrees/assembled-allied-ai/orcs-vs-Fairies/work/ai-save401-final-453c221-r1	453c2218af9973b9eca8fb78392435bd9d46a740	dist/assets/orc-siege-1.png	579525	e361df360aba787f5cc21b62a2b1c9f54978c7a56aa5dde81e0f4cdb78801e92	bf8ed2449d14c0f3bcf00d32af4ca831885c08212be96fecc96ebd8d581ee681	source_backed_public_duplicate	index_in_future_derivative_only	Sealed source asset SHA256 and bytes match this dist entry; old and new Git tree blob, mode and bytes match.	envelopes/build-web/source-before.json	eb414c0a5c82b49110c36e83c8fad83e16c35ff886560d1116511a334b52c910	public/assets/orc-siege-1.png	e361df360aba787f5cc21b62a2b1c9f54978c7a56aa5dde81e0f4cdb78801e92	579525	100644	206522648dd39f0108322280dfbeec4901e1ef20	83941bc80ce9ec08840b0645d9b33e8018d5309a	100644	206522648dd39f0108322280dfbeec4901e1ef20	sealed_sha256_size_and_both_git_trees_match
/home/morgana/.codex/worktrees/assembled-allied-ai/orcs-vs-Fairies/work/ai-save401-final-453c221-r1	453c2218af9973b9eca8fb78392435bd9d46a740	dist/assets/orc-siege-2.json	11522	5aebf7a13b82ebe95077d0be76bf4a186fd3153eaffeb3d25c0d870f39bffda8	bf8ed2449d14c0f3bcf00d32af4ca831885c08212be96fecc96ebd8d581ee681	source_backed_public_duplicate	index_in_future_derivative_only	Sealed source asset SHA256 and bytes match this dist entry; old and new Git tree blob, mode and bytes match.	envelopes/build-web/source-before.json	eb414c0a5c82b49110c36e83c8fad83e16c35ff886560d1116511a334b52c910	public/assets/orc-siege-2.json	5aebf7a13b82ebe95077d0be76bf4a186fd3153eaffeb3d25c0d870f39bffda8	11522	100644	30ed1eeb0f9f8c1055af52bb79c8453d0eab532a	83941bc80ce9ec08840b0645d9b33e8018d5309a	100644	30ed1eeb0f9f8c1055af52bb79c8453d0eab532a	sealed_sha256_size_and_both_git_trees_match
/home/morgana/.codex/worktrees/assembled-allied-ai/orcs-vs-Fairies/work/ai-save401-final-453c221-r1	453c2218af9973b9eca8fb78392435bd9d46a740	dist/assets/orc-siege-2.png	846435	3c1a5acf2af2e41ed970786b4b4c3ca2add70044d953d2b1843db4270157dd86	bf8ed2449d14c0f3bcf00d32af4ca831885c08212be96fecc96ebd8d581ee681	source_backed_public_duplicate	index_in_future_derivative_only	Sealed source asset SHA256 and bytes match this dist entry; old and new Git tree blob, mode and bytes match.	envelopes/build-web/source-before.json	eb414c0a5c82b49110c36e83c8fad83e16c35ff886560d1116511a334b52c910	public/assets/orc-siege-2.png	3c1a5acf2af2e41ed970786b4b4c3ca2add70044d953d2b1843db4270157dd86	846435	100644	0c80bdf14ce1f7d3f99cd0f944be495b841097e0	83941bc80ce9ec08840b0645d9b33e8018d5309a	100644	0c80bdf14ce1f7d3f99cd0f944be495b841097e0	sealed_sha256_size_and_both_git_trees_match
/home/morgana/.codex/worktrees/assembled-allied-ai/orcs-vs-Fairies/work/ai-save401-final-453c221-r1	453c2218af9973b9eca8fb78392435bd9d46a740	dist/assets/orc-spear-0.json	11362	061ed46c263fdc148cf59ac228a5e909f24a81d394eedd49b78bc4ad66005c8e	bf8ed2449d14c0f3bcf00d32af4ca831885c08212be96fecc96ebd8d581ee681	source_backed_public_duplicate	index_in_future_derivative_only	Sealed source asset SHA256 and bytes match this dist entry; old and new Git tree blob, mode and bytes match.	envelopes/build-web/source-before.json	eb414c0a5c82b49110c36e83c8fad83e16c35ff886560d1116511a334b52c910	public/assets/orc-spear-0.json	061ed46c263fdc148cf59ac228a5e909f24a81d394eedd49b78bc4ad66005c8e	11362	100644	177c5d6e7dfdf438d4651353b0c62e65fee4e715	83941bc80ce9ec08840b0645d9b33e8018d5309a	100644	177c5d6e7dfdf438d4651353b0c62e65fee4e715	sealed_sha256_size_and_both_git_trees_match
/home/morgana/.codex/worktrees/assembled-allied-ai/orcs-vs-Fairies/work/ai-save401-final-453c221-r1	453c2218af9973b9eca8fb78392435bd9d46a740	dist/assets/orc-spear-0.png	464089	af01e1641dce833999f2f78100883e4a2b6e4dd53c6993a704e5e91f5aa3677c	bf8ed2449d14c0f3bcf00d32af4ca831885c08212be96fecc96ebd8d581ee681	source_backed_public_duplicate	index_in_future_derivative_only	Sealed source asset SHA256 and bytes match this dist entry; old and new Git tree blob, mode and bytes match.	envelopes/build-web/source-before.json	eb414c0a5c82b49110c36e83c8fad83e16c35ff886560d1116511a334b52c910	public/assets/orc-spear-0.png	af01e1641dce833999f2f78100883e4a2b6e4dd53c6993a704e5e91f5aa3677c	464089	100644	43fb81e055425d2a4903d4bce05913c7af8f58b6	83941bc80ce9ec08840b0645d9b33e8018d5309a	100644	43fb81e055425d2a4903d4bce05913c7af8f58b6	sealed_sha256_size_and_both_git_trees_match
/home/morgana/.codex/worktrees/assembled-allied-ai/orcs-vs-Fairies/work/ai-save401-final-453c221-r1	453c2218af9973b9eca8fb78392435bd9d46a740	dist/assets/orc-spear-1.json	11451	7b7cd29b4e76f1b754315b96dd1458ad3b597400d5618d843fef82d423b06c44	bf8ed2449d14c0f3bcf00d32af4ca831885c08212be96fecc96ebd8d581ee681	source_backed_public_duplicate	index_in_future_derivative_only	Sealed source asset SHA256 and bytes match this dist entry; old and new Git tree blob, mode and bytes match.	envelopes/build-web/source-before.json	eb414c0a5c82b49110c36e83c8fad83e16c35ff886560d1116511a334b52c910	public/assets/orc-spear-1.json	7b7cd29b4e76f1b754315b96dd1458ad3b597400d5618d843fef82d423b06c44	11451	100644	cdf602d0e0d6dc7a9aa474bd47ae8e7f58b96787	83941bc80ce9ec08840b0645d9b33e8018d5309a	100644	cdf602d0e0d6dc7a9aa474bd47ae8e7f58b96787	sealed_sha256_size_and_both_git_trees_match
/home/morgana/.codex/worktrees/assembled-allied-ai/orcs-vs-Fairies/work/ai-save401-final-453c221-r1	453c2218af9973b9eca8fb78392435bd9d46a740	dist/assets/orc-spear-1.png	392316	f346844a6a7c86d25f0f9746bd88bd14f1eca20e25c37c2756a9ff4171f910c2	bf8ed2449d14c0f3bcf00d32af4ca831885c08212be96fecc96ebd8d581ee681	source_backed_public_duplicate	index_in_future_derivative_only	Sealed source asset SHA256 and bytes match this dist entry; old and new Git tree blob, mode and bytes match.	envelopes/build-web/source-before.json	eb414c0a5c82b49110c36e83c8fad83e16c35ff886560d1116511a334b52c910	public/assets/orc-spear-1.png	f346844a6a7c86d25f0f9746bd88bd14f1eca20e25c37c2756a9ff4171f910c2	392316	100644	4930695410b31d496dcac7a4dae15aea5b75387a	83941bc80ce9ec08840b0645d9b33e8018d5309a	100644	4930695410b31d496dcac7a4dae15aea5b75387a	sealed_sha256_size_and_both_git_trees_match
/home/morgana/.codex/worktrees/assembled-allied-ai/orcs-vs-Fairies/work/ai-save401-final-453c221-r1	453c2218af9973b9eca8fb78392435bd9d46a740	dist/assets/orc-spear-2.json	11474	f390ecb3d95bbe3a26cf4b5a288f2d9847b723fb4c23687bf420d1adda25e242	bf8ed2449d14c0f3bcf00d32af4ca831885c08212be96fecc96ebd8d581ee681	source_backed_public_duplicate	index_in_future_derivative_only	Sealed source asset SHA256 and bytes match this dist entry; old and new Git tree blob, mode and bytes match.	envelopes/build-web/source-before.json	eb414c0a5c82b49110c36e83c8fad83e16c35ff886560d1116511a334b52c910	public/assets/orc-spear-2.json	f390ecb3d95bbe3a26cf4b5a288f2d9847b723fb4c23687bf420d1adda25e242	11474	100644	d0ae92083d75e3348bcda8d123de9f91cd97ffdb	83941bc80ce9ec08840b0645d9b33e8018d5309a	100644	d0ae92083d75e3348bcda8d123de9f91cd97ffdb	sealed_sha256_size_and_both_git_trees_match
/home/morgana/.codex/worktrees/assembled-allied-ai/orcs-vs-Fairies/work/ai-save401-final-453c221-r1	453c2218af9973b9eca8fb78392435bd9d46a740	dist/assets/orc-spear-2.png	637591	01361bd2d08effa4a3c1960274603896e9bba3551ed8bb8c613ea09ef2f28c85	bf8ed2449d14c0f3bcf00d32af4ca831885c08212be96fecc96ebd8d581ee681	source_backed_public_duplicate	index_in_future_derivative_only	Sealed source asset SHA256 and bytes match this dist entry; old and new Git tree blob, mode and bytes match.	envelopes/build-web/source-before.json	eb414c0a5c82b49110c36e83c8fad83e16c35ff886560d1116511a334b52c910	public/assets/orc-spear-2.png	01361bd2d08effa4a3c1960274603896e9bba3551ed8bb8c613ea09ef2f28c85	637591	100644	87caf9b7189634bf39a6828f25f5f673877972c2	83941bc80ce9ec08840b0645d9b33e8018d5309a	100644	87caf9b7189634bf39a6828f25f5f673877972c2	sealed_sha256_size_and_both_git_trees_match
/home/morgana/.codex/worktrees/assembled-allied-ai/orcs-vs-Fairies/work/ai-save401-final-453c221-r1	453c2218af9973b9eca8fb78392435bd9d46a740	dist/assets/orc-special-0.json	21446	425de3d2c6bfb39da24f130e4fae10edbd2c3479f6147da6ac2e9b174ea5dbb1	bf8ed2449d14c0f3bcf00d32af4ca831885c08212be96fecc96ebd8d581ee681	source_backed_public_duplicate	index_in_future_derivative_only	Sealed source asset SHA256 and bytes match this dist entry; old and new Git tree blob, mode and bytes match.	envelopes/build-web/source-before.json	eb414c0a5c82b49110c36e83c8fad83e16c35ff886560d1116511a334b52c910	public/assets/orc-special-0.json	425de3d2c6bfb39da24f130e4fae10edbd2c3479f6147da6ac2e9b174ea5dbb1	21446	100644	de2e1a2fb02f7798322c43752ad7547926759c3f	83941bc80ce9ec08840b0645d9b33e8018d5309a	100644	de2e1a2fb02f7798322c43752ad7547926759c3f	sealed_sha256_size_and_both_git_trees_match
/home/morgana/.codex/worktrees/assembled-allied-ai/orcs-vs-Fairies/work/ai-save401-final-453c221-r1	453c2218af9973b9eca8fb78392435bd9d46a740	dist/assets/orc-special-0.png	950480	10a72b7cd8c3a22ed4e30a00a5be5ab826d4357a26e947cee7d153ec4ae66a4d	bf8ed2449d14c0f3bcf00d32af4ca831885c08212be96fecc96ebd8d581ee681	source_backed_public_duplicate	index_in_future_derivative_only	Sealed source asset SHA256 and bytes match this dist entry; old and new Git tree blob, mode and bytes match.	envelopes/build-web/source-before.json	eb414c0a5c82b49110c36e83c8fad83e16c35ff886560d1116511a334b52c910	public/assets/orc-special-0.png	10a72b7cd8c3a22ed4e30a00a5be5ab826d4357a26e947cee7d153ec4ae66a4d	950480	100644	0cfcb9eca62f6be7659f13b2ae10013c33977b0f	83941bc80ce9ec08840b0645d9b33e8018d5309a	100644	0cfcb9eca62f6be7659f13b2ae10013c33977b0f	sealed_sha256_size_and_both_git_trees_match
/home/morgana/.codex/worktrees/assembled-allied-ai/orcs-vs-Fairies/work/ai-save401-final-453c221-r1	453c2218af9973b9eca8fb78392435bd9d46a740	dist/assets/orc-special-1.json	12924	97718f49d6251ea79fa0564cda3e7bb1e9fd5e05b12edaa5a9935024ae1432c7	bf8ed2449d14c0f3bcf00d32af4ca831885c08212be96fecc96ebd8d581ee681	source_backed_public_duplicate	index_in_future_derivative_only	Sealed source asset SHA256 and bytes match this dist entry; old and new Git tree blob, mode and bytes match.	envelopes/build-web/source-before.json	eb414c0a5c82b49110c36e83c8fad83e16c35ff886560d1116511a334b52c910	public/assets/orc-special-1.json	97718f49d6251ea79fa0564cda3e7bb1e9fd5e05b12edaa5a9935024ae1432c7	12924	100644	a682153943096a9362d9ddd3cf7b7149c060f8f6	83941bc80ce9ec08840b0645d9b33e8018d5309a	100644	a682153943096a9362d9ddd3cf7b7149c060f8f6	sealed_sha256_size_and_both_git_trees_match
/home/morgana/.codex/worktrees/assembled-allied-ai/orcs-vs-Fairies/work/ai-save401-final-453c221-r1	453c2218af9973b9eca8fb78392435bd9d46a740	dist/assets/orc-special-1.png	723207	61d1b8f5497e0a7ffd041b0cc23fd69a4231b66edd08e56e729ce54acffa98a2	bf8ed2449d14c0f3bcf00d32af4ca831885c08212be96fecc96ebd8d581ee681	source_backed_public_duplicate	index_in_future_derivative_only	Sealed source asset SHA256 and bytes match this dist entry; old and new Git tree blob, mode and bytes match.	envelopes/build-web/source-before.json	eb414c0a5c82b49110c36e83c8fad83e16c35ff886560d1116511a334b52c910	public/assets/orc-special-1.png	61d1b8f5497e0a7ffd041b0cc23fd69a4231b66edd08e56e729ce54acffa98a2	723207	100644	5201394512d5a871e22031501cf74c1c73ec33f1	83941bc80ce9ec08840b0645d9b33e8018d5309a	100644	5201394512d5a871e22031501cf74c1c73ec33f1	sealed_sha256_size_and_both_git_trees_match
/home/morgana/.codex/worktrees/assembled-allied-ai/orcs-vs-Fairies/work/ai-save401-final-453c221-r1	453c2218af9973b9eca8fb78392435bd9d46a740	dist/assets/orc-tower-0.json	1021	2c74a31e276018d22a2d45931c680108668dd3fda98210b2d864d385d9b02587	bf8ed2449d14c0f3bcf00d32af4ca831885c08212be96fecc96ebd8d581ee681	source_backed_public_duplicate	index_in_future_derivative_only	Sealed source asset SHA256 and bytes match this dist entry; old and new Git tree blob, mode and bytes match.	envelopes/build-web/source-before.json	eb414c0a5c82b49110c36e83c8fad83e16c35ff886560d1116511a334b52c910	public/assets/orc-tower-0.json	2c74a31e276018d22a2d45931c680108668dd3fda98210b2d864d385d9b02587	1021	100644	3301ea277ac40aeffb130f72670087e8d40d3e7c	83941bc80ce9ec08840b0645d9b33e8018d5309a	100644	3301ea277ac40aeffb130f72670087e8d40d3e7c	sealed_sha256_size_and_both_git_trees_match
/home/morgana/.codex/worktrees/assembled-allied-ai/orcs-vs-Fairies/work/ai-save401-final-453c221-r1	453c2218af9973b9eca8fb78392435bd9d46a740	dist/assets/orc-tower-0.png	152231	4feb489b030830215b82bf797ca5fa51d36f903136a75607f9f9f44b7fefa530	bf8ed2449d14c0f3bcf00d32af4ca831885c08212be96fecc96ebd8d581ee681	source_backed_public_duplicate	index_in_future_derivative_only	Sealed source asset SHA256 and bytes match this dist entry; old and new Git tree blob, mode and bytes match.	envelopes/build-web/source-before.json	eb414c0a5c82b49110c36e83c8fad83e16c35ff886560d1116511a334b52c910	public/assets/orc-tower-0.png	4feb489b030830215b82bf797ca5fa51d36f903136a75607f9f9f44b7fefa530	152231	100644	bbc89ed95a3fcc64c65af8e8fb1bec2bc7baddc3	83941bc80ce9ec08840b0645d9b33e8018d5309a	100644	bbc89ed95a3fcc64c65af8e8fb1bec2bc7baddc3	sealed_sha256_size_and_both_git_trees_match
/home/morgana/.codex/worktrees/assembled-allied-ai/orcs-vs-Fairies/work/ai-save401-final-453c221-r1	453c2218af9973b9eca8fb78392435bd9d46a740	dist/assets/orc-wall-0.json	1001	d3e2284ab4aa1eef9be64e3705a61fffe7d2fe44c012522bd2cd2096f27af0ff	bf8ed2449d14c0f3bcf00d32af4ca831885c08212be96fecc96ebd8d581ee681	source_backed_public_duplicate	index_in_future_derivative_only	Sealed source asset SHA256 and bytes match this dist entry; old and new Git tree blob, mode and bytes match.	envelopes/build-web/source-before.json	eb414c0a5c82b49110c36e83c8fad83e16c35ff886560d1116511a334b52c910	public/assets/orc-wall-0.json	d3e2284ab4aa1eef9be64e3705a61fffe7d2fe44c012522bd2cd2096f27af0ff	1001	100644	33bf9c9871c0d7b695c54541b59d27a2cb82d804	83941bc80ce9ec08840b0645d9b33e8018d5309a	100644	33bf9c9871c0d7b695c54541b59d27a2cb82d804	sealed_sha256_size_and_both_git_trees_match
/home/morgana/.codex/worktrees/assembled-allied-ai/orcs-vs-Fairies/work/ai-save401-final-453c221-r1	453c2218af9973b9eca8fb78392435bd9d46a740	dist/assets/orc-wall-0.png	50391	e00a3add65100b983024253dcc0673a1dde4fddfed46daf03a3018ecf3eefbb5	bf8ed2449d14c0f3bcf00d32af4ca831885c08212be96fecc96ebd8d581ee681	source_backed_public_duplicate	index_in_future_derivative_only	Sealed source asset SHA256 and bytes match this dist entry; old and new Git tree blob, mode and bytes match.	envelopes/build-web/source-before.json	eb414c0a5c82b49110c36e83c8fad83e16c35ff886560d1116511a334b52c910	public/assets/orc-wall-0.png	e00a3add65100b983024253dcc0673a1dde4fddfed46daf03a3018ecf3eefbb5	50391	100644	1b6be4bece1a01dcf89c478e39bb8f257c713d5b	83941bc80ce9ec08840b0645d9b33e8018d5309a	100644	1b6be4bece1a01dcf89c478e39bb8f257c713d5b	sealed_sha256_size_and_both_git_trees_match
/home/morgana/.codex/worktrees/assembled-allied-ai/orcs-vs-Fairies/work/ai-save401-final-453c221-r1	453c2218af9973b9eca8fb78392435bd9d46a740	dist/assets/orc-worker-0.json	21253	e8be9f70666ebd3d6f97250e68aa2a5a30d22f150da34f675c57710dabddd804	bf8ed2449d14c0f3bcf00d32af4ca831885c08212be96fecc96ebd8d581ee681	source_backed_public_duplicate	index_in_future_derivative_only	Sealed source asset SHA256 and bytes match this dist entry; old and new Git tree blob, mode and bytes match.	envelopes/build-web/source-before.json	eb414c0a5c82b49110c36e83c8fad83e16c35ff886560d1116511a334b52c910	public/assets/orc-worker-0.json	e8be9f70666ebd3d6f97250e68aa2a5a30d22f150da34f675c57710dabddd804	21253	100644	e161db3d15ee62b5e0f242cf04fc7560843933c3	83941bc80ce9ec08840b0645d9b33e8018d5309a	100644	e161db3d15ee62b5e0f242cf04fc7560843933c3	sealed_sha256_size_and_both_git_trees_match
/home/morgana/.codex/worktrees/assembled-allied-ai/orcs-vs-Fairies/work/ai-save401-final-453c221-r1	453c2218af9973b9eca8fb78392435bd9d46a740	dist/assets/orc-worker-0.png	785387	08a7352f26c291e2334c603794ed8877314daa2837fd2e970e036dd1861716be	bf8ed2449d14c0f3bcf00d32af4ca831885c08212be96fecc96ebd8d581ee681	source_backed_public_duplicate	index_in_future_derivative_only	Sealed source asset SHA256 and bytes match this dist entry; old and new Git tree blob, mode and bytes match.	envelopes/build-web/source-before.json	eb414c0a5c82b49110c36e83c8fad83e16c35ff886560d1116511a334b52c910	public/assets/orc-worker-0.png	08a7352f26c291e2334c603794ed8877314daa2837fd2e970e036dd1861716be	785387	100644	101bf6f13553dada0089a0c7d898f91df020644e	83941bc80ce9ec08840b0645d9b33e8018d5309a	100644	101bf6f13553dada0089a0c7d898f91df020644e	sealed_sha256_size_and_both_git_trees_match
/home/morgana/.codex/worktrees/assembled-allied-ai/orcs-vs-Fairies/work/ai-save401-final-453c221-r1	453c2218af9973b9eca8fb78392435bd9d46a740	dist/assets/orc-worker-1.json	12839	ce0cf11a24083db5054fc046e8cc18fc82f58b86cba66f154bc437616492c2d7	bf8ed2449d14c0f3bcf00d32af4ca831885c08212be96fecc96ebd8d581ee681	source_backed_public_duplicate	index_in_future_derivative_only	Sealed source asset SHA256 and bytes match this dist entry; old and new Git tree blob, mode and bytes match.	envelopes/build-web/source-before.json	eb414c0a5c82b49110c36e83c8fad83e16c35ff886560d1116511a334b52c910	public/assets/orc-worker-1.json	ce0cf11a24083db5054fc046e8cc18fc82f58b86cba66f154bc437616492c2d7	12839	100644	3cc150e14d88de7bf733ef86f830b47347b9dd82	83941bc80ce9ec08840b0645d9b33e8018d5309a	100644	3cc150e14d88de7bf733ef86f830b47347b9dd82	sealed_sha256_size_and_both_git_trees_match
/home/morgana/.codex/worktrees/assembled-allied-ai/orcs-vs-Fairies/work/ai-save401-final-453c221-r1	453c2218af9973b9eca8fb78392435bd9d46a740	dist/assets/orc-worker-1.png	600698	9f40978a56b1be3b5a9063dd6b9d8eb94880f6f858c9b92134e31ee6fd342714	bf8ed2449d14c0f3bcf00d32af4ca831885c08212be96fecc96ebd8d581ee681	source_backed_public_duplicate	index_in_future_derivative_only	Sealed source asset SHA256 and bytes match this dist entry; old and new Git tree blob, mode and bytes match.	envelopes/build-web/source-before.json	eb414c0a5c82b49110c36e83c8fad83e16c35ff886560d1116511a334b52c910	public/assets/orc-worker-1.png	9f40978a56b1be3b5a9063dd6b9d8eb94880f6f858c9b92134e31ee6fd342714	600698	100644	482bda984fc1d19c435a231afaaf89a0e8fe8ae9	83941bc80ce9ec08840b0645d9b33e8018d5309a	100644	482bda984fc1d19c435a231afaaf89a0e8fe8ae9	sealed_sha256_size_and_both_git_trees_match
/home/morgana/.codex/worktrees/assembled-allied-ai/orcs-vs-Fairies/work/ai-save401-final-453c221-r1	453c2218af9973b9eca8fb78392435bd9d46a740	dist/assets/ore.png	8424	553437bd8cff3fb1dd2b2e3470d7ce713c7b7320093923777b837f1e84c2a1d8	bf8ed2449d14c0f3bcf00d32af4ca831885c08212be96fecc96ebd8d581ee681	source_backed_public_duplicate	index_in_future_derivative_only	Sealed source asset SHA256 and bytes match this dist entry; old and new Git tree blob, mode and bytes match.	envelopes/build-web/source-before.json	eb414c0a5c82b49110c36e83c8fad83e16c35ff886560d1116511a334b52c910	public/assets/ore.png	553437bd8cff3fb1dd2b2e3470d7ce713c7b7320093923777b837f1e84c2a1d8	8424	100644	db0006dca7f2c5d33d88a8e239efcc8033af061c	83941bc80ce9ec08840b0645d9b33e8018d5309a	100644	db0006dca7f2c5d33d88a8e239efcc8033af061c	sealed_sha256_size_and_both_git_trees_match
/home/morgana/.codex/worktrees/assembled-allied-ai/orcs-vs-Fairies/work/ai-save401-final-453c221-r1	453c2218af9973b9eca8fb78392435bd9d46a740	dist/assets/portrait-automata.png	11515	3f5634ea42dc1333711abf910768e3cec7f78f35c96ee702eabee3b31b2deccc	bf8ed2449d14c0f3bcf00d32af4ca831885c08212be96fecc96ebd8d581ee681	source_backed_public_duplicate	index_in_future_derivative_only	Sealed source asset SHA256 and bytes match this dist entry; old and new Git tree blob, mode and bytes match.	envelopes/build-web/source-before.json	eb414c0a5c82b49110c36e83c8fad83e16c35ff886560d1116511a334b52c910	public/assets/portrait-automata.png	3f5634ea42dc1333711abf910768e3cec7f78f35c96ee702eabee3b31b2deccc	11515	100644	0bf2c18ce0ee6fd3d28efffa55936161bba87e31	83941bc80ce9ec08840b0645d9b33e8018d5309a	100644	0bf2c18ce0ee6fd3d28efffa55936161bba87e31	sealed_sha256_size_and_both_git_trees_match
/home/morgana/.codex/worktrees/assembled-allied-ai/orcs-vs-Fairies/work/ai-save401-final-453c221-r1	453c2218af9973b9eca8fb78392435bd9d46a740	dist/assets/portrait-dwarves.png	7815	b1a45935b10ccadb755c8587ec68033890f36bb7f3fe1372bca0c462b157d7ee	bf8ed2449d14c0f3bcf00d32af4ca831885c08212be96fecc96ebd8d581ee681	source_backed_public_duplicate	index_in_future_derivative_only	Sealed source asset SHA256 and bytes match this dist entry; old and new Git tree blob, mode and bytes match.	envelopes/build-web/source-before.json	eb414c0a5c82b49110c36e83c8fad83e16c35ff886560d1116511a334b52c910	public/assets/portrait-dwarves.png	b1a45935b10ccadb755c8587ec68033890f36bb7f3fe1372bca0c462b157d7ee	7815	100644	007f56de70de7cc9c6f77f129d9a8c8337dd44e9	83941bc80ce9ec08840b0645d9b33e8018d5309a	100644	007f56de70de7cc9c6f77f129d9a8c8337dd44e9	sealed_sha256_size_and_both_git_trees_match
/home/morgana/.codex/worktrees/assembled-allied-ai/orcs-vs-Fairies/work/ai-save401-final-453c221-r1	453c2218af9973b9eca8fb78392435bd9d46a740	dist/assets/portrait-fairies.png	12748	09fa81ad477dfb7560eeebd984e772b8e3df0fca8426762b5fa43ad7fc399bb9	bf8ed2449d14c0f3bcf00d32af4ca831885c08212be96fecc96ebd8d581ee681	source_backed_public_duplicate	index_in_future_derivative_only	Sealed source asset SHA256 and bytes match this dist entry; old and new Git tree blob, mode and bytes match.	envelopes/build-web/source-before.json	eb414c0a5c82b49110c36e83c8fad83e16c35ff886560d1116511a334b52c910	public/assets/portrait-fairies.png	09fa81ad477dfb7560eeebd984e772b8e3df0fca8426762b5fa43ad7fc399bb9	12748	100644	85ff22e860176c5c7bdcba57d775f851fdf790f1	83941bc80ce9ec08840b0645d9b33e8018d5309a	100644	85ff22e860176c5c7bdcba57d775f851fdf790f1	sealed_sha256_size_and_both_git_trees_match
/home/morgana/.codex/worktrees/assembled-allied-ai/orcs-vs-Fairies/work/ai-save401-final-453c221-r1	453c2218af9973b9eca8fb78392435bd9d46a740	dist/assets/portrait-orcs.png	11203	e5e4c504c204867f652eb2444fe5455557e6a5c19727cace79b89a08affde2b7	bf8ed2449d14c0f3bcf00d32af4ca831885c08212be96fecc96ebd8d581ee681	source_backed_public_duplicate	index_in_future_derivative_only	Sealed source asset SHA256 and bytes match this dist entry; old and new Git tree blob, mode and bytes match.	envelopes/build-web/source-before.json	eb414c0a5c82b49110c36e83c8fad83e16c35ff886560d1116511a334b52c910	public/assets/portrait-orcs.png	e5e4c504c204867f652eb2444fe5455557e6a5c19727cace79b89a08affde2b7	11203	100644	fceae80e0b1d46234207f79466b5c06c97c80211	83941bc80ce9ec08840b0645d9b33e8018d5309a	100644	fceae80e0b1d46234207f79466b5c06c97c80211	sealed_sha256_size_and_both_git_trees_match
/home/morgana/.codex/worktrees/assembled-allied-ai/orcs-vs-Fairies/work/ai-save401-final-453c221-r1	453c2218af9973b9eca8fb78392435bd9d46a740	dist/assets/portrait-tideborn.png	8307	c6c0d9c898f891b58ed84466961e2d0d9a3199c86a881d461f47824d1b32941d	bf8ed2449d14c0f3bcf00d32af4ca831885c08212be96fecc96ebd8d581ee681	source_backed_public_duplicate	index_in_future_derivative_only	Sealed source asset SHA256 and bytes match this dist entry; old and new Git tree blob, mode and bytes match.	envelopes/build-web/source-before.json	eb414c0a5c82b49110c36e83c8fad83e16c35ff886560d1116511a334b52c910	public/assets/portrait-tideborn.png	c6c0d9c898f891b58ed84466961e2d0d9a3199c86a881d461f47824d1b32941d	8307	100644	9fe0169b1409dcd6feffc42a8cc32597ca31d259	83941bc80ce9ec08840b0645d9b33e8018d5309a	100644	9fe0169b1409dcd6feffc42a8cc32597ca31d259	sealed_sha256_size_and_both_git_trees_match
/home/morgana/.codex/worktrees/assembled-allied-ai/orcs-vs-Fairies/work/ai-save401-final-453c221-r1	453c2218af9973b9eca8fb78392435bd9d46a740	dist/assets/portrait-undead.png	6476	9d525f6e771cf24e31d370cb450c500a0e417d3aafd41df7429de4364017be28	bf8ed2449d14c0f3bcf00d32af4ca831885c08212be96fecc96ebd8d581ee681	source_backed_public_duplicate	index_in_future_derivative_only	Sealed source asset SHA256 and bytes match this dist entry; old and new Git tree blob, mode and bytes match.	envelopes/build-web/source-before.json	eb414c0a5c82b49110c36e83c8fad83e16c35ff886560d1116511a334b52c910	public/assets/portrait-undead.png	9d525f6e771cf24e31d370cb450c500a0e417d3aafd41df7429de4364017be28	6476	100644	517307c13bbb6dfdbe177620a804eab3d92df21f	83941bc80ce9ec08840b0645d9b33e8018d5309a	100644	517307c13bbb6dfdbe177620a804eab3d92df21f	sealed_sha256_size_and_both_git_trees_match
/home/morgana/.codex/worktrees/assembled-allied-ai/orcs-vs-Fairies/work/ai-save401-final-453c221-r1	453c2218af9973b9eca8fb78392435bd9d46a740	dist/assets/reeds.png	4184	0a82434e6174a516b9b88e48f38dfde35179107be7e8e810dc928c18e1b5870c	bf8ed2449d14c0f3bcf00d32af4ca831885c08212be96fecc96ebd8d581ee681	source_backed_public_duplicate	index_in_future_derivative_only	Sealed source asset SHA256 and bytes match this dist entry; old and new Git tree blob, mode and bytes match.	envelopes/build-web/source-before.json	eb414c0a5c82b49110c36e83c8fad83e16c35ff886560d1116511a334b52c910	public/assets/reeds.png	0a82434e6174a516b9b88e48f38dfde35179107be7e8e810dc928c18e1b5870c	4184	100644	b5592c537967775dc31ba4869cda91f7256f623d	83941bc80ce9ec08840b0645d9b33e8018d5309a	100644	b5592c537967775dc31ba4869cda91f7256f623d	sealed_sha256_size_and_both_git_trees_match
/home/morgana/.codex/worktrees/assembled-allied-ai/orcs-vs-Fairies/work/ai-save401-final-453c221-r1	453c2218af9973b9eca8fb78392435bd9d46a740	dist/assets/ruin-pillar.png	8128	b9ac2769d249b0a31e1a14becc47de25c95b7bf4c9239160b8f7b2253447869b	bf8ed2449d14c0f3bcf00d32af4ca831885c08212be96fecc96ebd8d581ee681	source_backed_public_duplicate	index_in_future_derivative_only	Sealed source asset SHA256 and bytes match this dist entry; old and new Git tree blob, mode and bytes match.	envelopes/build-web/source-before.json	eb414c0a5c82b49110c36e83c8fad83e16c35ff886560d1116511a334b52c910	public/assets/ruin-pillar.png	b9ac2769d249b0a31e1a14becc47de25c95b7bf4c9239160b8f7b2253447869b	8128	100644	5b66c67797ab0ccae9c6c8aca4edbea3add7cde4	83941bc80ce9ec08840b0645d9b33e8018d5309a	100644	5b66c67797ab0ccae9c6c8aca4edbea3add7cde4	sealed_sha256_size_and_both_git_trees_match
/home/morgana/.codex/worktrees/assembled-allied-ai/orcs-vs-Fairies/work/ai-save401-final-453c221-r1	453c2218af9973b9eca8fb78392435bd9d46a740	dist/assets/ruin-ring.png	25134	364ff2bd129ebfbdade387113eae7dbbbba64aae811ca8bbef5217d881864992	bf8ed2449d14c0f3bcf00d32af4ca831885c08212be96fecc96ebd8d581ee681	source_backed_public_duplicate	index_in_future_derivative_only	Sealed source asset SHA256 and bytes match this dist entry; old and new Git tree blob, mode and bytes match.	envelopes/build-web/source-before.json	eb414c0a5c82b49110c36e83c8fad83e16c35ff886560d1116511a334b52c910	public/assets/ruin-ring.png	364ff2bd129ebfbdade387113eae7dbbbba64aae811ca8bbef5217d881864992	25134	100644	0fec90e06d33a6e357d35163486022a7fd584009	83941bc80ce9ec08840b0645d9b33e8018d5309a	100644	0fec90e06d33a6e357d35163486022a7fd584009	sealed_sha256_size_and_both_git_trees_match
/home/morgana/.codex/worktrees/assembled-allied-ai/orcs-vs-Fairies/work/ai-save401-final-453c221-r1	453c2218af9973b9eca8fb78392435bd9d46a740	dist/assets/selection-automata-barracks.png	22767	24f41ddb97b4169f29a63e5c265f8e1c72957c7f390577183cb47e68631943a0	bf8ed2449d14c0f3bcf00d32af4ca831885c08212be96fecc96ebd8d581ee681	source_backed_public_duplicate	index_in_future_derivative_only	Sealed source asset SHA256 and bytes match this dist entry; old and new Git tree blob, mode and bytes match.	envelopes/build-web/source-before.json	eb414c0a5c82b49110c36e83c8fad83e16c35ff886560d1116511a334b52c910	public/assets/selection-automata-barracks.png	24f41ddb97b4169f29a63e5c265f8e1c72957c7f390577183cb47e68631943a0	22767	100644	3b5a8c43cad874f8b6f84c26555a37409e413834	83941bc80ce9ec08840b0645d9b33e8018d5309a	100644	3b5a8c43cad874f8b6f84c26555a37409e413834	sealed_sha256_size_and_both_git_trees_match
/home/morgana/.codex/worktrees/assembled-allied-ai/orcs-vs-Fairies/work/ai-save401-final-453c221-r1	453c2218af9973b9eca8fb78392435bd9d46a740	dist/assets/selection-automata-cavalry.png	11680	0c548328ead320b5a3bd6c8e9b4ba1fcfb6b2f1f4a1b2be0d4bf6dbd00545e4a	bf8ed2449d14c0f3bcf00d32af4ca831885c08212be96fecc96ebd8d581ee681	source_backed_public_duplicate	index_in_future_derivative_only	Sealed source asset SHA256 and bytes match this dist entry; old and new Git tree blob, mode and bytes match.	envelopes/build-web/source-before.json	eb414c0a5c82b49110c36e83c8fad83e16c35ff886560d1116511a334b52c910	public/assets/selection-automata-cavalry.png	0c548328ead320b5a3bd6c8e9b4ba1fcfb6b2f1f4a1b2be0d4bf6dbd00545e4a	11680	100644	3cec0d2ed6ba486bcc23daf20c73b49f855982a5	83941bc80ce9ec08840b0645d9b33e8018d5309a	100644	3cec0d2ed6ba486bcc23daf20c73b49f855982a5	sealed_sha256_size_and_both_git_trees_match
/home/morgana/.codex/worktrees/assembled-allied-ai/orcs-vs-Fairies/work/ai-save401-final-453c221-r1	453c2218af9973b9eca8fb78392435bd9d46a740	dist/assets/selection-automata-depot.png	19483	4038baf550abc3343e120e8675fca206711dda6c0701e4f56559b96c6692632c	bf8ed2449d14c0f3bcf00d32af4ca831885c08212be96fecc96ebd8d581ee681	source_backed_public_duplicate	index_in_future_derivative_only	Sealed source asset SHA256 and bytes match this dist entry; old and new Git tree blob, mode and bytes match.	envelopes/build-web/source-before.json	eb414c0a5c82b49110c36e83c8fad83e16c35ff886560d1116511a334b52c910	public/assets/selection-automata-depot.png	4038baf550abc3343e120e8675fca206711dda6c0701e4f56559b96c6692632c	19483	100644	9ba619bc472b97a199b84db990041b72809157e3	83941bc80ce9ec08840b0645d9b33e8018d5309a	100644	9ba619bc472b97a199b84db990041b72809157e3	sealed_sha256_size_and_both_git_trees_match
/home/morgana/.codex/worktrees/assembled-allied-ai/orcs-vs-Fairies/work/ai-save401-final-453c221-r1	453c2218af9973b9eca8fb78392435bd9d46a740	dist/assets/selection-automata-gate.png	26527	bae72d46a274207e4fa7a933135b3d7dead162da8312242c9d6e8431ed01589e	bf8ed2449d14c0f3bcf00d32af4ca831885c08212be96fecc96ebd8d581ee681	source_backed_public_duplicate	index_in_future_derivative_only	Sealed source asset SHA256 and bytes match this dist entry; old and new Git tree blob, mode and bytes match.	envelopes/build-web/source-before.json	eb414c0a5c82b49110c36e83c8fad83e16c35ff886560d1116511a334b52c910	public/assets/selection-automata-gate.png	bae72d46a274207e4fa7a933135b3d7dead162da8312242c9d6e8431ed01589e	26527	100644	9f7e7290c313394812cfd9d6eeea210c375f3c8d	83941bc80ce9ec08840b0645d9b33e8018d5309a	100644	9f7e7290c313394812cfd9d6eeea210c375f3c8d	sealed_sha256_size_and_both_git_trees_match
/home/morgana/.codex/worktrees/assembled-allied-ai/orcs-vs-Fairies/work/ai-save401-final-453c221-r1	453c2218af9973b9eca8fb78392435bd9d46a740	dist/assets/selection-automata-hq.png	22280	8c241cd633d214af73872eade496b6c4921b1c8922da5b6c6571ac7b49b09e77	bf8ed2449d14c0f3bcf00d32af4ca831885c08212be96fecc96ebd8d581ee681	source_backed_public_duplicate	index_in_future_derivative_only	Sealed source asset SHA256 and bytes match this dist entry; old and new Git tree blob, mode and bytes match.	envelopes/build-web/source-before.json	eb414c0a5c82b49110c36e83c8fad83e16c35ff886560d1116511a334b52c910	public/assets/selection-automata-hq.png	8c241cd633d214af73872eade496b6c4921b1c8922da5b6c6571ac7b49b09e77	22280	100644	5b36910ac7d0b7f323b56bc6b5c18463c4dfc0fe	83941bc80ce9ec08840b0645d9b33e8018d5309a	100644	5b36910ac7d0b7f323b56bc6b5c18463c4dfc0fe	sealed_sha256_size_and_both_git_trees_match
/home/morgana/.codex/worktrees/assembled-allied-ai/orcs-vs-Fairies/work/ai-save401-final-453c221-r1	453c2218af9973b9eca8fb78392435bd9d46a740	dist/assets/selection-automata-melee.png	7471	c3df68e8a76d5455b19307c8ca62d9f1b02dda557f98c867a37c1be332fa7f8d	bf8ed2449d14c0f3bcf00d32af4ca831885c08212be96fecc96ebd8d581ee681	source_backed_public_duplicate	index_in_future_derivative_only	Sealed source asset SHA256 and bytes match this dist entry; old and new Git tree blob, mode and bytes match.	envelopes/build-web/source-before.json	eb414c0a5c82b49110c36e83c8fad83e16c35ff886560d1116511a334b52c910	public/assets/selection-automata-melee.png	c3df68e8a76d5455b19307c8ca62d9f1b02dda557f98c867a37c1be332fa7f8d	7471	100644	d75125fa6c9223bce1e9a7f2b271f9dc62facca1	83941bc80ce9ec08840b0645d9b33e8018d5309a	100644	d75125fa6c9223bce1e9a7f2b271f9dc62facca1	sealed_sha256_size_and_both_git_trees_match
/home/morgana/.codex/worktrees/assembled-allied-ai/orcs-vs-Fairies/work/ai-save401-final-453c221-r1	453c2218af9973b9eca8fb78392435bd9d46a740	dist/assets/selection-automata-ranged.png	6383	e701751f41dff32e15787d1ec6715d9396abc03e0add3cc180790ae9f820b5b2	bf8ed2449d14c0f3bcf00d32af4ca831885c08212be96fecc96ebd8d581ee681	source_backed_public_duplicate	index_in_future_derivative_only	Sealed source asset SHA256 and bytes match this dist entry; old and new Git tree blob, mode and bytes match.	envelopes/build-web/source-before.json	eb414c0a5c82b49110c36e83c8fad83e16c35ff886560d1116511a334b52c910	public/assets/selection-automata-ranged.png	e701751f41dff32e15787d1ec6715d9396abc03e0add3cc180790ae9f820b5b2	6383	100644	fbcb51c02fe94323724e998e06a1411221b3a774	83941bc80ce9ec08840b0645d9b33e8018d5309a	100644	fbcb51c02fe94323724e998e06a1411221b3a774	sealed_sha256_size_and_both_git_trees_match
/home/morgana/.codex/worktrees/assembled-allied-ai/orcs-vs-Fairies/work/ai-save401-final-453c221-r1	453c2218af9973b9eca8fb78392435bd9d46a740	dist/assets/selection-automata-siege.png	16993	77bb5e9a38d764725c98c64b4106fa0127604c55bf17d72d683589915aade1bc	bf8ed2449d14c0f3bcf00d32af4ca831885c08212be96fecc96ebd8d581ee681	source_backed_public_duplicate	index_in_future_derivative_only	Sealed source asset SHA256 and bytes match this dist entry; old and new Git tree blob, mode and bytes match.	envelopes/build-web/source-before.json	eb414c0a5c82b49110c36e83c8fad83e16c35ff886560d1116511a334b52c910	public/assets/selection-automata-siege.png	77bb5e9a38d764725c98c64b4106fa0127604c55bf17d72d683589915aade1bc	16993	100644	432469988062a0c03d4b5da3037110f74a99c361	83941bc80ce9ec08840b0645d9b33e8018d5309a	100644	432469988062a0c03d4b5da3037110f74a99c361	sealed_sha256_size_and_both_git_trees_match
/home/morgana/.codex/worktrees/assembled-allied-ai/orcs-vs-Fairies/work/ai-save401-final-453c221-r1	453c2218af9973b9eca8fb78392435bd9d46a740	dist/assets/selection-automata-spear.png	8639	790ab69ca009e17bdff7812c17acec0ffb99cc563a2e7555b2d618adf2aee208	bf8ed2449d14c0f3bcf00d32af4ca831885c08212be96fecc96ebd8d581ee681	source_backed_public_duplicate	index_in_future_derivative_only	Sealed source asset SHA256 and bytes match this dist entry; old and new Git tree blob, mode and bytes match.	envelopes/build-web/source-before.json	eb414c0a5c82b49110c36e83c8fad83e16c35ff886560d1116511a334b52c910	public/assets/selection-automata-spear.png	790ab69ca009e17bdff7812c17acec0ffb99cc563a2e7555b2d618adf2aee208	8639	100644	3f2f31ea1565c45c9d9e116d568379f442cddc6c	83941bc80ce9ec08840b0645d9b33e8018d5309a	100644	3f2f31ea1565c45c9d9e116d568379f442cddc6c	sealed_sha256_size_and_both_git_trees_match
/home/morgana/.codex/worktrees/assembled-allied-ai/orcs-vs-Fairies/work/ai-save401-final-453c221-r1	453c2218af9973b9eca8fb78392435bd9d46a740	dist/assets/selection-automata-special.png	11453	cc6cda43bb2ac4ad1d637788413fa4ff12e9b6773c103d3daa7f9a53ed9c4e79	bf8ed2449d14c0f3bcf00d32af4ca831885c08212be96fecc96ebd8d581ee681	source_backed_public_duplicate	index_in_future_derivative_only	Sealed source asset SHA256 and bytes match this dist entry; old and new Git tree blob, mode and bytes match.	envelopes/build-web/source-before.json	eb414c0a5c82b49110c36e83c8fad83e16c35ff886560d1116511a334b52c910	public/assets/selection-automata-special.png	cc6cda43bb2ac4ad1d637788413fa4ff12e9b6773c103d3daa7f9a53ed9c4e79	11453	100644	b419dca5bb121bae6d3b27771462dcb65d9a26e7	83941bc80ce9ec08840b0645d9b33e8018d5309a	100644	b419dca5bb121bae6d3b27771462dcb65d9a26e7	sealed_sha256_size_and_both_git_trees_match
/home/morgana/.codex/worktrees/assembled-allied-ai/orcs-vs-Fairies/work/ai-save401-final-453c221-r1	453c2218af9973b9eca8fb78392435bd9d46a740	dist/assets/selection-automata-tower.png	13362	1885a94df83691c4241cb82fd4d83bd3ce8466a8c08646fa67b9fcc314be2649	bf8ed2449d14c0f3bcf00d32af4ca831885c08212be96fecc96ebd8d581ee681	source_backed_public_duplicate	index_in_future_derivative_only	Sealed source asset SHA256 and bytes match this dist entry; old and new Git tree blob, mode and bytes match.	envelopes/build-web/source-before.json	eb414c0a5c82b49110c36e83c8fad83e16c35ff886560d1116511a334b52c910	public/assets/selection-automata-tower.png	1885a94df83691c4241cb82fd4d83bd3ce8466a8c08646fa67b9fcc314be2649	13362	100644	95df981c2bb95b0ffd34e96692ca5044e3fd7a93	83941bc80ce9ec08840b0645d9b33e8018d5309a	100644	95df981c2bb95b0ffd34e96692ca5044e3fd7a93	sealed_sha256_size_and_both_git_trees_match
/home/morgana/.codex/worktrees/assembled-allied-ai/orcs-vs-Fairies/work/ai-save401-final-453c221-r1	453c2218af9973b9eca8fb78392435bd9d46a740	dist/assets/selection-automata-wall.png	13278	91fd420341279b4b493d8aacef3e3027fce77ce6aaa06dc2c715e8ee212c6f78	bf8ed2449d14c0f3bcf00d32af4ca831885c08212be96fecc96ebd8d581ee681	source_backed_public_duplicate	index_in_future_derivative_only	Sealed source asset SHA256 and bytes match this dist entry; old and new Git tree blob, mode and bytes match.	envelopes/build-web/source-before.json	eb414c0a5c82b49110c36e83c8fad83e16c35ff886560d1116511a334b52c910	public/assets/selection-automata-wall.png	91fd420341279b4b493d8aacef3e3027fce77ce6aaa06dc2c715e8ee212c6f78	13278	100644	d21879a1db7bdf9c3a1a3cd26cac647729a8e2a6	83941bc80ce9ec08840b0645d9b33e8018d5309a	100644	d21879a1db7bdf9c3a1a3cd26cac647729a8e2a6	sealed_sha256_size_and_both_git_trees_match
/home/morgana/.codex/worktrees/assembled-allied-ai/orcs-vs-Fairies/work/ai-save401-final-453c221-r1	453c2218af9973b9eca8fb78392435bd9d46a740	dist/assets/selection-automata-worker.png	6185	cf96eb70957761358b15a4fc906717ea3242d00f9b12ffa2a233414a77e27b27	bf8ed2449d14c0f3bcf00d32af4ca831885c08212be96fecc96ebd8d581ee681	source_backed_public_duplicate	index_in_future_derivative_only	Sealed source asset SHA256 and bytes match this dist entry; old and new Git tree blob, mode and bytes match.	envelopes/build-web/source-before.json	eb414c0a5c82b49110c36e83c8fad83e16c35ff886560d1116511a334b52c910	public/assets/selection-automata-worker.png	cf96eb70957761358b15a4fc906717ea3242d00f9b12ffa2a233414a77e27b27	6185	100644	1365a2dbd3456368f47d50e79e73d7729a8f1356	83941bc80ce9ec08840b0645d9b33e8018d5309a	100644	1365a2dbd3456368f47d50e79e73d7729a8f1356	sealed_sha256_size_and_both_git_trees_match
/home/morgana/.codex/worktrees/assembled-allied-ai/orcs-vs-Fairies/work/ai-save401-final-453c221-r1	453c2218af9973b9eca8fb78392435bd9d46a740	dist/assets/selection-dwarf-barracks.png	25278	b50a2b23b8eba6f60a2e434e14df466570e35301ba12809b5c80caaa5786d221	bf8ed2449d14c0f3bcf00d32af4ca831885c08212be96fecc96ebd8d581ee681	source_backed_public_duplicate	index_in_future_derivative_only	Sealed source asset SHA256 and bytes match this dist entry; old and new Git tree blob, mode and bytes match.	envelopes/build-web/source-before.json	eb414c0a5c82b49110c36e83c8fad83e16c35ff886560d1116511a334b52c910	public/assets/selection-dwarf-barracks.png	b50a2b23b8eba6f60a2e434e14df466570e35301ba12809b5c80caaa5786d221	25278	100644	e15e6a7b1c83dcf61ee57e00b9aa41d4458c93b1	83941bc80ce9ec08840b0645d9b33e8018d5309a	100644	e15e6a7b1c83dcf61ee57e00b9aa41d4458c93b1	sealed_sha256_size_and_both_git_trees_match
/home/morgana/.codex/worktrees/assembled-allied-ai/orcs-vs-Fairies/work/ai-save401-final-453c221-r1	453c2218af9973b9eca8fb78392435bd9d46a740	dist/assets/selection-dwarf-cavalry.png	11692	896e147069b4358bf85fabcb82929b5f2261805150524fa0066c34339883ce1e	bf8ed2449d14c0f3bcf00d32af4ca831885c08212be96fecc96ebd8d581ee681	source_backed_public_duplicate	index_in_future_derivative_only	Sealed source asset SHA256 and bytes match this dist entry; old and new Git tree blob, mode and bytes match.	envelopes/build-web/source-before.json	eb414c0a5c82b49110c36e83c8fad83e16c35ff886560d1116511a334b52c910	public/assets/selection-dwarf-cavalry.png	896e147069b4358bf85fabcb82929b5f2261805150524fa0066c34339883ce1e	11692	100644	e76213a4c1a5261a599419daf0d32d638c41cb2d	83941bc80ce9ec08840b0645d9b33e8018d5309a	100644	e76213a4c1a5261a599419daf0d32d638c41cb2d	sealed_sha256_size_and_both_git_trees_match
/home/morgana/.codex/worktrees/assembled-allied-ai/orcs-vs-Fairies/work/ai-save401-final-453c221-r1	453c2218af9973b9eca8fb78392435bd9d46a740	dist/assets/selection-dwarf-depot.png	22212	f24cba2f765a0addff707657e33afe7ca580c36446ff994848771ca1215b3edd	bf8ed2449d14c0f3bcf00d32af4ca831885c08212be96fecc96ebd8d581ee681	source_backed_public_duplicate	index_in_future_derivative_only	Sealed source asset SHA256 and bytes match this dist entry; old and new Git tree blob, mode and bytes match.	envelopes/build-web/source-before.json	eb414c0a5c82b49110c36e83c8fad83e16c35ff886560d1116511a334b52c910	public/assets/selection-dwarf-depot.png	f24cba2f765a0addff707657e33afe7ca580c36446ff994848771ca1215b3edd	22212	100644	0a0abf962355944a40dbdeb57e7110361e02a8b1	83941bc80ce9ec08840b0645d9b33e8018d5309a	100644	0a0abf962355944a40dbdeb57e7110361e02a8b1	sealed_sha256_size_and_both_git_trees_match
/home/morgana/.codex/worktrees/assembled-allied-ai/orcs-vs-Fairies/work/ai-save401-final-453c221-r1	453c2218af9973b9eca8fb78392435bd9d46a740	dist/assets/selection-dwarf-gate.png	25745	716238d3cd593b7151ae0abc98cbe95c5e4f070e43e1df5ec0fb8af48c957f8d	bf8ed2449d14c0f3bcf00d32af4ca831885c08212be96fecc96ebd8d581ee681	source_backed_public_duplicate	index_in_future_derivative_only	Sealed source asset SHA256 and bytes match this dist entry; old and new Git tree blob, mode and bytes match.	envelopes/build-web/source-before.json	eb414c0a5c82b49110c36e83c8fad83e16c35ff886560d1116511a334b52c910	public/assets/selection-dwarf-gate.png	716238d3cd593b7151ae0abc98cbe95c5e4f070e43e1df5ec0fb8af48c957f8d	25745	100644	67552304be0001a103bda208c9e359bd1c839ab8	83941bc80ce9ec08840b0645d9b33e8018d5309a	100644	67552304be0001a103bda208c9e359bd1c839ab8	sealed_sha256_size_and_both_git_trees_match
/home/morgana/.codex/worktrees/assembled-allied-ai/orcs-vs-Fairies/work/ai-save401-final-453c221-r1	453c2218af9973b9eca8fb78392435bd9d46a740	dist/assets/selection-dwarf-hq.png	22861	6629e35dda84ab7c807de09d24fe1da196524882434fc22bbff16be877e03b54	bf8ed2449d14c0f3bcf00d32af4ca831885c08212be96fecc96ebd8d581ee681	source_backed_public_duplicate	index_in_future_derivative_only	Sealed source asset SHA256 and bytes match this dist entry; old and new Git tree blob, mode and bytes match.	envelopes/build-web/source-before.json	eb414c0a5c82b49110c36e83c8fad83e16c35ff886560d1116511a334b52c910	public/assets/selection-dwarf-hq.png	6629e35dda84ab7c807de09d24fe1da196524882434fc22bbff16be877e03b54	22861	100644	32604a9650187bbf9d4c4bc58164dcb65901b3e1	83941bc80ce9ec08840b0645d9b33e8018d5309a	100644	32604a9650187bbf9d4c4bc58164dcb65901b3e1	sealed_sha256_size_and_both_git_trees_match
/home/morgana/.codex/worktrees/assembled-allied-ai/orcs-vs-Fairies/work/ai-save401-final-453c221-r1	453c2218af9973b9eca8fb78392435bd9d46a740	dist/assets/selection-dwarf-melee.png	7726	17bce517199188f58125b293438da1ba6551222fbfd300bac5705c0eb44f2c8b	bf8ed2449d14c0f3bcf00d32af4ca831885c08212be96fecc96ebd8d581ee681	source_backed_public_duplicate	index_in_future_derivative_only	Sealed source asset SHA256 and bytes match this dist entry; old and new Git tree blob, mode and bytes match.	envelopes/build-web/source-before.json	eb414c0a5c82b49110c36e83c8fad83e16c35ff886560d1116511a334b52c910	public/assets/selection-dwarf-melee.png	17bce517199188f58125b293438da1ba6551222fbfd300bac5705c0eb44f2c8b	7726	100644	90971855d3d5f17d0e6036815548baee121ec52f	83941bc80ce9ec08840b0645d9b33e8018d5309a	100644	90971855d3d5f17d0e6036815548baee121ec52f	sealed_sha256_size_and_both_git_trees_match
/home/morgana/.codex/worktrees/assembled-allied-ai/orcs-vs-Fairies/work/ai-save401-final-453c221-r1	453c2218af9973b9eca8fb78392435bd9d46a740	dist/assets/selection-dwarf-ranged.png	6849	c357befeca31ec8c4de6279628d62c0b4c632323021834e8a9c4b14c234588aa	bf8ed2449d14c0f3bcf00d32af4ca831885c08212be96fecc96ebd8d581ee681	source_backed_public_duplicate	index_in_future_derivative_only	Sealed source asset SHA256 and bytes match this dist entry; old and new Git tree blob, mode and bytes match.	envelopes/build-web/source-before.json	eb414c0a5c82b49110c36e83c8fad83e16c35ff886560d1116511a334b52c910	public/assets/selection-dwarf-ranged.png	c357befeca31ec8c4de6279628d62c0b4c632323021834e8a9c4b14c234588aa	6849	100644	3034fcb530e2d16fb169937487a30c335ce966b7	83941bc80ce9ec08840b0645d9b33e8018d5309a	100644	3034fcb530e2d16fb169937487a30c335ce966b7	sealed_sha256_size_and_both_git_trees_match
/home/morgana/.codex/worktrees/assembled-allied-ai/orcs-vs-Fairies/work/ai-save401-final-453c221-r1	453c2218af9973b9eca8fb78392435bd9d46a740	dist/assets/selection-dwarf-siege.png	14340	95e837a56e774bfd2003602f9a5647b3d55ad0b3bd65e17a745f9c33c74b2485	bf8ed2449d14c0f3bcf00d32af4ca831885c08212be96fecc96ebd8d581ee681	source_backed_public_duplicate	index_in_future_derivative_only	Sealed source asset SHA256 and bytes match this dist entry; old and new Git tree blob, mode and bytes match.	envelopes/build-web/source-before.json	eb414c0a5c82b49110c36e83c8fad83e16c35ff886560d1116511a334b52c910	public/assets/selection-dwarf-siege.png	95e837a56e774bfd2003602f9a5647b3d55ad0b3bd65e17a745f9c33c74b2485	14340	100644	f07a7b003724babeaa44363db89f563912fbe9bd	83941bc80ce9ec08840b0645d9b33e8018d5309a	100644	f07a7b003724babeaa44363db89f563912fbe9bd	sealed_sha256_size_and_both_git_trees_match
/home/morgana/.codex/worktrees/assembled-allied-ai/orcs-vs-Fairies/work/ai-save401-final-453c221-r1	453c2218af9973b9eca8fb78392435bd9d46a740	dist/assets/selection-dwarf-spear.png	8624	3c54d66ccd484948cfdf585615a6fc9da35e209adb5674e62b7d35d91b67f9f0	bf8ed2449d14c0f3bcf00d32af4ca831885c08212be96fecc96ebd8d581ee681	source_backed_public_duplicate	index_in_future_derivative_only	Sealed source asset SHA256 and bytes match this dist entry; old and new Git tree blob, mode and bytes match.	envelopes/build-web/source-before.json	eb414c0a5c82b49110c36e83c8fad83e16c35ff886560d1116511a334b52c910	public/assets/selection-dwarf-spear.png	3c54d66ccd484948cfdf585615a6fc9da35e209adb5674e62b7d35d91b67f9f0	8624	100644	70994bbdf7ca7d0c1518273458c45c06608b18b4	83941bc80ce9ec08840b0645d9b33e8018d5309a	100644	70994bbdf7ca7d0c1518273458c45c06608b18b4	sealed_sha256_size_and_both_git_trees_match
/home/morgana/.codex/worktrees/assembled-allied-ai/orcs-vs-Fairies/work/ai-save401-final-453c221-r1	453c2218af9973b9eca8fb78392435bd9d46a740	dist/assets/selection-dwarf-special.png	8224	8c1c08ea7c16686488aa1557523fd0c972da63e8b1a496c8edefe4fa0bae3038	bf8ed2449d14c0f3bcf00d32af4ca831885c08212be96fecc96ebd8d581ee681	source_backed_public_duplicate	index_in_future_derivative_only	Sealed source asset SHA256 and bytes match this dist entry; old and new Git tree blob, mode and bytes match.	envelopes/build-web/source-before.json	eb414c0a5c82b49110c36e83c8fad83e16c35ff886560d1116511a334b52c910	public/assets/selection-dwarf-special.png	8c1c08ea7c16686488aa1557523fd0c972da63e8b1a496c8edefe4fa0bae3038	8224	100644	e8c8247c811881137ce9ac724d290d35906278a5	83941bc80ce9ec08840b0645d9b33e8018d5309a	100644	e8c8247c811881137ce9ac724d290d35906278a5	sealed_sha256_size_and_both_git_trees_match
/home/morgana/.codex/worktrees/assembled-allied-ai/orcs-vs-Fairies/work/ai-save401-final-453c221-r1	453c2218af9973b9eca8fb78392435bd9d46a740	dist/assets/selection-dwarf-tower.png	24128	003cfdfde405c17086e2bfded3e98b6f057f08ba4bd62e79d433925ae525d89a	bf8ed2449d14c0f3bcf00d32af4ca831885c08212be96fecc96ebd8d581ee681	source_backed_public_duplicate	index_in_future_derivative_only	Sealed source asset SHA256 and bytes match this dist entry; old and new Git tree blob, mode and bytes match.	envelopes/build-web/source-before.json	eb414c0a5c82b49110c36e83c8fad83e16c35ff886560d1116511a334b52c910	public/assets/selection-dwarf-tower.png	003cfdfde405c17086e2bfded3e98b6f057f08ba4bd62e79d433925ae525d89a	24128	100644	4cd819a010e7a5bccc4d06a65296d2f6d9d639c3	83941bc80ce9ec08840b0645d9b33e8018d5309a	100644	4cd819a010e7a5bccc4d06a65296d2f6d9d639c3	sealed_sha256_size_and_both_git_trees_match
/home/morgana/.codex/worktrees/assembled-allied-ai/orcs-vs-Fairies/work/ai-save401-final-453c221-r1	453c2218af9973b9eca8fb78392435bd9d46a740	dist/assets/selection-dwarf-wall.png	13160	64b263b15f943356a535a0a00a1a3e8875a593d8a9aa83b4b899878d6d0f1ba0	bf8ed2449d14c0f3bcf00d32af4ca831885c08212be96fecc96ebd8d581ee681	source_backed_public_duplicate	index_in_future_derivative_only	Sealed source asset SHA256 and bytes match this dist entry; old and new Git tree blob, mode and bytes match.	envelopes/build-web/source-before.json	eb414c0a5c82b49110c36e83c8fad83e16c35ff886560d1116511a334b52c910	public/assets/selection-dwarf-wall.png	64b263b15f943356a535a0a00a1a3e8875a593d8a9aa83b4b899878d6d0f1ba0	13160	100644	b4ef25077da0cc70417ecf871acbcad2a064ba62	83941bc80ce9ec08840b0645d9b33e8018d5309a	100644	b4ef25077da0cc70417ecf871acbcad2a064ba62	sealed_sha256_size_and_both_git_trees_match
/home/morgana/.codex/worktrees/assembled-allied-ai/orcs-vs-Fairies/work/ai-save401-final-453c221-r1	453c2218af9973b9eca8fb78392435bd9d46a740	dist/assets/selection-dwarf-worker.png	6021	8d7a0e18a57434c6321a10689f12b129820984fc5b4d4c0ffc3f1473e3812441	bf8ed2449d14c0f3bcf00d32af4ca831885c08212be96fecc96ebd8d581ee681	source_backed_public_duplicate	index_in_future_derivative_only	Sealed source asset SHA256 and bytes match this dist entry; old and new Git tree blob, mode and bytes match.	envelopes/build-web/source-before.json	eb414c0a5c82b49110c36e83c8fad83e16c35ff886560d1116511a334b52c910	public/assets/selection-dwarf-worker.png	8d7a0e18a57434c6321a10689f12b129820984fc5b4d4c0ffc3f1473e3812441	6021	100644	afead90e940ac7b304a21ac4999eadd6ca4f4195	83941bc80ce9ec08840b0645d9b33e8018d5309a	100644	afead90e940ac7b304a21ac4999eadd6ca4f4195	sealed_sha256_size_and_both_git_trees_match
/home/morgana/.codex/worktrees/assembled-allied-ai/orcs-vs-Fairies/work/ai-save401-final-453c221-r1	453c2218af9973b9eca8fb78392435bd9d46a740	dist/assets/selection-economy-caravan.svg	355	a664d6ca2b052c3dc86d9f5eb08d3e0f9829072b1459ad6a1e3c713b96df416e	bf8ed2449d14c0f3bcf00d32af4ca831885c08212be96fecc96ebd8d581ee681	source_backed_public_duplicate	index_in_future_derivative_only	Sealed source asset SHA256 and bytes match this dist entry; old and new Git tree blob, mode and bytes match.	envelopes/build-web/source-before.json	eb414c0a5c82b49110c36e83c8fad83e16c35ff886560d1116511a334b52c910	public/assets/selection-economy-caravan.svg	a664d6ca2b052c3dc86d9f5eb08d3e0f9829072b1459ad6a1e3c713b96df416e	355	100644	6cbf783bf5a1114f899be6cac884c006bcc1482a	83941bc80ce9ec08840b0645d9b33e8018d5309a	100644	6cbf783bf5a1114f899be6cac884c006bcc1482a	sealed_sha256_size_and_both_git_trees_match
/home/morgana/.codex/worktrees/assembled-allied-ai/orcs-vs-Fairies/work/ai-save401-final-453c221-r1	453c2218af9973b9eca8fb78392435bd9d46a740	dist/assets/selection-economy-deep-mine.svg	270	9e11f307fddd1c6e1d4d3b3c51a636cad83a88a295657262eb1e1e16185e7505	bf8ed2449d14c0f3bcf00d32af4ca831885c08212be96fecc96ebd8d581ee681	source_backed_public_duplicate	index_in_future_derivative_only	Sealed source asset SHA256 and bytes match this dist entry; old and new Git tree blob, mode and bytes match.	envelopes/build-web/source-before.json	eb414c0a5c82b49110c36e83c8fad83e16c35ff886560d1116511a334b52c910	public/assets/selection-economy-deep-mine.svg	9e11f307fddd1c6e1d4d3b3c51a636cad83a88a295657262eb1e1e16185e7505	270	100644	577fab49af9861627f05eca9e87594306c5babe3	83941bc80ce9ec08840b0645d9b33e8018d5309a	100644	577fab49af9861627f05eca9e87594306c5babe3	sealed_sha256_size_and_both_git_trees_match
/home/morgana/.codex/worktrees/assembled-allied-ai/orcs-vs-Fairies/work/ai-save401-final-453c221-r1	453c2218af9973b9eca8fb78392435bd9d46a740	dist/assets/selection-economy-extractor.svg	318	a9d69ed4281bff8b3a6ef73e166f2fc8b4302657fed98fcfdbacd230e36e6c88	bf8ed2449d14c0f3bcf00d32af4ca831885c08212be96fecc96ebd8d581ee681	source_backed_public_duplicate	index_in_future_derivative_only	Sealed source asset SHA256 and bytes match this dist entry; old and new Git tree blob, mode and bytes match.	envelopes/build-web/source-before.json	eb414c0a5c82b49110c36e83c8fad83e16c35ff886560d1116511a334b52c910	public/assets/selection-economy-extractor.svg	a9d69ed4281bff8b3a6ef73e166f2fc8b4302657fed98fcfdbacd230e36e6c88	318	100644	2e2541e25004bf743f29fe1f8c1bec8c862fa94d	83941bc80ce9ec08840b0645d9b33e8018d5309a	100644	2e2541e25004bf743f29fe1f8c1bec8c862fa94d	sealed_sha256_size_and_both_git_trees_match
/home/morgana/.codex/worktrees/assembled-allied-ai/orcs-vs-Fairies/work/ai-save401-final-453c221-r1	453c2218af9973b9eca8fb78392435bd9d46a740	dist/assets/selection-economy-warehouse.svg	305	04d3cd858dfb3bdb499b17894484da41871e1c4576266d094f8fd2343bb5843d	bf8ed2449d14c0f3bcf00d32af4ca831885c08212be96fecc96ebd8d581ee681	source_backed_public_duplicate	index_in_future_derivative_only	Sealed source asset SHA256 and bytes match this dist entry; old and new Git tree blob, mode and bytes match.	envelopes/build-web/source-before.json	eb414c0a5c82b49110c36e83c8fad83e16c35ff886560d1116511a334b52c910	public/assets/selection-economy-warehouse.svg	04d3cd858dfb3bdb499b17894484da41871e1c4576266d094f8fd2343bb5843d	305	100644	65d15a84dc29a27944112608ec3fee4d46fe1adc	83941bc80ce9ec08840b0645d9b33e8018d5309a	100644	65d15a84dc29a27944112608ec3fee4d46fe1adc	sealed_sha256_size_and_both_git_trees_match
/home/morgana/.codex/worktrees/assembled-allied-ai/orcs-vs-Fairies/work/ai-save401-final-453c221-r1	453c2218af9973b9eca8fb78392435bd9d46a740	dist/assets/selection-fairy-barracks.png	20510	5e48377ad08f9fc3c9d790ed73cf1b3b3748903506f88b50701a07658e84504f	bf8ed2449d14c0f3bcf00d32af4ca831885c08212be96fecc96ebd8d581ee681	source_backed_public_duplicate	index_in_future_derivative_only	Sealed source asset SHA256 and bytes match this dist entry; old and new Git tree blob, mode and bytes match.	envelopes/build-web/source-before.json	eb414c0a5c82b49110c36e83c8fad83e16c35ff886560d1116511a334b52c910	public/assets/selection-fairy-barracks.png	5e48377ad08f9fc3c9d790ed73cf1b3b3748903506f88b50701a07658e84504f	20510	100644	f3d5fff255a3ad184ab5bc9230da5cc4a285ef7c	83941bc80ce9ec08840b0645d9b33e8018d5309a	100644	f3d5fff255a3ad184ab5bc9230da5cc4a285ef7c	sealed_sha256_size_and_both_git_trees_match
/home/morgana/.codex/worktrees/assembled-allied-ai/orcs-vs-Fairies/work/ai-save401-final-453c221-r1	453c2218af9973b9eca8fb78392435bd9d46a740	dist/assets/selection-fairy-cavalry.png	14077	aab3b2dab50d5d95b9bd9ba88118e7e3798abbb039fb9c0283e5acf3c601d234	bf8ed2449d14c0f3bcf00d32af4ca831885c08212be96fecc96ebd8d581ee681	source_backed_public_duplicate	index_in_future_derivative_only	Sealed source asset SHA256 and bytes match this dist entry; old and new Git tree blob, mode and bytes match.	envelopes/build-web/source-before.json	eb414c0a5c82b49110c36e83c8fad83e16c35ff886560d1116511a334b52c910	public/assets/selection-fairy-cavalry.png	aab3b2dab50d5d95b9bd9ba88118e7e3798abbb039fb9c0283e5acf3c601d234	14077	100644	93644187335b25f38d2cc16330b62830392fb53a	83941bc80ce9ec08840b0645d9b33e8018d5309a	100644	93644187335b25f38d2cc16330b62830392fb53a	sealed_sha256_size_and_both_git_trees_match
/home/morgana/.codex/worktrees/assembled-allied-ai/orcs-vs-Fairies/work/ai-save401-final-453c221-r1	453c2218af9973b9eca8fb78392435bd9d46a740	dist/assets/selection-fairy-depot.png	20749	a78fd57c5e7bbf6442f1c8b066ff2d92063cd1e5feb87544798af2c90f75b140	bf8ed2449d14c0f3bcf00d32af4ca831885c08212be96fecc96ebd8d581ee681	source_backed_public_duplicate	index_in_future_derivative_only	Sealed source asset SHA256 and bytes match this dist entry; old and new Git tree blob, mode and bytes match.	envelopes/build-web/source-before.json	eb414c0a5c82b49110c36e83c8fad83e16c35ff886560d1116511a334b52c910	public/assets/selection-fairy-depot.png	a78fd57c5e7bbf6442f1c8b066ff2d92063cd1e5feb87544798af2c90f75b140	20749	100644	ce925c5a30a9ff5a8921f157ce344d60a413113c	83941bc80ce9ec08840b0645d9b33e8018d5309a	100644	ce925c5a30a9ff5a8921f157ce344d60a413113c	sealed_sha256_size_and_both_git_trees_match
/home/morgana/.codex/worktrees/assembled-allied-ai/orcs-vs-Fairies/work/ai-save401-final-453c221-r1	453c2218af9973b9eca8fb78392435bd9d46a740	dist/assets/selection-fairy-gate.png	24662	67ae1a480008e1171c97c4b4209feb77eb29d96e7203c5d166dd45634bbec625	bf8ed2449d14c0f3bcf00d32af4ca831885c08212be96fecc96ebd8d581ee681	source_backed_public_duplicate	index_in_future_derivative_only	Sealed source asset SHA256 and bytes match this dist entry; old and new Git tree blob, mode and bytes match.	envelopes/build-web/source-before.json	eb414c0a5c82b49110c36e83c8fad83e16c35ff886560d1116511a334b52c910	public/assets/selection-fairy-gate.png	67ae1a480008e1171c97c4b4209feb77eb29d96e7203c5d166dd45634bbec625	24662	100644	8553ac9c0b61e5303d21b86b1fba0dfbe5e04e45	83941bc80ce9ec08840b0645d9b33e8018d5309a	100644	8553ac9c0b61e5303d21b86b1fba0dfbe5e04e45	sealed_sha256_size_and_both_git_trees_match
/home/morgana/.codex/worktrees/assembled-allied-ai/orcs-vs-Fairies/work/ai-save401-final-453c221-r1	453c2218af9973b9eca8fb78392435bd9d46a740	dist/assets/selection-fairy-hq.png	25548	b692dda89a723f42a0d5d0d26a57b8566444e2d363dcecf21fac5f103242e277	bf8ed2449d14c0f3bcf00d32af4ca831885c08212be96fecc96ebd8d581ee681	source_backed_public_duplicate	index_in_future_derivative_only	Sealed source asset SHA256 and bytes match this dist entry; old and new Git tree blob, mode and bytes match.	envelopes/build-web/source-before.json	eb414c0a5c82b49110c36e83c8fad83e16c35ff886560d1116511a334b52c910	public/assets/selection-fairy-hq.png	b692dda89a723f42a0d5d0d26a57b8566444e2d363dcecf21fac5f103242e277	25548	100644	3aeed89a9730bd4c692d2c339ca272061b3aeeef	83941bc80ce9ec08840b0645d9b33e8018d5309a	100644	3aeed89a9730bd4c692d2c339ca272061b3aeeef	sealed_sha256_size_and_both_git_trees_match
/home/morgana/.codex/worktrees/assembled-allied-ai/orcs-vs-Fairies/work/ai-save401-final-453c221-r1	453c2218af9973b9eca8fb78392435bd9d46a740	dist/assets/selection-fairy-melee.png	8932	785f6a574daaadcf1cc1bed1852635279bb44b7364131e2e3f3bce12be819101	bf8ed2449d14c0f3bcf00d32af4ca831885c08212be96fecc96ebd8d581ee681	source_backed_public_duplicate	index_in_future_derivative_only	Sealed source asset SHA256 and bytes match this dist entry; old and new Git tree blob, mode and bytes match.	envelopes/build-web/source-before.json	eb414c0a5c82b49110c36e83c8fad83e16c35ff886560d1116511a334b52c910	public/assets/selection-fairy-melee.png	785f6a574daaadcf1cc1bed1852635279bb44b7364131e2e3f3bce12be819101	8932	100644	c34f0a3725d13bf1201e7b53e7832bb8146c9644	83941bc80ce9ec08840b0645d9b33e8018d5309a	100644	c34f0a3725d13bf1201e7b53e7832bb8146c9644	sealed_sha256_size_and_both_git_trees_match
/home/morgana/.codex/worktrees/assembled-allied-ai/orcs-vs-Fairies/work/ai-save401-final-453c221-r1	453c2218af9973b9eca8fb78392435bd9d46a740	dist/assets/selection-fairy-ranged.png	9115	559c0c5de85b5fada89a95093dcc26d043064c8cea100206b92ca1b52fc4c8df	bf8ed2449d14c0f3bcf00d32af4ca831885c08212be96fecc96ebd8d581ee681	source_backed_public_duplicate	index_in_future_derivative_only	Sealed source asset SHA256 and bytes match this dist entry; old and new Git tree blob, mode and bytes match.	envelopes/build-web/source-before.json	eb414c0a5c82b49110c36e83c8fad83e16c35ff886560d1116511a334b52c910	public/assets/selection-fairy-ranged.png	559c0c5de85b5fada89a95093dcc26d043064c8cea100206b92ca1b52fc4c8df	9115	100644	806e96ca3aa82c1ef38187dc45172c4dccd1a232	83941bc80ce9ec08840b0645d9b33e8018d5309a	100644	806e96ca3aa82c1ef38187dc45172c4dccd1a232	sealed_sha256_size_and_both_git_trees_match
/home/morgana/.codex/worktrees/assembled-allied-ai/orcs-vs-Fairies/work/ai-save401-final-453c221-r1	453c2218af9973b9eca8fb78392435bd9d46a740	dist/assets/selection-fairy-siege.png	16158	0b614f43306d6e941fb72443580c97683b118d306f6ddbe40018ef5cd5047b0c	bf8ed2449d14c0f3bcf00d32af4ca831885c08212be96fecc96ebd8d581ee681	source_backed_public_duplicate	index_in_future_derivative_only	Sealed source asset SHA256 and bytes match this dist entry; old and new Git tree blob, mode and bytes match.	envelopes/build-web/source-before.json	eb414c0a5c82b49110c36e83c8fad83e16c35ff886560d1116511a334b52c910	public/assets/selection-fairy-siege.png	0b614f43306d6e941fb72443580c97683b118d306f6ddbe40018ef5cd5047b0c	16158	100644	bfed5b1c60e4835f8340db5478ecea1dda163a65	83941bc80ce9ec08840b0645d9b33e8018d5309a	100644	bfed5b1c60e4835f8340db5478ecea1dda163a65	sealed_sha256_size_and_both_git_trees_match
/home/morgana/.codex/worktrees/assembled-allied-ai/orcs-vs-Fairies/work/ai-save401-final-453c221-r1	453c2218af9973b9eca8fb78392435bd9d46a740	dist/assets/selection-fairy-spear.png	10538	02689c13c924469b2a37741ec19f0ee7cdb3fda8a30efa22ae825bb5fde08474	bf8ed2449d14c0f3bcf00d32af4ca831885c08212be96fecc96ebd8d581ee681	source_backed_public_duplicate	index_in_future_derivative_only	Sealed source asset SHA256 and bytes match this dist entry; old and new Git tree blob, mode and bytes match.	envelopes/build-web/source-before.json	eb414c0a5c82b49110c36e83c8fad83e16c35ff886560d1116511a334b52c910	public/assets/selection-fairy-spear.png	02689c13c924469b2a37741ec19f0ee7cdb3fda8a30efa22ae825bb5fde08474	10538	100644	1c7687615a507e727e1bf10cf3c76e087cba4a7c	83941bc80ce9ec08840b0645d9b33e8018d5309a	100644	1c7687615a507e727e1bf10cf3c76e087cba4a7c	sealed_sha256_size_and_both_git_trees_match
/home/morgana/.codex/worktrees/assembled-allied-ai/orcs-vs-Fairies/work/ai-save401-final-453c221-r1	453c2218af9973b9eca8fb78392435bd9d46a740	dist/assets/selection-fairy-special.png	12687	51bffd6b8d614c5dc8caf34f6bf46c667944483c32cff8b26c6dfab3272a3e1a	bf8ed2449d14c0f3bcf00d32af4ca831885c08212be96fecc96ebd8d581ee681	source_backed_public_duplicate	index_in_future_derivative_only	Sealed source asset SHA256 and bytes match this dist entry; old and new Git tree blob, mode and bytes match.	envelopes/build-web/source-before.json	eb414c0a5c82b49110c36e83c8fad83e16c35ff886560d1116511a334b52c910	public/assets/selection-fairy-special.png	51bffd6b8d614c5dc8caf34f6bf46c667944483c32cff8b26c6dfab3272a3e1a	12687	100644	abe17e3b11b0b77365dabf3c6d9e954b98d8d265	83941bc80ce9ec08840b0645d9b33e8018d5309a	100644	abe17e3b11b0b77365dabf3c6d9e954b98d8d265	sealed_sha256_size_and_both_git_trees_match
/home/morgana/.codex/worktrees/assembled-allied-ai/orcs-vs-Fairies/work/ai-save401-final-453c221-r1	453c2218af9973b9eca8fb78392435bd9d46a740	dist/assets/selection-fairy-tower.png	16089	390df0b78c14ba48b360e04684ab616441189d957696a0c1493a7c6107d01947	bf8ed2449d14c0f3bcf00d32af4ca831885c08212be96fecc96ebd8d581ee681	source_backed_public_duplicate	index_in_future_derivative_only	Sealed source asset SHA256 and bytes match this dist entry; old and new Git tree blob, mode and bytes match.	envelopes/build-web/source-before.json	eb414c0a5c82b49110c36e83c8fad83e16c35ff886560d1116511a334b52c910	public/assets/selection-fairy-tower.png	390df0b78c14ba48b360e04684ab616441189d957696a0c1493a7c6107d01947	16089	100644	5cab439205aeee07c29f6150d6cd52a22ee9129c	83941bc80ce9ec08840b0645d9b33e8018d5309a	100644	5cab439205aeee07c29f6150d6cd52a22ee9129c	sealed_sha256_size_and_both_git_trees_match
/home/morgana/.codex/worktrees/assembled-allied-ai/orcs-vs-Fairies/work/ai-save401-final-453c221-r1	453c2218af9973b9eca8fb78392435bd9d46a740	dist/assets/selection-fairy-wall.png	13676	3bdf148d1de42ad26be362a8f24c7765461e5282295e46dd97266dbc90a631cb	bf8ed2449d14c0f3bcf00d32af4ca831885c08212be96fecc96ebd8d581ee681	source_backed_public_duplicate	index_in_future_derivative_only	Sealed source asset SHA256 and bytes match this dist entry; old and new Git tree blob, mode and bytes match.	envelopes/build-web/source-before.json	eb414c0a5c82b49110c36e83c8fad83e16c35ff886560d1116511a334b52c910	public/assets/selection-fairy-wall.png	3bdf148d1de42ad26be362a8f24c7765461e5282295e46dd97266dbc90a631cb	13676	100644	a6c9a4cdd12d23352c53a49decce744bca5aa60f	83941bc80ce9ec08840b0645d9b33e8018d5309a	100644	a6c9a4cdd12d23352c53a49decce744bca5aa60f	sealed_sha256_size_and_both_git_trees_match
/home/morgana/.codex/worktrees/assembled-allied-ai/orcs-vs-Fairies/work/ai-save401-final-453c221-r1	453c2218af9973b9eca8fb78392435bd9d46a740	dist/assets/selection-fairy-worker.png	8045	3584bae156cb3443c30cc1f4a396872e98da490797b18360d59438d0d32d3947	bf8ed2449d14c0f3bcf00d32af4ca831885c08212be96fecc96ebd8d581ee681	source_backed_public_duplicate	index_in_future_derivative_only	Sealed source asset SHA256 and bytes match this dist entry; old and new Git tree blob, mode and bytes match.	envelopes/build-web/source-before.json	eb414c0a5c82b49110c36e83c8fad83e16c35ff886560d1116511a334b52c910	public/assets/selection-fairy-worker.png	3584bae156cb3443c30cc1f4a396872e98da490797b18360d59438d0d32d3947	8045	100644	305488e9eee1af4df920cc4ebdca8aba0a59bc90	83941bc80ce9ec08840b0645d9b33e8018d5309a	100644	305488e9eee1af4df920cc4ebdca8aba0a59bc90	sealed_sha256_size_and_both_git_trees_match
/home/morgana/.codex/worktrees/assembled-allied-ai/orcs-vs-Fairies/work/ai-save401-final-453c221-r1	453c2218af9973b9eca8fb78392435bd9d46a740	dist/assets/selection-orc-barracks.png	23958	0dcfa1305234209d008c5010ca02d4eb279c9b8099c2fd8a078b12028fe32c36	bf8ed2449d14c0f3bcf00d32af4ca831885c08212be96fecc96ebd8d581ee681	source_backed_public_duplicate	index_in_future_derivative_only	Sealed source asset SHA256 and bytes match this dist entry; old and new Git tree blob, mode and bytes match.	envelopes/build-web/source-before.json	eb414c0a5c82b49110c36e83c8fad83e16c35ff886560d1116511a334b52c910	public/assets/selection-orc-barracks.png	0dcfa1305234209d008c5010ca02d4eb279c9b8099c2fd8a078b12028fe32c36	23958	100644	c6e5b26aaa4e005f3730929cdcea27a0cc5ad43d	83941bc80ce9ec08840b0645d9b33e8018d5309a	100644	c6e5b26aaa4e005f3730929cdcea27a0cc5ad43d	sealed_sha256_size_and_both_git_trees_match
/home/morgana/.codex/worktrees/assembled-allied-ai/orcs-vs-Fairies/work/ai-save401-final-453c221-r1	453c2218af9973b9eca8fb78392435bd9d46a740	dist/assets/selection-orc-cavalry.png	13036	9c7d4282432372386ab17eb11e9dc5d62288fc42fd1c3007f46d23558addc5ab	bf8ed2449d14c0f3bcf00d32af4ca831885c08212be96fecc96ebd8d581ee681	source_backed_public_duplicate	index_in_future_derivative_only	Sealed source asset SHA256 and bytes match this dist entry; old and new Git tree blob, mode and bytes match.	envelopes/build-web/source-before.json	eb414c0a5c82b49110c36e83c8fad83e16c35ff886560d1116511a334b52c910	public/assets/selection-orc-cavalry.png	9c7d4282432372386ab17eb11e9dc5d62288fc42fd1c3007f46d23558addc5ab	13036	100644	7946340c669954f6cd089b80b564919e7438f54f	83941bc80ce9ec08840b0645d9b33e8018d5309a	100644	7946340c669954f6cd089b80b564919e7438f54f	sealed_sha256_size_and_both_git_trees_match
/home/morgana/.codex/worktrees/assembled-allied-ai/orcs-vs-Fairies/work/ai-save401-final-453c221-r1	453c2218af9973b9eca8fb78392435bd9d46a740	dist/assets/selection-orc-depot.png	20347	2aa6c41c0edb69234dee28a3204e32a3479f874fdcc7ae786a917a3e3b12ab6f	bf8ed2449d14c0f3bcf00d32af4ca831885c08212be96fecc96ebd8d581ee681	source_backed_public_duplicate	index_in_future_derivative_only	Sealed source asset SHA256 and bytes match this dist entry; old and new Git tree blob, mode and bytes match.	envelopes/build-web/source-before.json	eb414c0a5c82b49110c36e83c8fad83e16c35ff886560d1116511a334b52c910	public/assets/selection-orc-depot.png	2aa6c41c0edb69234dee28a3204e32a3479f874fdcc7ae786a917a3e3b12ab6f	20347	100644	40f824a726866f982dbe9fe88cfb3d2b84039401	83941bc80ce9ec08840b0645d9b33e8018d5309a	100644	40f824a726866f982dbe9fe88cfb3d2b84039401	sealed_sha256_size_and_both_git_trees_match
/home/morgana/.codex/worktrees/assembled-allied-ai/orcs-vs-Fairies/work/ai-save401-final-453c221-r1	453c2218af9973b9eca8fb78392435bd9d46a740	dist/assets/selection-orc-gate.png	22556	92d10aa87c544a61a0854a8d0a62f1960a9a41f88f15c1cffcafbacef74751b9	bf8ed2449d14c0f3bcf00d32af4ca831885c08212be96fecc96ebd8d581ee681	source_backed_public_duplicate	index_in_future_derivative_only	Sealed source asset SHA256 and bytes match this dist entry; old and new Git tree blob, mode and bytes match.	envelopes/build-web/source-before.json	eb414c0a5c82b49110c36e83c8fad83e16c35ff886560d1116511a334b52c910	public/assets/selection-orc-gate.png	92d10aa87c544a61a0854a8d0a62f1960a9a41f88f15c1cffcafbacef74751b9	22556	100644	ff14ef53d6c11d1f20111cb5f13a2569f6875270	83941bc80ce9ec08840b0645d9b33e8018d5309a	100644	ff14ef53d6c11d1f20111cb5f13a2569f6875270	sealed_sha256_size_and_both_git_trees_match
/home/morgana/.codex/worktrees/assembled-allied-ai/orcs-vs-Fairies/work/ai-save401-final-453c221-r1	453c2218af9973b9eca8fb78392435bd9d46a740	dist/assets/selection-orc-hq.png	25199	535f343c0c039cf4054e72df99562216855377516cae938242732b7c4a58cec1	bf8ed2449d14c0f3bcf00d32af4ca831885c08212be96fecc96ebd8d581ee681	source_backed_public_duplicate	index_in_future_derivative_only	Sealed source asset SHA256 and bytes match this dist entry; old and new Git tree blob, mode and bytes match.	envelopes/build-web/source-before.json	eb414c0a5c82b49110c36e83c8fad83e16c35ff886560d1116511a334b52c910	public/assets/selection-orc-hq.png	535f343c0c039cf4054e72df99562216855377516cae938242732b7c4a58cec1	25199	100644	fab2f301e6470acbe65de3e9bc396c10aaf7812c	83941bc80ce9ec08840b0645d9b33e8018d5309a	100644	fab2f301e6470acbe65de3e9bc396c10aaf7812c	sealed_sha256_size_and_both_git_trees_match
/home/morgana/.codex/worktrees/assembled-allied-ai/orcs-vs-Fairies/work/ai-save401-final-453c221-r1	453c2218af9973b9eca8fb78392435bd9d46a740	dist/assets/selection-orc-melee.png	11146	6ba55e59b228eebdbcdbc5358208796d77e560e98fd69dd66d4b3c143deffb0f	bf8ed2449d14c0f3bcf00d32af4ca831885c08212be96fecc96ebd8d581ee681	source_backed_public_duplicate	index_in_future_derivative_only	Sealed source asset SHA256 and bytes match this dist entry; old and new Git tree blob, mode and bytes match.	envelopes/build-web/source-before.json	eb414c0a5c82b49110c36e83c8fad83e16c35ff886560d1116511a334b52c910	public/assets/selection-orc-melee.png	6ba55e59b228eebdbcdbc5358208796d77e560e98fd69dd66d4b3c143deffb0f	11146	100644	79be365f0950a31aefc4465ce77fd518323c3c1d	83941bc80ce9ec08840b0645d9b33e8018d5309a	100644	79be365f0950a31aefc4465ce77fd518323c3c1d	sealed_sha256_size_and_both_git_trees_match
/home/morgana/.codex/worktrees/assembled-allied-ai/orcs-vs-Fairies/work/ai-save401-final-453c221-r1	453c2218af9973b9eca8fb78392435bd9d46a740	dist/assets/selection-orc-ranged.png	10526	f4d5637318ad85f58e92c7c0595461f4e1d9b0664d41ce413b403323ea3e102b	bf8ed2449d14c0f3bcf00d32af4ca831885c08212be96fecc96ebd8d581ee681	source_backed_public_duplicate	index_in_future_derivative_only	Sealed source asset SHA256 and bytes match this dist entry; old and new Git tree blob, mode and bytes match.	envelopes/build-web/source-before.json	eb414c0a5c82b49110c36e83c8fad83e16c35ff886560d1116511a334b52c910	public/assets/selection-orc-ranged.png	f4d5637318ad85f58e92c7c0595461f4e1d9b0664d41ce413b403323ea3e102b	10526	100644	a29f9a85d723a6ce78f23c26edf0f83aae7d942c	83941bc80ce9ec08840b0645d9b33e8018d5309a	100644	a29f9a85d723a6ce78f23c26edf0f83aae7d942c	sealed_sha256_size_and_both_git_trees_match
/home/morgana/.codex/worktrees/assembled-allied-ai/orcs-vs-Fairies/work/ai-save401-final-453c221-r1	453c2218af9973b9eca8fb78392435bd9d46a740	dist/assets/selection-orc-siege.png	14705	a35909d570e69e5dabb32aedd382d92a900032b213f5dc9bdf6fd37c9699eafb	bf8ed2449d14c0f3bcf00d32af4ca831885c08212be96fecc96ebd8d581ee681	source_backed_public_duplicate	index_in_future_derivative_only	Sealed source asset SHA256 and bytes match this dist entry; old and new Git tree blob, mode and bytes match.	envelopes/build-web/source-before.json	eb414c0a5c82b49110c36e83c8fad83e16c35ff886560d1116511a334b52c910	public/assets/selection-orc-siege.png	a35909d570e69e5dabb32aedd382d92a900032b213f5dc9bdf6fd37c9699eafb	14705	100644	31a763ae67c1f95f60d36f591c1b7134fb71ca53	83941bc80ce9ec08840b0645d9b33e8018d5309a	100644	31a763ae67c1f95f60d36f591c1b7134fb71ca53	sealed_sha256_size_and_both_git_trees_match
/home/morgana/.codex/worktrees/assembled-allied-ai/orcs-vs-Fairies/work/ai-save401-final-453c221-r1	453c2218af9973b9eca8fb78392435bd9d46a740	dist/assets/selection-orc-spear.png	11635	8c880604106db78feaae0669766e418d3798c1097ddec0991757c167c9a7fba6	bf8ed2449d14c0f3bcf00d32af4ca831885c08212be96fecc96ebd8d581ee681	source_backed_public_duplicate	index_in_future_derivative_only	Sealed source asset SHA256 and bytes match this dist entry; old and new Git tree blob, mode and bytes match.	envelopes/build-web/source-before.json	eb414c0a5c82b49110c36e83c8fad83e16c35ff886560d1116511a334b52c910	public/assets/selection-orc-spear.png	8c880604106db78feaae0669766e418d3798c1097ddec0991757c167c9a7fba6	11635	100644	07e453f7be56ed0bdf60a9cb92c3d7afaf26cae5	83941bc80ce9ec08840b0645d9b33e8018d5309a	100644	07e453f7be56ed0bdf60a9cb92c3d7afaf26cae5	sealed_sha256_size_and_both_git_trees_match
/home/morgana/.codex/worktrees/assembled-allied-ai/orcs-vs-Fairies/work/ai-save401-final-453c221-r1	453c2218af9973b9eca8fb78392435bd9d46a740	dist/assets/selection-orc-special.png	12100	5b66ff29e65061faab8ea0c0aead027bfd7bf50c2bc45030968568a452b7e70c	bf8ed2449d14c0f3bcf00d32af4ca831885c08212be96fecc96ebd8d581ee681	source_backed_public_duplicate	index_in_future_derivative_only	Sealed source asset SHA256 and bytes match this dist entry; old and new Git tree blob, mode and bytes match.	envelopes/build-web/source-before.json	eb414c0a5c82b49110c36e83c8fad83e16c35ff886560d1116511a334b52c910	public/assets/selection-orc-special.png	5b66ff29e65061faab8ea0c0aead027bfd7bf50c2bc45030968568a452b7e70c	12100	100644	1766d86d18ec90ccf1ff47c2715d820330e9bf39	83941bc80ce9ec08840b0645d9b33e8018d5309a	100644	1766d86d18ec90ccf1ff47c2715d820330e9bf39	sealed_sha256_size_and_both_git_trees_match
/home/morgana/.codex/worktrees/assembled-allied-ai/orcs-vs-Fairies/work/ai-save401-final-453c221-r1	453c2218af9973b9eca8fb78392435bd9d46a740	dist/assets/selection-orc-tower.png	16244	15089e9a5a4da20d24484e0b44a34b837064974005e2c41767e3ea6f4dcb4fd4	bf8ed2449d14c0f3bcf00d32af4ca831885c08212be96fecc96ebd8d581ee681	source_backed_public_duplicate	index_in_future_derivative_only	Sealed source asset SHA256 and bytes match this dist entry; old and new Git tree blob, mode and bytes match.	envelopes/build-web/source-before.json	eb414c0a5c82b49110c36e83c8fad83e16c35ff886560d1116511a334b52c910	public/assets/selection-orc-tower.png	15089e9a5a4da20d24484e0b44a34b837064974005e2c41767e3ea6f4dcb4fd4	16244	100644	0d09b468fecd27a5e4e694f86609fe19c253e03e	83941bc80ce9ec08840b0645d9b33e8018d5309a	100644	0d09b468fecd27a5e4e694f86609fe19c253e03e	sealed_sha256_size_and_both_git_trees_match
/home/morgana/.codex/worktrees/assembled-allied-ai/orcs-vs-Fairies/work/ai-save401-final-453c221-r1	453c2218af9973b9eca8fb78392435bd9d46a740	dist/assets/selection-orc-wall.png	11488	c92cbbca00672d6e998e73c9db16b149f1acb3cd50d04e8df53077813611b8cd	bf8ed2449d14c0f3bcf00d32af4ca831885c08212be96fecc96ebd8d581ee681	source_backed_public_duplicate	index_in_future_derivative_only	Sealed source asset SHA256 and bytes match this dist entry; old and new Git tree blob, mode and bytes match.	envelopes/build-web/source-before.json	eb414c0a5c82b49110c36e83c8fad83e16c35ff886560d1116511a334b52c910	public/assets/selection-orc-wall.png	c92cbbca00672d6e998e73c9db16b149f1acb3cd50d04e8df53077813611b8cd	11488	100644	96f979f3055885dbe2513a0796c869ab5882ed75	83941bc80ce9ec08840b0645d9b33e8018d5309a	100644	96f979f3055885dbe2513a0796c869ab5882ed75	sealed_sha256_size_and_both_git_trees_match
/home/morgana/.codex/worktrees/assembled-allied-ai/orcs-vs-Fairies/work/ai-save401-final-453c221-r1	453c2218af9973b9eca8fb78392435bd9d46a740	dist/assets/selection-orc-worker.png	9229	45a888e5ece5aea5d87e9961912cee4964edbad9629136f9b50e7d9da90f6b02	bf8ed2449d14c0f3bcf00d32af4ca831885c08212be96fecc96ebd8d581ee681	source_backed_public_duplicate	index_in_future_derivative_only	Sealed source asset SHA256 and bytes match this dist entry; old and new Git tree blob, mode and bytes match.	envelopes/build-web/source-before.json	eb414c0a5c82b49110c36e83c8fad83e16c35ff886560d1116511a334b52c910	public/assets/selection-orc-worker.png	45a888e5ece5aea5d87e9961912cee4964edbad9629136f9b50e7d9da90f6b02	9229	100644	343c4aecba9e51d0f08b05dee03a3676284f1ea3	83941bc80ce9ec08840b0645d9b33e8018d5309a	100644	343c4aecba9e51d0f08b05dee03a3676284f1ea3	sealed_sha256_size_and_both_git_trees_match
/home/morgana/.codex/worktrees/assembled-allied-ai/orcs-vs-Fairies/work/ai-save401-final-453c221-r1	453c2218af9973b9eca8fb78392435bd9d46a740	dist/assets/selection-tideborn-barracks.png	19697	856a5dcbbfcbed5713fff36b457c87db4d62a844dbdc3bf7758a6c4995368a76	bf8ed2449d14c0f3bcf00d32af4ca831885c08212be96fecc96ebd8d581ee681	source_backed_public_duplicate	index_in_future_derivative_only	Sealed source asset SHA256 and bytes match this dist entry; old and new Git tree blob, mode and bytes match.	envelopes/build-web/source-before.json	eb414c0a5c82b49110c36e83c8fad83e16c35ff886560d1116511a334b52c910	public/assets/selection-tideborn-barracks.png	856a5dcbbfcbed5713fff36b457c87db4d62a844dbdc3bf7758a6c4995368a76	19697	100644	fd1c9c3a907c29020baf415caafa307f638cafb0	83941bc80ce9ec08840b0645d9b33e8018d5309a	100644	fd1c9c3a907c29020baf415caafa307f638cafb0	sealed_sha256_size_and_both_git_trees_match
/home/morgana/.codex/worktrees/assembled-allied-ai/orcs-vs-Fairies/work/ai-save401-final-453c221-r1	453c2218af9973b9eca8fb78392435bd9d46a740	dist/assets/selection-tideborn-cavalry.png	14732	4014caa03c1748bc9b107f5f922795ebe639a91ac4a66883e3295a2620448b23	bf8ed2449d14c0f3bcf00d32af4ca831885c08212be96fecc96ebd8d581ee681	source_backed_public_duplicate	index_in_future_derivative_only	Sealed source asset SHA256 and bytes match this dist entry; old and new Git tree blob, mode and bytes match.	envelopes/build-web/source-before.json	eb414c0a5c82b49110c36e83c8fad83e16c35ff886560d1116511a334b52c910	public/assets/selection-tideborn-cavalry.png	4014caa03c1748bc9b107f5f922795ebe639a91ac4a66883e3295a2620448b23	14732	100644	e1e60c6b6b0ad1c5175b9161d18d9e3026401889	83941bc80ce9ec08840b0645d9b33e8018d5309a	100644	e1e60c6b6b0ad1c5175b9161d18d9e3026401889	sealed_sha256_size_and_both_git_trees_match
/home/morgana/.codex/worktrees/assembled-allied-ai/orcs-vs-Fairies/work/ai-save401-final-453c221-r1	453c2218af9973b9eca8fb78392435bd9d46a740	dist/assets/selection-tideborn-depot.png	13713	f171e64b81c7894f5e1d137ba2f3803d2ca231f7ba48737cf54f33c1e049bbe4	bf8ed2449d14c0f3bcf00d32af4ca831885c08212be96fecc96ebd8d581ee681	source_backed_public_duplicate	index_in_future_derivative_only	Sealed source asset SHA256 and bytes match this dist entry; old and new Git tree blob, mode and bytes match.	envelopes/build-web/source-before.json	eb414c0a5c82b49110c36e83c8fad83e16c35ff886560d1116511a334b52c910	public/assets/selection-tideborn-depot.png	f171e64b81c7894f5e1d137ba2f3803d2ca231f7ba48737cf54f33c1e049bbe4	13713	100644	8e46685308f9311ded620463feda3d8b96916e7b	83941bc80ce9ec08840b0645d9b33e8018d5309a	100644	8e46685308f9311ded620463feda3d8b96916e7b	sealed_sha256_size_and_both_git_trees_match
/home/morgana/.codex/worktrees/assembled-allied-ai/orcs-vs-Fairies/work/ai-save401-final-453c221-r1	453c2218af9973b9eca8fb78392435bd9d46a740	dist/assets/selection-tideborn-gate.png	26109	4f752d211a6fcb4defef15837dc03db9adf6920334f0d5b82b01ec8aeb9e8c6e	bf8ed2449d14c0f3bcf00d32af4ca831885c08212be96fecc96ebd8d581ee681	source_backed_public_duplicate	index_in_future_derivative_only	Sealed source asset SHA256 and bytes match this dist entry; old and new Git tree blob, mode and bytes match.	envelopes/build-web/source-before.json	eb414c0a5c82b49110c36e83c8fad83e16c35ff886560d1116511a334b52c910	public/assets/selection-tideborn-gate.png	4f752d211a6fcb4defef15837dc03db9adf6920334f0d5b82b01ec8aeb9e8c6e	26109	100644	c90ed1df668a345736af18bb33f4f633323d380c	83941bc80ce9ec08840b0645d9b33e8018d5309a	100644	c90ed1df668a345736af18bb33f4f633323d380c	sealed_sha256_size_and_both_git_trees_match
/home/morgana/.codex/worktrees/assembled-allied-ai/orcs-vs-Fairies/work/ai-save401-final-453c221-r1	453c2218af9973b9eca8fb78392435bd9d46a740	dist/assets/selection-tideborn-hq.png	23103	0f5b383c7a3eb1547d70fb1932ed22554b8253cf623dfad545e283097e0d4439	bf8ed2449d14c0f3bcf00d32af4ca831885c08212be96fecc96ebd8d581ee681	source_backed_public_duplicate	index_in_future_derivative_only	Sealed source asset SHA256 and bytes match this dist entry; old and new Git tree blob, mode and bytes match.	envelopes/build-web/source-before.json	eb414c0a5c82b49110c36e83c8fad83e16c35ff886560d1116511a334b52c910	public/assets/selection-tideborn-hq.png	0f5b383c7a3eb1547d70fb1932ed22554b8253cf623dfad545e283097e0d4439	23103	100644	262b27af5b2d252180b421fea54c839263b233fe	83941bc80ce9ec08840b0645d9b33e8018d5309a	100644	262b27af5b2d252180b421fea54c839263b233fe	sealed_sha256_size_and_both_git_trees_match
/home/morgana/.codex/worktrees/assembled-allied-ai/orcs-vs-Fairies/work/ai-save401-final-453c221-r1	453c2218af9973b9eca8fb78392435bd9d46a740	dist/assets/selection-tideborn-melee.png	7914	9e8e4e02aeac10aef217c105400fa6c51c3c054a8ae88a496e7a6e56d0ac9b54	bf8ed2449d14c0f3bcf00d32af4ca831885c08212be96fecc96ebd8d581ee681	source_backed_public_duplicate	index_in_future_derivative_only	Sealed source asset SHA256 and bytes match this dist entry; old and new Git tree blob, mode and bytes match.	envelopes/build-web/source-before.json	eb414c0a5c82b49110c36e83c8fad83e16c35ff886560d1116511a334b52c910	public/assets/selection-tideborn-melee.png	9e8e4e02aeac10aef217c105400fa6c51c3c054a8ae88a496e7a6e56d0ac9b54	7914	100644	f47de6446e3b62e8e430e66991ba96dbc702e099	83941bc80ce9ec08840b0645d9b33e8018d5309a	100644	f47de6446e3b62e8e430e66991ba96dbc702e099	sealed_sha256_size_and_both_git_trees_match
/home/morgana/.codex/worktrees/assembled-allied-ai/orcs-vs-Fairies/work/ai-save401-final-453c221-r1	453c2218af9973b9eca8fb78392435bd9d46a740	dist/assets/selection-tideborn-ranged.png	7282	a89b505c57a0bcdbcce4b0d641a93236fbbb689edbfd64fa0c8d380c93abf0b5	bf8ed2449d14c0f3bcf00d32af4ca831885c08212be96fecc96ebd8d581ee681	source_backed_public_duplicate	index_in_future_derivative_only	Sealed source asset SHA256 and bytes match this dist entry; old and new Git tree blob, mode and bytes match.	envelopes/build-web/source-before.json	eb414c0a5c82b49110c36e83c8fad83e16c35ff886560d1116511a334b52c910	public/assets/selection-tideborn-ranged.png	a89b505c57a0bcdbcce4b0d641a93236fbbb689edbfd64fa0c8d380c93abf0b5	7282	100644	bae2a1b9babe1059977620ed7e168b5beaa6033f	83941bc80ce9ec08840b0645d9b33e8018d5309a	100644	bae2a1b9babe1059977620ed7e168b5beaa6033f	sealed_sha256_size_and_both_git_trees_match
/home/morgana/.codex/worktrees/assembled-allied-ai/orcs-vs-Fairies/work/ai-save401-final-453c221-r1	453c2218af9973b9eca8fb78392435bd9d46a740	dist/assets/selection-tideborn-siege.png	13025	cad07f4d4b0572d4111622a8e819952009e973e0cd9b0c29dedf5756c2b480fb	bf8ed2449d14c0f3bcf00d32af4ca831885c08212be96fecc96ebd8d581ee681	source_backed_public_duplicate	index_in_future_derivative_only	Sealed source asset SHA256 and bytes match this dist entry; old and new Git tree blob, mode and bytes match.	envelopes/build-web/source-before.json	eb414c0a5c82b49110c36e83c8fad83e16c35ff886560d1116511a334b52c910	public/assets/selection-tideborn-siege.png	cad07f4d4b0572d4111622a8e819952009e973e0cd9b0c29dedf5756c2b480fb	13025	100644	f6872e4e0a1b10c2729dbc73f733a1d1cb0fa00f	83941bc80ce9ec08840b0645d9b33e8018d5309a	100644	f6872e4e0a1b10c2729dbc73f733a1d1cb0fa00f	sealed_sha256_size_and_both_git_trees_match
/home/morgana/.codex/worktrees/assembled-allied-ai/orcs-vs-Fairies/work/ai-save401-final-453c221-r1	453c2218af9973b9eca8fb78392435bd9d46a740	dist/assets/selection-tideborn-spear.png	8459	44c5332da70ed4bab6b8306c87959dca634de5ca1a651516440bf65ef8a47ee2	bf8ed2449d14c0f3bcf00d32af4ca831885c08212be96fecc96ebd8d581ee681	source_backed_public_duplicate	index_in_future_derivative_only	Sealed source asset SHA256 and bytes match this dist entry; old and new Git tree blob, mode and bytes match.	envelopes/build-web/source-before.json	eb414c0a5c82b49110c36e83c8fad83e16c35ff886560d1116511a334b52c910	public/assets/selection-tideborn-spear.png	44c5332da70ed4bab6b8306c87959dca634de5ca1a651516440bf65ef8a47ee2	8459	100644	9c19b00c70e3e2cff3080ddfa1e8ac0ef2cb2876	83941bc80ce9ec08840b0645d9b33e8018d5309a	100644	9c19b00c70e3e2cff3080ddfa1e8ac0ef2cb2876	sealed_sha256_size_and_both_git_trees_match
/home/morgana/.codex/worktrees/assembled-allied-ai/orcs-vs-Fairies/work/ai-save401-final-453c221-r1	453c2218af9973b9eca8fb78392435bd9d46a740	dist/assets/selection-tideborn-special.png	8268	60e6a68c81b42b4b2e51384de669540c2a28baae5eedcd4d369e5ee49610c97a	bf8ed2449d14c0f3bcf00d32af4ca831885c08212be96fecc96ebd8d581ee681	source_backed_public_duplicate	index_in_future_derivative_only	Sealed source asset SHA256 and bytes match this dist entry; old and new Git tree blob, mode and bytes match.	envelopes/build-web/source-before.json	eb414c0a5c82b49110c36e83c8fad83e16c35ff886560d1116511a334b52c910	public/assets/selection-tideborn-special.png	60e6a68c81b42b4b2e51384de669540c2a28baae5eedcd4d369e5ee49610c97a	8268	100644	7c82da943d5b591484d1ea065e8b62ec03c69225	83941bc80ce9ec08840b0645d9b33e8018d5309a	100644	7c82da943d5b591484d1ea065e8b62ec03c69225	sealed_sha256_size_and_both_git_trees_match
/home/morgana/.codex/worktrees/assembled-allied-ai/orcs-vs-Fairies/work/ai-save401-final-453c221-r1	453c2218af9973b9eca8fb78392435bd9d46a740	dist/assets/selection-tideborn-tower.png	15895	1a263bb5d3f5b0852ebf8ff9ef7fd069d4ae635610d9474df2d023a0b1bc25e5	bf8ed2449d14c0f3bcf00d32af4ca831885c08212be96fecc96ebd8d581ee681	source_backed_public_duplicate	index_in_future_derivative_only	Sealed source asset SHA256 and bytes match this dist entry; old and new Git tree blob, mode and bytes match.	envelopes/build-web/source-before.json	eb414c0a5c82b49110c36e83c8fad83e16c35ff886560d1116511a334b52c910	public/assets/selection-tideborn-tower.png	1a263bb5d3f5b0852ebf8ff9ef7fd069d4ae635610d9474df2d023a0b1bc25e5	15895	100644	8168c0824ec48cea74d288fb175b885fb3082293	83941bc80ce9ec08840b0645d9b33e8018d5309a	100644	8168c0824ec48cea74d288fb175b885fb3082293	sealed_sha256_size_and_both_git_trees_match
/home/morgana/.codex/worktrees/assembled-allied-ai/orcs-vs-Fairies/work/ai-save401-final-453c221-r1	453c2218af9973b9eca8fb78392435bd9d46a740	dist/assets/selection-tideborn-wall.png	12564	8bd96c9e53620d22e2d9c705ad4605cc76444e7e329080ef10b51704eac6068f	bf8ed2449d14c0f3bcf00d32af4ca831885c08212be96fecc96ebd8d581ee681	source_backed_public_duplicate	index_in_future_derivative_only	Sealed source asset SHA256 and bytes match this dist entry; old and new Git tree blob, mode and bytes match.	envelopes/build-web/source-before.json	eb414c0a5c82b49110c36e83c8fad83e16c35ff886560d1116511a334b52c910	public/assets/selection-tideborn-wall.png	8bd96c9e53620d22e2d9c705ad4605cc76444e7e329080ef10b51704eac6068f	12564	100644	7d11d6d32129bc845d22458d0aa45016dc79e106	83941bc80ce9ec08840b0645d9b33e8018d5309a	100644	7d11d6d32129bc845d22458d0aa45016dc79e106	sealed_sha256_size_and_both_git_trees_match
/home/morgana/.codex/worktrees/assembled-allied-ai/orcs-vs-Fairies/work/ai-save401-final-453c221-r1	453c2218af9973b9eca8fb78392435bd9d46a740	dist/assets/selection-tideborn-worker.png	6554	e20078769e216033b22b8f688b57c63a29bf412b498eaf75191e6c58226ce393	bf8ed2449d14c0f3bcf00d32af4ca831885c08212be96fecc96ebd8d581ee681	source_backed_public_duplicate	index_in_future_derivative_only	Sealed source asset SHA256 and bytes match this dist entry; old and new Git tree blob, mode and bytes match.	envelopes/build-web/source-before.json	eb414c0a5c82b49110c36e83c8fad83e16c35ff886560d1116511a334b52c910	public/assets/selection-tideborn-worker.png	e20078769e216033b22b8f688b57c63a29bf412b498eaf75191e6c58226ce393	6554	100644	b95ee3790186a9a3d0e8e8d4f30ab6a9fcecafa6	83941bc80ce9ec08840b0645d9b33e8018d5309a	100644	b95ee3790186a9a3d0e8e8d4f30ab6a9fcecafa6	sealed_sha256_size_and_both_git_trees_match
/home/morgana/.codex/worktrees/assembled-allied-ai/orcs-vs-Fairies/work/ai-save401-final-453c221-r1	453c2218af9973b9eca8fb78392435bd9d46a740	dist/assets/selection-undead-barracks.png	21145	fdfaf9ff57670f6d4463e8bad57125cf625b10fb1ae3153856f077e3b0be7b26	bf8ed2449d14c0f3bcf00d32af4ca831885c08212be96fecc96ebd8d581ee681	source_backed_public_duplicate	index_in_future_derivative_only	Sealed source asset SHA256 and bytes match this dist entry; old and new Git tree blob, mode and bytes match.	envelopes/build-web/source-before.json	eb414c0a5c82b49110c36e83c8fad83e16c35ff886560d1116511a334b52c910	public/assets/selection-undead-barracks.png	fdfaf9ff57670f6d4463e8bad57125cf625b10fb1ae3153856f077e3b0be7b26	21145	100644	076229a5b18a51e0f1d7323994642cf514597bab	83941bc80ce9ec08840b0645d9b33e8018d5309a	100644	076229a5b18a51e0f1d7323994642cf514597bab	sealed_sha256_size_and_both_git_trees_match
/home/morgana/.codex/worktrees/assembled-allied-ai/orcs-vs-Fairies/work/ai-save401-final-453c221-r1	453c2218af9973b9eca8fb78392435bd9d46a740	dist/assets/selection-undead-cavalry.png	11033	72b7b4081a2e2322926f85ccae7392d536858e80dd72c87bc03bc9b4218cbdf8	bf8ed2449d14c0f3bcf00d32af4ca831885c08212be96fecc96ebd8d581ee681	source_backed_public_duplicate	index_in_future_derivative_only	Sealed source asset SHA256 and bytes match this dist entry; old and new Git tree blob, mode and bytes match.	envelopes/build-web/source-before.json	eb414c0a5c82b49110c36e83c8fad83e16c35ff886560d1116511a334b52c910	public/assets/selection-undead-cavalry.png	72b7b4081a2e2322926f85ccae7392d536858e80dd72c87bc03bc9b4218cbdf8	11033	100644	33553b30e726c386f30e48c0f9c12cbef14a6b2d	83941bc80ce9ec08840b0645d9b33e8018d5309a	100644	33553b30e726c386f30e48c0f9c12cbef14a6b2d	sealed_sha256_size_and_both_git_trees_match
/home/morgana/.codex/worktrees/assembled-allied-ai/orcs-vs-Fairies/work/ai-save401-final-453c221-r1	453c2218af9973b9eca8fb78392435bd9d46a740	dist/assets/selection-undead-depot.png	21632	4a3fc78da085d074f7c5e3d0b97eb810476776b4bc3bed67920b2f74b83c4025	bf8ed2449d14c0f3bcf00d32af4ca831885c08212be96fecc96ebd8d581ee681	source_backed_public_duplicate	index_in_future_derivative_only	Sealed source asset SHA256 and bytes match this dist entry; old and new Git tree blob, mode and bytes match.	envelopes/build-web/source-before.json	eb414c0a5c82b49110c36e83c8fad83e16c35ff886560d1116511a334b52c910	public/assets/selection-undead-depot.png	4a3fc78da085d074f7c5e3d0b97eb810476776b4bc3bed67920b2f74b83c4025	21632	100644	54b0e0c9ff24a0df944c04eb0816e2252749c412	83941bc80ce9ec08840b0645d9b33e8018d5309a	100644	54b0e0c9ff24a0df944c04eb0816e2252749c412	sealed_sha256_size_and_both_git_trees_match
/home/morgana/.codex/worktrees/assembled-allied-ai/orcs-vs-Fairies/work/ai-save401-final-453c221-r1	453c2218af9973b9eca8fb78392435bd9d46a740	dist/assets/selection-undead-gate.png	23063	d160d277bccfbd9fbb0595c0d07ce0152de51588815b25795a609b61d987b9c9	bf8ed2449d14c0f3bcf00d32af4ca831885c08212be96fecc96ebd8d581ee681	source_backed_public_duplicate	index_in_future_derivative_only	Sealed source asset SHA256 and bytes match this dist entry; old and new Git tree blob, mode and bytes match.	envelopes/build-web/source-before.json	eb414c0a5c82b49110c36e83c8fad83e16c35ff886560d1116511a334b52c910	public/assets/selection-undead-gate.png	d160d277bccfbd9fbb0595c0d07ce0152de51588815b25795a609b61d987b9c9	23063	100644	9f385b004b8015949f4ab15a6c0d4378108fb1cc	83941bc80ce9ec08840b0645d9b33e8018d5309a	100644	9f385b004b8015949f4ab15a6c0d4378108fb1cc	sealed_sha256_size_and_both_git_trees_match
/home/morgana/.codex/worktrees/assembled-allied-ai/orcs-vs-Fairies/work/ai-save401-final-453c221-r1	453c2218af9973b9eca8fb78392435bd9d46a740	dist/assets/selection-undead-hq.png	19098	c2c153b391c03df6111b21273a06bbf2e38d07c0fb90de76a96789e4c117dd5b	bf8ed2449d14c0f3bcf00d32af4ca831885c08212be96fecc96ebd8d581ee681	source_backed_public_duplicate	index_in_future_derivative_only	Sealed source asset SHA256 and bytes match this dist entry; old and new Git tree blob, mode and bytes match.	envelopes/build-web/source-before.json	eb414c0a5c82b49110c36e83c8fad83e16c35ff886560d1116511a334b52c910	public/assets/selection-undead-hq.png	c2c153b391c03df6111b21273a06bbf2e38d07c0fb90de76a96789e4c117dd5b	19098	100644	90795563b82e3d88157d1fde3e7153b3cae323ca	83941bc80ce9ec08840b0645d9b33e8018d5309a	100644	90795563b82e3d88157d1fde3e7153b3cae323ca	sealed_sha256_size_and_both_git_trees_match
/home/morgana/.codex/worktrees/assembled-allied-ai/orcs-vs-Fairies/work/ai-save401-final-453c221-r1	453c2218af9973b9eca8fb78392435bd9d46a740	dist/assets/selection-undead-melee.png	5553	c3fd7ab0466c9cafc040425454bf31932b5f6299a8eb31e04d6e6d132ac74bbd	bf8ed2449d14c0f3bcf00d32af4ca831885c08212be96fecc96ebd8d581ee681	source_backed_public_duplicate	index_in_future_derivative_only	Sealed source asset SHA256 and bytes match this dist entry; old and new Git tree blob, mode and bytes match.	envelopes/build-web/source-before.json	eb414c0a5c82b49110c36e83c8fad83e16c35ff886560d1116511a334b52c910	public/assets/selection-undead-melee.png	c3fd7ab0466c9cafc040425454bf31932b5f6299a8eb31e04d6e6d132ac74bbd	5553	100644	f08023d98121427cfab4a5128a02196fa4b1fd0b	83941bc80ce9ec08840b0645d9b33e8018d5309a	100644	f08023d98121427cfab4a5128a02196fa4b1fd0b	sealed_sha256_size_and_both_git_trees_match
/home/morgana/.codex/worktrees/assembled-allied-ai/orcs-vs-Fairies/work/ai-save401-final-453c221-r1	453c2218af9973b9eca8fb78392435bd9d46a740	dist/assets/selection-undead-ranged.png	5457	6ce3f12dc16aa2def6c37293aab3695d09537356c733c45c41fb26d8f93cc449	bf8ed2449d14c0f3bcf00d32af4ca831885c08212be96fecc96ebd8d581ee681	source_backed_public_duplicate	index_in_future_derivative_only	Sealed source asset SHA256 and bytes match this dist entry; old and new Git tree blob, mode and bytes match.	envelopes/build-web/source-before.json	eb414c0a5c82b49110c36e83c8fad83e16c35ff886560d1116511a334b52c910	public/assets/selection-undead-ranged.png	6ce3f12dc16aa2def6c37293aab3695d09537356c733c45c41fb26d8f93cc449	5457	100644	f482d2c0909ac8a9974bd7747767ae994baeea81	83941bc80ce9ec08840b0645d9b33e8018d5309a	100644	f482d2c0909ac8a9974bd7747767ae994baeea81	sealed_sha256_size_and_both_git_trees_match
/home/morgana/.codex/worktrees/assembled-allied-ai/orcs-vs-Fairies/work/ai-save401-final-453c221-r1	453c2218af9973b9eca8fb78392435bd9d46a740	dist/assets/selection-undead-siege.png	15597	4ecc948da24a2d8bfbb0dcc65ae50faadf55c2d205a43b83aeca3e5b7b24ce37	bf8ed2449d14c0f3bcf00d32af4ca831885c08212be96fecc96ebd8d581ee681	source_backed_public_duplicate	index_in_future_derivative_only	Sealed source asset SHA256 and bytes match this dist entry; old and new Git tree blob, mode and bytes match.	envelopes/build-web/source-before.json	eb414c0a5c82b49110c36e83c8fad83e16c35ff886560d1116511a334b52c910	public/assets/selection-undead-siege.png	4ecc948da24a2d8bfbb0dcc65ae50faadf55c2d205a43b83aeca3e5b7b24ce37	15597	100644	c404288ec2e12247ec28c673c08b4134534c8e2f	83941bc80ce9ec08840b0645d9b33e8018d5309a	100644	c404288ec2e12247ec28c673c08b4134534c8e2f	sealed_sha256_size_and_both_git_trees_match
/home/morgana/.codex/worktrees/assembled-allied-ai/orcs-vs-Fairies/work/ai-save401-final-453c221-r1	453c2218af9973b9eca8fb78392435bd9d46a740	dist/assets/selection-undead-spear.png	7682	46a95663af5de7fc2c516f8c64afd5f83bfa6242a0a6a1c415cf85058f9ef038	bf8ed2449d14c0f3bcf00d32af4ca831885c08212be96fecc96ebd8d581ee681	source_backed_public_duplicate	index_in_future_derivative_only	Sealed source asset SHA256 and bytes match this dist entry; old and new Git tree blob, mode and bytes match.	envelopes/build-web/source-before.json	eb414c0a5c82b49110c36e83c8fad83e16c35ff886560d1116511a334b52c910	public/assets/selection-undead-spear.png	46a95663af5de7fc2c516f8c64afd5f83bfa6242a0a6a1c415cf85058f9ef038	7682	100644	559daf17e3e41900616be646246cc12bb7e40613	83941bc80ce9ec08840b0645d9b33e8018d5309a	100644	559daf17e3e41900616be646246cc12bb7e40613	sealed_sha256_size_and_both_git_trees_match
/home/morgana/.codex/worktrees/assembled-allied-ai/orcs-vs-Fairies/work/ai-save401-final-453c221-r1	453c2218af9973b9eca8fb78392435bd9d46a740	dist/assets/selection-undead-special.png	6434	7947c284b876e8390c968eb1405805eacdebfdefd3a089dbddf3e5a7f7678a3a	bf8ed2449d14c0f3bcf00d32af4ca831885c08212be96fecc96ebd8d581ee681	source_backed_public_duplicate	index_in_future_derivative_only	Sealed source asset SHA256 and bytes match this dist entry; old and new Git tree blob, mode and bytes match.	envelopes/build-web/source-before.json	eb414c0a5c82b49110c36e83c8fad83e16c35ff886560d1116511a334b52c910	public/assets/selection-undead-special.png	7947c284b876e8390c968eb1405805eacdebfdefd3a089dbddf3e5a7f7678a3a	6434	100644	ebe6317b37843d5fb6f79be483b93980facfa484	83941bc80ce9ec08840b0645d9b33e8018d5309a	100644	ebe6317b37843d5fb6f79be483b93980facfa484	sealed_sha256_size_and_both_git_trees_match
/home/morgana/.codex/worktrees/assembled-allied-ai/orcs-vs-Fairies/work/ai-save401-final-453c221-r1	453c2218af9973b9eca8fb78392435bd9d46a740	dist/assets/selection-undead-tower.png	15902	a43e46fc1d18c117c1ac98f18995d95e773d98ad048193c82ecf117d138044fa	bf8ed2449d14c0f3bcf00d32af4ca831885c08212be96fecc96ebd8d581ee681	source_backed_public_duplicate	index_in_future_derivative_only	Sealed source asset SHA256 and bytes match this dist entry; old and new Git tree blob, mode and bytes match.	envelopes/build-web/source-before.json	eb414c0a5c82b49110c36e83c8fad83e16c35ff886560d1116511a334b52c910	public/assets/selection-undead-tower.png	a43e46fc1d18c117c1ac98f18995d95e773d98ad048193c82ecf117d138044fa	15902	100644	3df2260ed9b0bd8a7972f6f50946822e6865b21b	83941bc80ce9ec08840b0645d9b33e8018d5309a	100644	3df2260ed9b0bd8a7972f6f50946822e6865b21b	sealed_sha256_size_and_both_git_trees_match
/home/morgana/.codex/worktrees/assembled-allied-ai/orcs-vs-Fairies/work/ai-save401-final-453c221-r1	453c2218af9973b9eca8fb78392435bd9d46a740	dist/assets/selection-undead-wall.png	12279	b44f8e5ae489613a2856bc7397e5e221ae18d373505df415158aabed95123512	bf8ed2449d14c0f3bcf00d32af4ca831885c08212be96fecc96ebd8d581ee681	source_backed_public_duplicate	index_in_future_derivative_only	Sealed source asset SHA256 and bytes match this dist entry; old and new Git tree blob, mode and bytes match.	envelopes/build-web/source-before.json	eb414c0a5c82b49110c36e83c8fad83e16c35ff886560d1116511a334b52c910	public/assets/selection-undead-wall.png	b44f8e5ae489613a2856bc7397e5e221ae18d373505df415158aabed95123512	12279	100644	2608f783c6ed1bfac535bc1eab293a1a257f6222	83941bc80ce9ec08840b0645d9b33e8018d5309a	100644	2608f783c6ed1bfac535bc1eab293a1a257f6222	sealed_sha256_size_and_both_git_trees_match
/home/morgana/.codex/worktrees/assembled-allied-ai/orcs-vs-Fairies/work/ai-save401-final-453c221-r1	453c2218af9973b9eca8fb78392435bd9d46a740	dist/assets/selection-undead-worker.png	5234	af4a3196cf0078f8b1425e44be17245a94354237d1277298396d98b8afb28fb9	bf8ed2449d14c0f3bcf00d32af4ca831885c08212be96fecc96ebd8d581ee681	source_backed_public_duplicate	index_in_future_derivative_only	Sealed source asset SHA256 and bytes match this dist entry; old and new Git tree blob, mode and bytes match.	envelopes/build-web/source-before.json	eb414c0a5c82b49110c36e83c8fad83e16c35ff886560d1116511a334b52c910	public/assets/selection-undead-worker.png	af4a3196cf0078f8b1425e44be17245a94354237d1277298396d98b8afb28fb9	5234	100644	f58b34ebd993971451c75cb98d7982467ca62028	83941bc80ce9ec08840b0645d9b33e8018d5309a	100644	f58b34ebd993971451c75cb98d7982467ca62028	sealed_sha256_size_and_both_git_trees_match
/home/morgana/.codex/worktrees/assembled-allied-ai/orcs-vs-Fairies/work/ai-save401-final-453c221-r1	453c2218af9973b9eca8fb78392435bd9d46a740	dist/assets/stump.png	3570	b39caf3de1fe41f8eebe169cc78455b207c91fd21e36bdb80456af9a09dd85e3	bf8ed2449d14c0f3bcf00d32af4ca831885c08212be96fecc96ebd8d581ee681	source_backed_public_duplicate	index_in_future_derivative_only	Sealed source asset SHA256 and bytes match this dist entry; old and new Git tree blob, mode and bytes match.	envelopes/build-web/source-before.json	eb414c0a5c82b49110c36e83c8fad83e16c35ff886560d1116511a334b52c910	public/assets/stump.png	b39caf3de1fe41f8eebe169cc78455b207c91fd21e36bdb80456af9a09dd85e3	3570	100644	30928178fcc50bed413a670c55d39b6f0fa3ed43	83941bc80ce9ec08840b0645d9b33e8018d5309a	100644	30928178fcc50bed413a670c55d39b6f0fa3ed43	sealed_sha256_size_and_both_git_trees_match
/home/morgana/.codex/worktrees/assembled-allied-ai/orcs-vs-Fairies/work/ai-save401-final-453c221-r1	453c2218af9973b9eca8fb78392435bd9d46a740	dist/assets/tideborn-barracks-0.json	1078	d33cd6a7ba14b1adf690ee25828e7c617fe2497d7a156e05a345cba3a8a8ff5e	bf8ed2449d14c0f3bcf00d32af4ca831885c08212be96fecc96ebd8d581ee681	source_backed_public_duplicate	index_in_future_derivative_only	Sealed source asset SHA256 and bytes match this dist entry; old and new Git tree blob, mode and bytes match.	envelopes/build-web/source-before.json	eb414c0a5c82b49110c36e83c8fad83e16c35ff886560d1116511a334b52c910	public/assets/tideborn-barracks-0.json	d33cd6a7ba14b1adf690ee25828e7c617fe2497d7a156e05a345cba3a8a8ff5e	1078	100644	c794fd8c0583b686b2c48b0307782a97c50dded5	83941bc80ce9ec08840b0645d9b33e8018d5309a	100644	c794fd8c0583b686b2c48b0307782a97c50dded5	sealed_sha256_size_and_both_git_trees_match
/home/morgana/.codex/worktrees/assembled-allied-ai/orcs-vs-Fairies/work/ai-save401-final-453c221-r1	453c2218af9973b9eca8fb78392435bd9d46a740	dist/assets/tideborn-barracks-0.png	144464	a2a8dc32f3bbb301d448acd2d8d3d8603cef6f91fb18ae3ba51c98c89030f579	bf8ed2449d14c0f3bcf00d32af4ca831885c08212be96fecc96ebd8d581ee681	source_backed_public_duplicate	index_in_future_derivative_only	Sealed source asset SHA256 and bytes match this dist entry; old and new Git tree blob, mode and bytes match.	envelopes/build-web/source-before.json	eb414c0a5c82b49110c36e83c8fad83e16c35ff886560d1116511a334b52c910	public/assets/tideborn-barracks-0.png	a2a8dc32f3bbb301d448acd2d8d3d8603cef6f91fb18ae3ba51c98c89030f579	144464	100644	3bbda0c25e0eade48f3da3d30953b9746ee829a1	83941bc80ce9ec08840b0645d9b33e8018d5309a	100644	3bbda0c25e0eade48f3da3d30953b9746ee829a1	sealed_sha256_size_and_both_git_trees_match
/home/morgana/.codex/worktrees/assembled-allied-ai/orcs-vs-Fairies/work/ai-save401-final-453c221-r1	453c2218af9973b9eca8fb78392435bd9d46a740	dist/assets/tideborn-cavalry-0.json	11969	7d83a235e5cc367ece0785ebe431e8a192ef515db427e74ed9f5348e1c815614	bf8ed2449d14c0f3bcf00d32af4ca831885c08212be96fecc96ebd8d581ee681	source_backed_public_duplicate	index_in_future_derivative_only	Sealed source asset SHA256 and bytes match this dist entry; old and new Git tree blob, mode and bytes match.	envelopes/build-web/source-before.json	eb414c0a5c82b49110c36e83c8fad83e16c35ff886560d1116511a334b52c910	public/assets/tideborn-cavalry-0.json	7d83a235e5cc367ece0785ebe431e8a192ef515db427e74ed9f5348e1c815614	11969	100644	34e54c56b7e2ab2a81a9e0022b4fbd3e07f88a24	83941bc80ce9ec08840b0645d9b33e8018d5309a	100644	34e54c56b7e2ab2a81a9e0022b4fbd3e07f88a24	sealed_sha256_size_and_both_git_trees_match
/home/morgana/.codex/worktrees/assembled-allied-ai/orcs-vs-Fairies/work/ai-save401-final-453c221-r1	453c2218af9973b9eca8fb78392435bd9d46a740	dist/assets/tideborn-cavalry-0.png	536175	f1778b8cd979329c0e4256509805520d582724302598f12e094fe0545fd017c8	bf8ed2449d14c0f3bcf00d32af4ca831885c08212be96fecc96ebd8d581ee681	source_backed_public_duplicate	index_in_future_derivative_only	Sealed source asset SHA256 and bytes match this dist entry; old and new Git tree blob, mode and bytes match.	envelopes/build-web/source-before.json	eb414c0a5c82b49110c36e83c8fad83e16c35ff886560d1116511a334b52c910	public/assets/tideborn-cavalry-0.png	f1778b8cd979329c0e4256509805520d582724302598f12e094fe0545fd017c8	536175	100644	862b2f3b49e43d7481da4b607de8a6212997f381	83941bc80ce9ec08840b0645d9b33e8018d5309a	100644	862b2f3b49e43d7481da4b607de8a6212997f381	sealed_sha256_size_and_both_git_trees_match
/home/morgana/.codex/worktrees/assembled-allied-ai/orcs-vs-Fairies/work/ai-save401-final-453c221-r1	453c2218af9973b9eca8fb78392435bd9d46a740	dist/assets/tideborn-cavalry-1.json	12045	99e1975f629ab590489a5ac1c0498e8cd91e2426c2bb6a9a405c20e16a69e6c8	bf8ed2449d14c0f3bcf00d32af4ca831885c08212be96fecc96ebd8d581ee681	source_backed_public_duplicate	index_in_future_derivative_only	Sealed source asset SHA256 and bytes match this dist entry; old and new Git tree blob, mode and bytes match.	envelopes/build-web/source-before.json	eb414c0a5c82b49110c36e83c8fad83e16c35ff886560d1116511a334b52c910	public/assets/tideborn-cavalry-1.json	99e1975f629ab590489a5ac1c0498e8cd91e2426c2bb6a9a405c20e16a69e6c8	12045	100644	e946bdfbab7a641fe5b756d4b9c51e4a981b41a4	83941bc80ce9ec08840b0645d9b33e8018d5309a	100644	e946bdfbab7a641fe5b756d4b9c51e4a981b41a4	sealed_sha256_size_and_both_git_trees_match
/home/morgana/.codex/worktrees/assembled-allied-ai/orcs-vs-Fairies/work/ai-save401-final-453c221-r1	453c2218af9973b9eca8fb78392435bd9d46a740	dist/assets/tideborn-cavalry-1.png	500073	6274554197f30398c10b150150655a6b47427c897704ce1c98b02c2ae9736d9d	bf8ed2449d14c0f3bcf00d32af4ca831885c08212be96fecc96ebd8d581ee681	source_backed_public_duplicate	index_in_future_derivative_only	Sealed source asset SHA256 and bytes match this dist entry; old and new Git tree blob, mode and bytes match.	envelopes/build-web/source-before.json	eb414c0a5c82b49110c36e83c8fad83e16c35ff886560d1116511a334b52c910	public/assets/tideborn-cavalry-1.png	6274554197f30398c10b150150655a6b47427c897704ce1c98b02c2ae9736d9d	500073	100644	1734665e564d9c2d9c1119590a506383499fafc7	83941bc80ce9ec08840b0645d9b33e8018d5309a	100644	1734665e564d9c2d9c1119590a506383499fafc7	sealed_sha256_size_and_both_git_trees_match
/home/morgana/.codex/worktrees/assembled-allied-ai/orcs-vs-Fairies/work/ai-save401-final-453c221-r1	453c2218af9973b9eca8fb78392435bd9d46a740	dist/assets/tideborn-cavalry-2.json	12052	5b24c643e15f254c526dbbb9a58b6cefb7a206f13cec3e1df73a76c34f8384ca	bf8ed2449d14c0f3bcf00d32af4ca831885c08212be96fecc96ebd8d581ee681	source_backed_public_duplicate	index_in_future_derivative_only	Sealed source asset SHA256 and bytes match this dist entry; old and new Git tree blob, mode and bytes match.	envelopes/build-web/source-before.json	eb414c0a5c82b49110c36e83c8fad83e16c35ff886560d1116511a334b52c910	public/assets/tideborn-cavalry-2.json	5b24c643e15f254c526dbbb9a58b6cefb7a206f13cec3e1df73a76c34f8384ca	12052	100644	3ca9f4d619cd3d89d36af7e4ac5453acfef59945	83941bc80ce9ec08840b0645d9b33e8018d5309a	100644	3ca9f4d619cd3d89d36af7e4ac5453acfef59945	sealed_sha256_size_and_both_git_trees_match
/home/morgana/.codex/worktrees/assembled-allied-ai/orcs-vs-Fairies/work/ai-save401-final-453c221-r1	453c2218af9973b9eca8fb78392435bd9d46a740	dist/assets/tideborn-cavalry-2.png	849886	9851bbb2bce05dbee0fe657986c7f2a686ca70ce592bbaa95b820f0cebf2bdd4	bf8ed2449d14c0f3bcf00d32af4ca831885c08212be96fecc96ebd8d581ee681	source_backed_public_duplicate	index_in_future_derivative_only	Sealed source asset SHA256 and bytes match this dist entry; old and new Git tree blob, mode and bytes match.	envelopes/build-web/source-before.json	eb414c0a5c82b49110c36e83c8fad83e16c35ff886560d1116511a334b52c910	public/assets/tideborn-cavalry-2.png	9851bbb2bce05dbee0fe657986c7f2a686ca70ce592bbaa95b820f0cebf2bdd4	849886	100644	31ab81d374078b2c7dc4fe51b16b7f4eec9bc8d2	83941bc80ce9ec08840b0645d9b33e8018d5309a	100644	31ab81d374078b2c7dc4fe51b16b7f4eec9bc8d2	sealed_sha256_size_and_both_git_trees_match
/home/morgana/.codex/worktrees/assembled-allied-ai/orcs-vs-Fairies/work/ai-save401-final-453c221-r1	453c2218af9973b9eca8fb78392435bd9d46a740	dist/assets/tideborn-depot-0.json	1049	cc85997df8e48df053ba8ffb3331e44038336297876f42b769badda1d0562366	bf8ed2449d14c0f3bcf00d32af4ca831885c08212be96fecc96ebd8d581ee681	source_backed_public_duplicate	index_in_future_derivative_only	Sealed source asset SHA256 and bytes match this dist entry; old and new Git tree blob, mode and bytes match.	envelopes/build-web/source-before.json	eb414c0a5c82b49110c36e83c8fad83e16c35ff886560d1116511a334b52c910	public/assets/tideborn-depot-0.json	cc85997df8e48df053ba8ffb3331e44038336297876f42b769badda1d0562366	1049	100644	7b803752a1b5352816b0be57bb452f36a1c4dafd	83941bc80ce9ec08840b0645d9b33e8018d5309a	100644	7b803752a1b5352816b0be57bb452f36a1c4dafd	sealed_sha256_size_and_both_git_trees_match
/home/morgana/.codex/worktrees/assembled-allied-ai/orcs-vs-Fairies/work/ai-save401-final-453c221-r1	453c2218af9973b9eca8fb78392435bd9d46a740	dist/assets/tideborn-depot-0.png	77529	58b9feee381a7cfb8af773c3d3c10b46bbeb92a9ce093ed35f4819c74b559ac0	bf8ed2449d14c0f3bcf00d32af4ca831885c08212be96fecc96ebd8d581ee681	source_backed_public_duplicate	index_in_future_derivative_only	Sealed source asset SHA256 and bytes match this dist entry; old and new Git tree blob, mode and bytes match.	envelopes/build-web/source-before.json	eb414c0a5c82b49110c36e83c8fad83e16c35ff886560d1116511a334b52c910	public/assets/tideborn-depot-0.png	58b9feee381a7cfb8af773c3d3c10b46bbeb92a9ce093ed35f4819c74b559ac0	77529	100644	e4d49b172fb038d699bd534e1f5de8185d390c95	83941bc80ce9ec08840b0645d9b33e8018d5309a	100644	e4d49b172fb038d699bd534e1f5de8185d390c95	sealed_sha256_size_and_both_git_trees_match
/home/morgana/.codex/worktrees/assembled-allied-ai/orcs-vs-Fairies/work/ai-save401-final-453c221-r1	453c2218af9973b9eca8fb78392435bd9d46a740	dist/assets/tideborn-gate-0.json	1229	b65cd6a0802b477a720e490502a5b34480de8844e400bb4ed6e812665e925435	bf8ed2449d14c0f3bcf00d32af4ca831885c08212be96fecc96ebd8d581ee681	source_backed_public_duplicate	index_in_future_derivative_only	Sealed source asset SHA256 and bytes match this dist entry; old and new Git tree blob, mode and bytes match.	envelopes/build-web/source-before.json	eb414c0a5c82b49110c36e83c8fad83e16c35ff886560d1116511a334b52c910	public/assets/tideborn-gate-0.json	b65cd6a0802b477a720e490502a5b34480de8844e400bb4ed6e812665e925435	1229	100644	270a831460d520ade10f545b34bd55f4b5acc052	83941bc80ce9ec08840b0645d9b33e8018d5309a	100644	270a831460d520ade10f545b34bd55f4b5acc052	sealed_sha256_size_and_both_git_trees_match
/home/morgana/.codex/worktrees/assembled-allied-ai/orcs-vs-Fairies/work/ai-save401-final-453c221-r1	453c2218af9973b9eca8fb78392435bd9d46a740	dist/assets/tideborn-gate-0.png	126037	f162210e314c368fc6da4aa79300b6991d918c1fa3f062d15a635c3321ccc3db	bf8ed2449d14c0f3bcf00d32af4ca831885c08212be96fecc96ebd8d581ee681	source_backed_public_duplicate	index_in_future_derivative_only	Sealed source asset SHA256 and bytes match this dist entry; old and new Git tree blob, mode and bytes match.	envelopes/build-web/source-before.json	eb414c0a5c82b49110c36e83c8fad83e16c35ff886560d1116511a334b52c910	public/assets/tideborn-gate-0.png	f162210e314c368fc6da4aa79300b6991d918c1fa3f062d15a635c3321ccc3db	126037	100644	79fa414ad8c3c2aed3187795d9520114bc3b4770	83941bc80ce9ec08840b0645d9b33e8018d5309a	100644	79fa414ad8c3c2aed3187795d9520114bc3b4770	sealed_sha256_size_and_both_git_trees_match
/home/morgana/.codex/worktrees/assembled-allied-ai/orcs-vs-Fairies/work/ai-save401-final-453c221-r1	453c2218af9973b9eca8fb78392435bd9d46a740	dist/assets/tideborn-hq-0.json	1042	84a63048af9cb0b0fb91f7a18cfc9e7e37186282d3a5986fd7bdcad75a555e8b	bf8ed2449d14c0f3bcf00d32af4ca831885c08212be96fecc96ebd8d581ee681	source_backed_public_duplicate	index_in_future_derivative_only	Sealed source asset SHA256 and bytes match this dist entry; old and new Git tree blob, mode and bytes match.	envelopes/build-web/source-before.json	eb414c0a5c82b49110c36e83c8fad83e16c35ff886560d1116511a334b52c910	public/assets/tideborn-hq-0.json	84a63048af9cb0b0fb91f7a18cfc9e7e37186282d3a5986fd7bdcad75a555e8b	1042	100644	c9509586bd5bb2f5a02e8d2b2eebb7d442d6494d	83941bc80ce9ec08840b0645d9b33e8018d5309a	100644	c9509586bd5bb2f5a02e8d2b2eebb7d442d6494d	sealed_sha256_size_and_both_git_trees_match
/home/morgana/.codex/worktrees/assembled-allied-ai/orcs-vs-Fairies/work/ai-save401-final-453c221-r1	453c2218af9973b9eca8fb78392435bd9d46a740	dist/assets/tideborn-hq-0.png	164923	6016eefcecda5030c47b2ec39964ff9d1f1d4d5b75f8143f94f72c3db18563c7	bf8ed2449d14c0f3bcf00d32af4ca831885c08212be96fecc96ebd8d581ee681	source_backed_public_duplicate	index_in_future_derivative_only	Sealed source asset SHA256 and bytes match this dist entry; old and new Git tree blob, mode and bytes match.	envelopes/build-web/source-before.json	eb414c0a5c82b49110c36e83c8fad83e16c35ff886560d1116511a334b52c910	public/assets/tideborn-hq-0.png	6016eefcecda5030c47b2ec39964ff9d1f1d4d5b75f8143f94f72c3db18563c7	164923	100644	5f721b7ff9bb651f3315e3eec1ec65fc5f32bff5	83941bc80ce9ec08840b0645d9b33e8018d5309a	100644	5f721b7ff9bb651f3315e3eec1ec65fc5f32bff5	sealed_sha256_size_and_both_git_trees_match
/home/morgana/.codex/worktrees/assembled-allied-ai/orcs-vs-Fairies/work/ai-save401-final-453c221-r1	453c2218af9973b9eca8fb78392435bd9d46a740	dist/assets/tideborn-melee-0.json	18099	da841894e77615d15b069371d49abe9d38a9373f361b941a8420ac242131bf93	bf8ed2449d14c0f3bcf00d32af4ca831885c08212be96fecc96ebd8d581ee681	source_backed_public_duplicate	index_in_future_derivative_only	Sealed source asset SHA256 and bytes match this dist entry; old and new Git tree blob, mode and bytes match.	envelopes/build-web/source-before.json	eb414c0a5c82b49110c36e83c8fad83e16c35ff886560d1116511a334b52c910	public/assets/tideborn-melee-0.json	da841894e77615d15b069371d49abe9d38a9373f361b941a8420ac242131bf93	18099	100644	48c3495e0f68563b1bc34346ee4780adc8f00107	83941bc80ce9ec08840b0645d9b33e8018d5309a	100644	48c3495e0f68563b1bc34346ee4780adc8f00107	sealed_sha256_size_and_both_git_trees_match
/home/morgana/.codex/worktrees/assembled-allied-ai/orcs-vs-Fairies/work/ai-save401-final-453c221-r1	453c2218af9973b9eca8fb78392435bd9d46a740	dist/assets/tideborn-melee-0.png	593770	7cb9206fcf683a0aaefc31d82e70ab44f7cc149625f450ed77e9026fa057c202	bf8ed2449d14c0f3bcf00d32af4ca831885c08212be96fecc96ebd8d581ee681	source_backed_public_duplicate	index_in_future_derivative_only	Sealed source asset SHA256 and bytes match this dist entry; old and new Git tree blob, mode and bytes match.	envelopes/build-web/source-before.json	eb414c0a5c82b49110c36e83c8fad83e16c35ff886560d1116511a334b52c910	public/assets/tideborn-melee-0.png	7cb9206fcf683a0aaefc31d82e70ab44f7cc149625f450ed77e9026fa057c202	593770	100644	2194b47bf48a87eda01887c5a2e6c661bec6d0c4	83941bc80ce9ec08840b0645d9b33e8018d5309a	100644	2194b47bf48a87eda01887c5a2e6c661bec6d0c4	sealed_sha256_size_and_both_git_trees_match
/home/morgana/.codex/worktrees/assembled-allied-ai/orcs-vs-Fairies/work/ai-save401-final-453c221-r1	453c2218af9973b9eca8fb78392435bd9d46a740	dist/assets/tideborn-melee-1.json	16791	2a6fa7dff36cfce0a0e3fce596268d8c3590c015f0ff250604ce01fb303f1194	bf8ed2449d14c0f3bcf00d32af4ca831885c08212be96fecc96ebd8d581ee681	source_backed_public_duplicate	index_in_future_derivative_only	Sealed source asset SHA256 and bytes match this dist entry; old and new Git tree blob, mode and bytes match.	envelopes/build-web/source-before.json	eb414c0a5c82b49110c36e83c8fad83e16c35ff886560d1116511a334b52c910	public/assets/tideborn-melee-1.json	2a6fa7dff36cfce0a0e3fce596268d8c3590c015f0ff250604ce01fb303f1194	16791	100644	65d6fcf1c2b88e041243ade74f86aba62ff0fcd0	83941bc80ce9ec08840b0645d9b33e8018d5309a	100644	65d6fcf1c2b88e041243ade74f86aba62ff0fcd0	sealed_sha256_size_and_both_git_trees_match
/home/morgana/.codex/worktrees/assembled-allied-ai/orcs-vs-Fairies/work/ai-save401-final-453c221-r1	453c2218af9973b9eca8fb78392435bd9d46a740	dist/assets/tideborn-melee-1.png	712139	aadf4230b4bec86c3898295bf8f5f965ebefea73863e7b9e72991decfde79d9d	bf8ed2449d14c0f3bcf00d32af4ca831885c08212be96fecc96ebd8d581ee681	source_backed_public_duplicate	index_in_future_derivative_only	Sealed source asset SHA256 and bytes match this dist entry; old and new Git tree blob, mode and bytes match.	envelopes/build-web/source-before.json	eb414c0a5c82b49110c36e83c8fad83e16c35ff886560d1116511a334b52c910	public/assets/tideborn-melee-1.png	aadf4230b4bec86c3898295bf8f5f965ebefea73863e7b9e72991decfde79d9d	712139	100644	c60cb7d3fd9fd6721d26000330cb47392d304ab3	83941bc80ce9ec08840b0645d9b33e8018d5309a	100644	c60cb7d3fd9fd6721d26000330cb47392d304ab3	sealed_sha256_size_and_both_git_trees_match
/home/morgana/.codex/worktrees/assembled-allied-ai/orcs-vs-Fairies/work/ai-save401-final-453c221-r1	453c2218af9973b9eca8fb78392435bd9d46a740	dist/assets/tideborn-ranged-0.json	18200	1cefaf135662f4c6b32a71f31f68a9c347992c2ddd50b09611dcb01987c32163	bf8ed2449d14c0f3bcf00d32af4ca831885c08212be96fecc96ebd8d581ee681	source_backed_public_duplicate	index_in_future_derivative_only	Sealed source asset SHA256 and bytes match this dist entry; old and new Git tree blob, mode and bytes match.	envelopes/build-web/source-before.json	eb414c0a5c82b49110c36e83c8fad83e16c35ff886560d1116511a334b52c910	public/assets/tideborn-ranged-0.json	1cefaf135662f4c6b32a71f31f68a9c347992c2ddd50b09611dcb01987c32163	18200	100644	d1eae44d409e8318efdaeb37107606dd6ab28177	83941bc80ce9ec08840b0645d9b33e8018d5309a	100644	d1eae44d409e8318efdaeb37107606dd6ab28177	sealed_sha256_size_and_both_git_trees_match
/home/morgana/.codex/worktrees/assembled-allied-ai/orcs-vs-Fairies/work/ai-save401-final-453c221-r1	453c2218af9973b9eca8fb78392435bd9d46a740	dist/assets/tideborn-ranged-0.png	545737	9ffd12c9542f2334f334d1caf4751dd124b13b3a81537f18556464352523bfc5	bf8ed2449d14c0f3bcf00d32af4ca831885c08212be96fecc96ebd8d581ee681	source_backed_public_duplicate	index_in_future_derivative_only	Sealed source asset SHA256 and bytes match this dist entry; old and new Git tree blob, mode and bytes match.	envelopes/build-web/source-before.json	eb414c0a5c82b49110c36e83c8fad83e16c35ff886560d1116511a334b52c910	public/assets/tideborn-ranged-0.png	9ffd12c9542f2334f334d1caf4751dd124b13b3a81537f18556464352523bfc5	545737	100644	1050ca7c4262736c8be802f6fbd8bca10d8943ad	83941bc80ce9ec08840b0645d9b33e8018d5309a	100644	1050ca7c4262736c8be802f6fbd8bca10d8943ad	sealed_sha256_size_and_both_git_trees_match
/home/morgana/.codex/worktrees/assembled-allied-ai/orcs-vs-Fairies/work/ai-save401-final-453c221-r1	453c2218af9973b9eca8fb78392435bd9d46a740	dist/assets/tideborn-ranged-1.json	16875	97ef5bea8a98170656ae47dd35dc621925409814fbb09db1f1caa4dd3e8a9c23	bf8ed2449d14c0f3bcf00d32af4ca831885c08212be96fecc96ebd8d581ee681	source_backed_public_duplicate	index_in_future_derivative_only	Sealed source asset SHA256 and bytes match this dist entry; old and new Git tree blob, mode and bytes match.	envelopes/build-web/source-before.json	eb414c0a5c82b49110c36e83c8fad83e16c35ff886560d1116511a334b52c910	public/assets/tideborn-ranged-1.json	97ef5bea8a98170656ae47dd35dc621925409814fbb09db1f1caa4dd3e8a9c23	16875	100644	a97b0c225801f472c4937c5d024c2ef9e57beb9e	83941bc80ce9ec08840b0645d9b33e8018d5309a	100644	a97b0c225801f472c4937c5d024c2ef9e57beb9e	sealed_sha256_size_and_both_git_trees_match
/home/morgana/.codex/worktrees/assembled-allied-ai/orcs-vs-Fairies/work/ai-save401-final-453c221-r1	453c2218af9973b9eca8fb78392435bd9d46a740	dist/assets/tideborn-ranged-1.png	553003	3991d949a318602eea759cdf5af815d117319f0426047ffe0848e90de396bde1	bf8ed2449d14c0f3bcf00d32af4ca831885c08212be96fecc96ebd8d581ee681	source_backed_public_duplicate	index_in_future_derivative_only	Sealed source asset SHA256 and bytes match this dist entry; old and new Git tree blob, mode and bytes match.	envelopes/build-web/source-before.json	eb414c0a5c82b49110c36e83c8fad83e16c35ff886560d1116511a334b52c910	public/assets/tideborn-ranged-1.png	3991d949a318602eea759cdf5af815d117319f0426047ffe0848e90de396bde1	553003	100644	dc8f114ae1edaac7bf5d5315e4962c1d662fe03b	83941bc80ce9ec08840b0645d9b33e8018d5309a	100644	dc8f114ae1edaac7bf5d5315e4962c1d662fe03b	sealed_sha256_size_and_both_git_trees_match
/home/morgana/.codex/worktrees/assembled-allied-ai/orcs-vs-Fairies/work/ai-save401-final-453c221-r1	453c2218af9973b9eca8fb78392435bd9d46a740	dist/assets/tideborn-siege-0.json	11791	85f5a0337850cc3bf018ecbbb861ce04baa4920c81b92fe228850423a3544e0b	bf8ed2449d14c0f3bcf00d32af4ca831885c08212be96fecc96ebd8d581ee681	source_backed_public_duplicate	index_in_future_derivative_only	Sealed source asset SHA256 and bytes match this dist entry; old and new Git tree blob, mode and bytes match.	envelopes/build-web/source-before.json	eb414c0a5c82b49110c36e83c8fad83e16c35ff886560d1116511a334b52c910	public/assets/tideborn-siege-0.json	85f5a0337850cc3bf018ecbbb861ce04baa4920c81b92fe228850423a3544e0b	11791	100644	13884bc81dc655ff7a223b02940b25d66d86cb6d	83941bc80ce9ec08840b0645d9b33e8018d5309a	100644	13884bc81dc655ff7a223b02940b25d66d86cb6d	sealed_sha256_size_and_both_git_trees_match
/home/morgana/.codex/worktrees/assembled-allied-ai/orcs-vs-Fairies/work/ai-save401-final-453c221-r1	453c2218af9973b9eca8fb78392435bd9d46a740	dist/assets/tideborn-siege-0.png	546125	77eac8a1989e94ff21793e004e31c8d347e20b8326b2d1b96dc24794a5d459c5	bf8ed2449d14c0f3bcf00d32af4ca831885c08212be96fecc96ebd8d581ee681	source_backed_public_duplicate	index_in_future_derivative_only	Sealed source asset SHA256 and bytes match this dist entry; old and new Git tree blob, mode and bytes match.	envelopes/build-web/source-before.json	eb414c0a5c82b49110c36e83c8fad83e16c35ff886560d1116511a334b52c910	public/assets/tideborn-siege-0.png	77eac8a1989e94ff21793e004e31c8d347e20b8326b2d1b96dc24794a5d459c5	546125	100644	da46ee1a760ae2c66275f0dc5be82e131ec51029	83941bc80ce9ec08840b0645d9b33e8018d5309a	100644	da46ee1a760ae2c66275f0dc5be82e131ec51029	sealed_sha256_size_and_both_git_trees_match
/home/morgana/.codex/worktrees/assembled-allied-ai/orcs-vs-Fairies/work/ai-save401-final-453c221-r1	453c2218af9973b9eca8fb78392435bd9d46a740	dist/assets/tideborn-siege-1.json	11873	b1967514882eea5a81429eb874ae731cfebb112287cc54d668807f38005e5d70	bf8ed2449d14c0f3bcf00d32af4ca831885c08212be96fecc96ebd8d581ee681	source_backed_public_duplicate	index_in_future_derivative_only	Sealed source asset SHA256 and bytes match this dist entry; old and new Git tree blob, mode and bytes match.	envelopes/build-web/source-before.json	eb414c0a5c82b49110c36e83c8fad83e16c35ff886560d1116511a334b52c910	public/assets/tideborn-siege-1.json	b1967514882eea5a81429eb874ae731cfebb112287cc54d668807f38005e5d70	11873	100644	e9289acc7879ac98fb04ce960b5c2982feff792f	83941bc80ce9ec08840b0645d9b33e8018d5309a	100644	e9289acc7879ac98fb04ce960b5c2982feff792f	sealed_sha256_size_and_both_git_trees_match
/home/morgana/.codex/worktrees/assembled-allied-ai/orcs-vs-Fairies/work/ai-save401-final-453c221-r1	453c2218af9973b9eca8fb78392435bd9d46a740	dist/assets/tideborn-siege-1.png	530328	cb6d888e27ec2d387492c4762f498bb1c1f83f7fe3abe86352cd65c469f116e9	bf8ed2449d14c0f3bcf00d32af4ca831885c08212be96fecc96ebd8d581ee681	source_backed_public_duplicate	index_in_future_derivative_only	Sealed source asset SHA256 and bytes match this dist entry; old and new Git tree blob, mode and bytes match.	envelopes/build-web/source-before.json	eb414c0a5c82b49110c36e83c8fad83e16c35ff886560d1116511a334b52c910	public/assets/tideborn-siege-1.png	cb6d888e27ec2d387492c4762f498bb1c1f83f7fe3abe86352cd65c469f116e9	530328	100644	3e88cc5c47f70ee0afbffc189c8219ba7038298e	83941bc80ce9ec08840b0645d9b33e8018d5309a	100644	3e88cc5c47f70ee0afbffc189c8219ba7038298e	sealed_sha256_size_and_both_git_trees_match
/home/morgana/.codex/worktrees/assembled-allied-ai/orcs-vs-Fairies/work/ai-save401-final-453c221-r1	453c2218af9973b9eca8fb78392435bd9d46a740	dist/assets/tideborn-siege-2.json	11830	d0fefeca7f630fde84ca8dd7fc3514315d33138ffc517a2357a6e5aeaf149c36	bf8ed2449d14c0f3bcf00d32af4ca831885c08212be96fecc96ebd8d581ee681	source_backed_public_duplicate	index_in_future_derivative_only	Sealed source asset SHA256 and bytes match this dist entry; old and new Git tree blob, mode and bytes match.	envelopes/build-web/source-before.json	eb414c0a5c82b49110c36e83c8fad83e16c35ff886560d1116511a334b52c910	public/assets/tideborn-siege-2.json	d0fefeca7f630fde84ca8dd7fc3514315d33138ffc517a2357a6e5aeaf149c36	11830	100644	f7525aae9a0c4872a01de677d59cf2672bed88dd	83941bc80ce9ec08840b0645d9b33e8018d5309a	100644	f7525aae9a0c4872a01de677d59cf2672bed88dd	sealed_sha256_size_and_both_git_trees_match
/home/morgana/.codex/worktrees/assembled-allied-ai/orcs-vs-Fairies/work/ai-save401-final-453c221-r1	453c2218af9973b9eca8fb78392435bd9d46a740	dist/assets/tideborn-siege-2.png	809967	7dd1bbe016ce6ac9c6d89aa5b5885dfd89bed0b978ac54cb07d91b013eb6be1a	bf8ed2449d14c0f3bcf00d32af4ca831885c08212be96fecc96ebd8d581ee681	source_backed_public_duplicate	index_in_future_derivative_only	Sealed source asset SHA256 and bytes match this dist entry; old and new Git tree blob, mode and bytes match.	envelopes/build-web/source-before.json	eb414c0a5c82b49110c36e83c8fad83e16c35ff886560d1116511a334b52c910	public/assets/tideborn-siege-2.png	7dd1bbe016ce6ac9c6d89aa5b5885dfd89bed0b978ac54cb07d91b013eb6be1a	809967	100644	bcf083df8f116f6aa9ccd3c5173893730c74f979	83941bc80ce9ec08840b0645d9b33e8018d5309a	100644	bcf083df8f116f6aa9ccd3c5173893730c74f979	sealed_sha256_size_and_both_git_trees_match
/home/morgana/.codex/worktrees/assembled-allied-ai/orcs-vs-Fairies/work/ai-save401-final-453c221-r1	453c2218af9973b9eca8fb78392435bd9d46a740	dist/assets/tideborn-spear-0.json	11747	2a3643ac69b9b0df4c48f3884950a55c6b9d1abaa610e00ffcc7defb1937d5bd	bf8ed2449d14c0f3bcf00d32af4ca831885c08212be96fecc96ebd8d581ee681	source_backed_public_duplicate	index_in_future_derivative_only	Sealed source asset SHA256 and bytes match this dist entry; old and new Git tree blob, mode and bytes match.	envelopes/build-web/source-before.json	eb414c0a5c82b49110c36e83c8fad83e16c35ff886560d1116511a334b52c910	public/assets/tideborn-spear-0.json	2a3643ac69b9b0df4c48f3884950a55c6b9d1abaa610e00ffcc7defb1937d5bd	11747	100644	77fd404b01ea08685946ae36f07afe934aac6f18	83941bc80ce9ec08840b0645d9b33e8018d5309a	100644	77fd404b01ea08685946ae36f07afe934aac6f18	sealed_sha256_size_and_both_git_trees_match
/home/morgana/.codex/worktrees/assembled-allied-ai/orcs-vs-Fairies/work/ai-save401-final-453c221-r1	453c2218af9973b9eca8fb78392435bd9d46a740	dist/assets/tideborn-spear-0.png	371203	e2ecce1fe8f01c90d82108e52de9fff60200c398e608e55b4d04f81c3bb72f20	bf8ed2449d14c0f3bcf00d32af4ca831885c08212be96fecc96ebd8d581ee681	source_backed_public_duplicate	index_in_future_derivative_only	Sealed source asset SHA256 and bytes match this dist entry; old and new Git tree blob, mode and bytes match.	envelopes/build-web/source-before.json	eb414c0a5c82b49110c36e83c8fad83e16c35ff886560d1116511a334b52c910	public/assets/tideborn-spear-0.png	e2ecce1fe8f01c90d82108e52de9fff60200c398e608e55b4d04f81c3bb72f20	371203	100644	808f2216411611d3b464e27953059a13e8220c7e	83941bc80ce9ec08840b0645d9b33e8018d5309a	100644	808f2216411611d3b464e27953059a13e8220c7e	sealed_sha256_size_and_both_git_trees_match
/home/morgana/.codex/worktrees/assembled-allied-ai/orcs-vs-Fairies/work/ai-save401-final-453c221-r1	453c2218af9973b9eca8fb78392435bd9d46a740	dist/assets/tideborn-spear-1.json	11807	f602af34d91740f22bb5671284ed792787579b3cc96b3a213353f8b75eb95c9b	bf8ed2449d14c0f3bcf00d32af4ca831885c08212be96fecc96ebd8d581ee681	source_backed_public_duplicate	index_in_future_derivative_only	Sealed source asset SHA256 and bytes match this dist entry; old and new Git tree blob, mode and bytes match.	envelopes/build-web/source-before.json	eb414c0a5c82b49110c36e83c8fad83e16c35ff886560d1116511a334b52c910	public/assets/tideborn-spear-1.json	f602af34d91740f22bb5671284ed792787579b3cc96b3a213353f8b75eb95c9b	11807	100644	b123e025ff5c45b0923a68dd34acc4c00dd6c8e8	83941bc80ce9ec08840b0645d9b33e8018d5309a	100644	b123e025ff5c45b0923a68dd34acc4c00dd6c8e8	sealed_sha256_size_and_both_git_trees_match
/home/morgana/.codex/worktrees/assembled-allied-ai/orcs-vs-Fairies/work/ai-save401-final-453c221-r1	453c2218af9973b9eca8fb78392435bd9d46a740	dist/assets/tideborn-spear-1.png	319695	da5e9cfa005767be5630cf32040ab41c0ec44fcbcbff07f64506dd55f9988335	bf8ed2449d14c0f3bcf00d32af4ca831885c08212be96fecc96ebd8d581ee681	source_backed_public_duplicate	index_in_future_derivative_only	Sealed source asset SHA256 and bytes match this dist entry; old and new Git tree blob, mode and bytes match.	envelopes/build-web/source-before.json	eb414c0a5c82b49110c36e83c8fad83e16c35ff886560d1116511a334b52c910	public/assets/tideborn-spear-1.png	da5e9cfa005767be5630cf32040ab41c0ec44fcbcbff07f64506dd55f9988335	319695	100644	284e4e204263d24a3c29f0677f520b48a54a210c	83941bc80ce9ec08840b0645d9b33e8018d5309a	100644	284e4e204263d24a3c29f0677f520b48a54a210c	sealed_sha256_size_and_both_git_trees_match
/home/morgana/.codex/worktrees/assembled-allied-ai/orcs-vs-Fairies/work/ai-save401-final-453c221-r1	453c2218af9973b9eca8fb78392435bd9d46a740	dist/assets/tideborn-spear-2.json	11802	745a9f6e8599a3d146d8397641b6bc30b0307f1e130e71bf6d239aadfb56a70c	bf8ed2449d14c0f3bcf00d32af4ca831885c08212be96fecc96ebd8d581ee681	source_backed_public_duplicate	index_in_future_derivative_only	Sealed source asset SHA256 and bytes match this dist entry; old and new Git tree blob, mode and bytes match.	envelopes/build-web/source-before.json	eb414c0a5c82b49110c36e83c8fad83e16c35ff886560d1116511a334b52c910	public/assets/tideborn-spear-2.json	745a9f6e8599a3d146d8397641b6bc30b0307f1e130e71bf6d239aadfb56a70c	11802	100644	53a3dedb28beab8e69f97523b273dda7c18e858a	83941bc80ce9ec08840b0645d9b33e8018d5309a	100644	53a3dedb28beab8e69f97523b273dda7c18e858a	sealed_sha256_size_and_both_git_trees_match
/home/morgana/.codex/worktrees/assembled-allied-ai/orcs-vs-Fairies/work/ai-save401-final-453c221-r1	453c2218af9973b9eca8fb78392435bd9d46a740	dist/assets/tideborn-spear-2.png	507923	b96494a5310167d076abb0c29184e3b13af7f8a5f544960a9c9b81d4a85979fa	bf8ed2449d14c0f3bcf00d32af4ca831885c08212be96fecc96ebd8d581ee681	source_backed_public_duplicate	index_in_future_derivative_only	Sealed source asset SHA256 and bytes match this dist entry; old and new Git tree blob, mode and bytes match.	envelopes/build-web/source-before.json	eb414c0a5c82b49110c36e83c8fad83e16c35ff886560d1116511a334b52c910	public/assets/tideborn-spear-2.png	b96494a5310167d076abb0c29184e3b13af7f8a5f544960a9c9b81d4a85979fa	507923	100644	8a87bbaefd6025ae2462adbfeff56aa74da75763	83941bc80ce9ec08840b0645d9b33e8018d5309a	100644	8a87bbaefd6025ae2462adbfeff56aa74da75763	sealed_sha256_size_and_both_git_trees_match
/home/morgana/.codex/worktrees/assembled-allied-ai/orcs-vs-Fairies/work/ai-save401-final-453c221-r1	453c2218af9973b9eca8fb78392435bd9d46a740	dist/assets/tideborn-special-0.json	18361	1e53f42bb6cd4d7229552fd70418097096c57e51fa7e8b360ea5d69d4edfcc27	bf8ed2449d14c0f3bcf00d32af4ca831885c08212be96fecc96ebd8d581ee681	source_backed_public_duplicate	index_in_future_derivative_only	Sealed source asset SHA256 and bytes match this dist entry; old and new Git tree blob, mode and bytes match.	envelopes/build-web/source-before.json	eb414c0a5c82b49110c36e83c8fad83e16c35ff886560d1116511a334b52c910	public/assets/tideborn-special-0.json	1e53f42bb6cd4d7229552fd70418097096c57e51fa7e8b360ea5d69d4edfcc27	18361	100644	d1361f00578f8dd078f0627330488765733ee62a	83941bc80ce9ec08840b0645d9b33e8018d5309a	100644	d1361f00578f8dd078f0627330488765733ee62a	sealed_sha256_size_and_both_git_trees_match
/home/morgana/.codex/worktrees/assembled-allied-ai/orcs-vs-Fairies/work/ai-save401-final-453c221-r1	453c2218af9973b9eca8fb78392435bd9d46a740	dist/assets/tideborn-special-0.png	685036	7bf04bcbe13d71c4e8916f26f80ac93748287273f7f19a343ba0a5b2294bb469	bf8ed2449d14c0f3bcf00d32af4ca831885c08212be96fecc96ebd8d581ee681	source_backed_public_duplicate	index_in_future_derivative_only	Sealed source asset SHA256 and bytes match this dist entry; old and new Git tree blob, mode and bytes match.	envelopes/build-web/source-before.json	eb414c0a5c82b49110c36e83c8fad83e16c35ff886560d1116511a334b52c910	public/assets/tideborn-special-0.png	7bf04bcbe13d71c4e8916f26f80ac93748287273f7f19a343ba0a5b2294bb469	685036	100644	aac8f641b0b8506eff669d5254140baa5ece7737	83941bc80ce9ec08840b0645d9b33e8018d5309a	100644	aac8f641b0b8506eff669d5254140baa5ece7737	sealed_sha256_size_and_both_git_trees_match
/home/morgana/.codex/worktrees/assembled-allied-ai/orcs-vs-Fairies/work/ai-save401-final-453c221-r1	453c2218af9973b9eca8fb78392435bd9d46a740	dist/assets/tideborn-special-1.json	17007	dd859aec7fad9b7a03ce04687177d15432b2803017c040a825ab0af2f254d7af	bf8ed2449d14c0f3bcf00d32af4ca831885c08212be96fecc96ebd8d581ee681	source_backed_public_duplicate	index_in_future_derivative_only	Sealed source asset SHA256 and bytes match this dist entry; old and new Git tree blob, mode and bytes match.	envelopes/build-web/source-before.json	eb414c0a5c82b49110c36e83c8fad83e16c35ff886560d1116511a334b52c910	public/assets/tideborn-special-1.json	dd859aec7fad9b7a03ce04687177d15432b2803017c040a825ab0af2f254d7af	17007	100644	a4dfd37d92682da1346f7b5725db2d1e25576899	83941bc80ce9ec08840b0645d9b33e8018d5309a	100644	a4dfd37d92682da1346f7b5725db2d1e25576899	sealed_sha256_size_and_both_git_trees_match
/home/morgana/.codex/worktrees/assembled-allied-ai/orcs-vs-Fairies/work/ai-save401-final-453c221-r1	453c2218af9973b9eca8fb78392435bd9d46a740	dist/assets/tideborn-special-1.png	699428	7367b69d0bf339452aaaef7ad3b8b619578e9c16c6bad3bbed13faee7ee710df	bf8ed2449d14c0f3bcf00d32af4ca831885c08212be96fecc96ebd8d581ee681	source_backed_public_duplicate	index_in_future_derivative_only	Sealed source asset SHA256 and bytes match this dist entry; old and new Git tree blob, mode and bytes match.	envelopes/build-web/source-before.json	eb414c0a5c82b49110c36e83c8fad83e16c35ff886560d1116511a334b52c910	public/assets/tideborn-special-1.png	7367b69d0bf339452aaaef7ad3b8b619578e9c16c6bad3bbed13faee7ee710df	699428	100644	fb222be2e47f8c7446759206b09d365ca81807bc	83941bc80ce9ec08840b0645d9b33e8018d5309a	100644	fb222be2e47f8c7446759206b09d365ca81807bc	sealed_sha256_size_and_both_git_trees_match
/home/morgana/.codex/worktrees/assembled-allied-ai/orcs-vs-Fairies/work/ai-save401-final-453c221-r1	453c2218af9973b9eca8fb78392435bd9d46a740	dist/assets/tideborn-tower-0.json	1053	c2e61f4d0addef7c0d6d94ef1ac762e3a34b5129d7eff455699dd98f7c5b859c	bf8ed2449d14c0f3bcf00d32af4ca831885c08212be96fecc96ebd8d581ee681	source_backed_public_duplicate	index_in_future_derivative_only	Sealed source asset SHA256 and bytes match this dist entry; old and new Git tree blob, mode and bytes match.	envelopes/build-web/source-before.json	eb414c0a5c82b49110c36e83c8fad83e16c35ff886560d1116511a334b52c910	public/assets/tideborn-tower-0.json	c2e61f4d0addef7c0d6d94ef1ac762e3a34b5129d7eff455699dd98f7c5b859c	1053	100644	22ddcb7bae714c7eab1105590ac2c6ee20254b76	83941bc80ce9ec08840b0645d9b33e8018d5309a	100644	22ddcb7bae714c7eab1105590ac2c6ee20254b76	sealed_sha256_size_and_both_git_trees_match
/home/morgana/.codex/worktrees/assembled-allied-ai/orcs-vs-Fairies/work/ai-save401-final-453c221-r1	453c2218af9973b9eca8fb78392435bd9d46a740	dist/assets/tideborn-tower-0.png	89636	48862bb8ceba3d3f80a41894887f5ed2201c48b2491f6acbffe67f347747e70f	bf8ed2449d14c0f3bcf00d32af4ca831885c08212be96fecc96ebd8d581ee681	source_backed_public_duplicate	index_in_future_derivative_only	Sealed source asset SHA256 and bytes match this dist entry; old and new Git tree blob, mode and bytes match.	envelopes/build-web/source-before.json	eb414c0a5c82b49110c36e83c8fad83e16c35ff886560d1116511a334b52c910	public/assets/tideborn-tower-0.png	48862bb8ceba3d3f80a41894887f5ed2201c48b2491f6acbffe67f347747e70f	89636	100644	7a3b4dcf34d068c81b5fb68a4e5f3d79a9e016c7	83941bc80ce9ec08840b0645d9b33e8018d5309a	100644	7a3b4dcf34d068c81b5fb68a4e5f3d79a9e016c7	sealed_sha256_size_and_both_git_trees_match
/home/morgana/.codex/worktrees/assembled-allied-ai/orcs-vs-Fairies/work/ai-save401-final-453c221-r1	453c2218af9973b9eca8fb78392435bd9d46a740	dist/assets/tideborn-wall-0.json	1031	bb73935843e2a1ed25d61f9bbafbb5b74503e196eedfc3d75aed650deaca52cb	bf8ed2449d14c0f3bcf00d32af4ca831885c08212be96fecc96ebd8d581ee681	source_backed_public_duplicate	index_in_future_derivative_only	Sealed source asset SHA256 and bytes match this dist entry; old and new Git tree blob, mode and bytes match.	envelopes/build-web/source-before.json	eb414c0a5c82b49110c36e83c8fad83e16c35ff886560d1116511a334b52c910	public/assets/tideborn-wall-0.json	bb73935843e2a1ed25d61f9bbafbb5b74503e196eedfc3d75aed650deaca52cb	1031	100644	2c6714893bab5e72274672d7403f528ac922d2d5	83941bc80ce9ec08840b0645d9b33e8018d5309a	100644	2c6714893bab5e72274672d7403f528ac922d2d5	sealed_sha256_size_and_both_git_trees_match
/home/morgana/.codex/worktrees/assembled-allied-ai/orcs-vs-Fairies/work/ai-save401-final-453c221-r1	453c2218af9973b9eca8fb78392435bd9d46a740	dist/assets/tideborn-wall-0.png	57456	a50a0f865159332b873950c468f2e3fcb78ea2fe2db20f6dda9ece491d72d0a8	bf8ed2449d14c0f3bcf00d32af4ca831885c08212be96fecc96ebd8d581ee681	source_backed_public_duplicate	index_in_future_derivative_only	Sealed source asset SHA256 and bytes match this dist entry; old and new Git tree blob, mode and bytes match.	envelopes/build-web/source-before.json	eb414c0a5c82b49110c36e83c8fad83e16c35ff886560d1116511a334b52c910	public/assets/tideborn-wall-0.png	a50a0f865159332b873950c468f2e3fcb78ea2fe2db20f6dda9ece491d72d0a8	57456	100644	eaeecd95e086b5d0ca7147e157dcc710cf9ae9e8	83941bc80ce9ec08840b0645d9b33e8018d5309a	100644	eaeecd95e086b5d0ca7147e157dcc710cf9ae9e8	sealed_sha256_size_and_both_git_trees_match
/home/morgana/.codex/worktrees/assembled-allied-ai/orcs-vs-Fairies/work/ai-save401-final-453c221-r1	453c2218af9973b9eca8fb78392435bd9d46a740	dist/assets/tideborn-worker-0.json	18200	42437ba62f11785cc44495a15a021f52e93549465556551518e234ec48285ad9	bf8ed2449d14c0f3bcf00d32af4ca831885c08212be96fecc96ebd8d581ee681	source_backed_public_duplicate	index_in_future_derivative_only	Sealed source asset SHA256 and bytes match this dist entry; old and new Git tree blob, mode and bytes match.	envelopes/build-web/source-before.json	eb414c0a5c82b49110c36e83c8fad83e16c35ff886560d1116511a334b52c910	public/assets/tideborn-worker-0.json	42437ba62f11785cc44495a15a021f52e93549465556551518e234ec48285ad9	18200	100644	8ec610224c4676bdc1d988c9112d2166f722f337	83941bc80ce9ec08840b0645d9b33e8018d5309a	100644	8ec610224c4676bdc1d988c9112d2166f722f337	sealed_sha256_size_and_both_git_trees_match
/home/morgana/.codex/worktrees/assembled-allied-ai/orcs-vs-Fairies/work/ai-save401-final-453c221-r1	453c2218af9973b9eca8fb78392435bd9d46a740	dist/assets/tideborn-worker-0.png	515181	5b26b7627c7188a43219b4f85d039aab00aa344b57ddcb2b4374df2b1d4d477b	bf8ed2449d14c0f3bcf00d32af4ca831885c08212be96fecc96ebd8d581ee681	source_backed_public_duplicate	index_in_future_derivative_only	Sealed source asset SHA256 and bytes match this dist entry; old and new Git tree blob, mode and bytes match.	envelopes/build-web/source-before.json	eb414c0a5c82b49110c36e83c8fad83e16c35ff886560d1116511a334b52c910	public/assets/tideborn-worker-0.png	5b26b7627c7188a43219b4f85d039aab00aa344b57ddcb2b4374df2b1d4d477b	515181	100644	afb88c86158c428c1592f66e5a24168b4e14ae12	83941bc80ce9ec08840b0645d9b33e8018d5309a	100644	afb88c86158c428c1592f66e5a24168b4e14ae12	sealed_sha256_size_and_both_git_trees_match
/home/morgana/.codex/worktrees/assembled-allied-ai/orcs-vs-Fairies/work/ai-save401-final-453c221-r1	453c2218af9973b9eca8fb78392435bd9d46a740	dist/assets/tideborn-worker-1.json	16890	8719e8fda8556476816f3b2081cbcc4b7379335e88e03db2c4890a5b170322d2	bf8ed2449d14c0f3bcf00d32af4ca831885c08212be96fecc96ebd8d581ee681	source_backed_public_duplicate	index_in_future_derivative_only	Sealed source asset SHA256 and bytes match this dist entry; old and new Git tree blob, mode and bytes match.	envelopes/build-web/source-before.json	eb414c0a5c82b49110c36e83c8fad83e16c35ff886560d1116511a334b52c910	public/assets/tideborn-worker-1.json	8719e8fda8556476816f3b2081cbcc4b7379335e88e03db2c4890a5b170322d2	16890	100644	751de4f9b8cac96cd82cd7ac509779f333411602	83941bc80ce9ec08840b0645d9b33e8018d5309a	100644	751de4f9b8cac96cd82cd7ac509779f333411602	sealed_sha256_size_and_both_git_trees_match
/home/morgana/.codex/worktrees/assembled-allied-ai/orcs-vs-Fairies/work/ai-save401-final-453c221-r1	453c2218af9973b9eca8fb78392435bd9d46a740	dist/assets/tideborn-worker-1.png	552913	b596351455150db3db6ff56912dfa48a4be07bd44be32cb6a1084fa7e6103fcb	bf8ed2449d14c0f3bcf00d32af4ca831885c08212be96fecc96ebd8d581ee681	source_backed_public_duplicate	index_in_future_derivative_only	Sealed source asset SHA256 and bytes match this dist entry; old and new Git tree blob, mode and bytes match.	envelopes/build-web/source-before.json	eb414c0a5c82b49110c36e83c8fad83e16c35ff886560d1116511a334b52c910	public/assets/tideborn-worker-1.png	b596351455150db3db6ff56912dfa48a4be07bd44be32cb6a1084fa7e6103fcb	552913	100644	4c8034a27d6897451fc41dd0b859eaaa74950622	83941bc80ce9ec08840b0645d9b33e8018d5309a	100644	4c8034a27d6897451fc41dd0b859eaaa74950622	sealed_sha256_size_and_both_git_trees_match
/home/morgana/.codex/worktrees/assembled-allied-ai/orcs-vs-Fairies/work/ai-save401-final-453c221-r1	453c2218af9973b9eca8fb78392435bd9d46a740	dist/assets/tile-bridge.png	4274	79a5f6288e6120b2c9e785668fe93a7fa8ddca7b2a536fefd2eab4a3612a5826	bf8ed2449d14c0f3bcf00d32af4ca831885c08212be96fecc96ebd8d581ee681	source_backed_public_duplicate	index_in_future_derivative_only	Sealed source asset SHA256 and bytes match this dist entry; old and new Git tree blob, mode and bytes match.	envelopes/build-web/source-before.json	eb414c0a5c82b49110c36e83c8fad83e16c35ff886560d1116511a334b52c910	public/assets/tile-bridge.png	79a5f6288e6120b2c9e785668fe93a7fa8ddca7b2a536fefd2eab4a3612a5826	4274	100644	946b1fac9d65394ef670d4305b53bdc0546641f0	83941bc80ce9ec08840b0645d9b33e8018d5309a	100644	946b1fac9d65394ef670d4305b53bdc0546641f0	sealed_sha256_size_and_both_git_trees_match
/home/morgana/.codex/worktrees/assembled-allied-ai/orcs-vs-Fairies/work/ai-save401-final-453c221-r1	453c2218af9973b9eca8fb78392435bd9d46a740	dist/assets/tile-dirt-0.png	2901	de4dfc72ff3df28b4ed9b1e124af58a88654eed061b3ee1821a95774dea5a10d	bf8ed2449d14c0f3bcf00d32af4ca831885c08212be96fecc96ebd8d581ee681	source_backed_public_duplicate	index_in_future_derivative_only	Sealed source asset SHA256 and bytes match this dist entry; old and new Git tree blob, mode and bytes match.	envelopes/build-web/source-before.json	eb414c0a5c82b49110c36e83c8fad83e16c35ff886560d1116511a334b52c910	public/assets/tile-dirt-0.png	de4dfc72ff3df28b4ed9b1e124af58a88654eed061b3ee1821a95774dea5a10d	2901	100644	c33dbc5d322c425aaa17356bb05f1aedecc74f39	83941bc80ce9ec08840b0645d9b33e8018d5309a	100644	c33dbc5d322c425aaa17356bb05f1aedecc74f39	sealed_sha256_size_and_both_git_trees_match
/home/morgana/.codex/worktrees/assembled-allied-ai/orcs-vs-Fairies/work/ai-save401-final-453c221-r1	453c2218af9973b9eca8fb78392435bd9d46a740	dist/assets/tile-dirt-1.png	2881	a061c5307c95c34176bf451e1ee717c1f499dc06d4c77ba403a5dcf5457d9437	bf8ed2449d14c0f3bcf00d32af4ca831885c08212be96fecc96ebd8d581ee681	source_backed_public_duplicate	index_in_future_derivative_only	Sealed source asset SHA256 and bytes match this dist entry; old and new Git tree blob, mode and bytes match.	envelopes/build-web/source-before.json	eb414c0a5c82b49110c36e83c8fad83e16c35ff886560d1116511a334b52c910	public/assets/tile-dirt-1.png	a061c5307c95c34176bf451e1ee717c1f499dc06d4c77ba403a5dcf5457d9437	2881	100644	d76111fcc1515d564a20705ecd93965c0d3c7f36	83941bc80ce9ec08840b0645d9b33e8018d5309a	100644	d76111fcc1515d564a20705ecd93965c0d3c7f36	sealed_sha256_size_and_both_git_trees_match
/home/morgana/.codex/worktrees/assembled-allied-ai/orcs-vs-Fairies/work/ai-save401-final-453c221-r1	453c2218af9973b9eca8fb78392435bd9d46a740	dist/assets/tile-dirt-2.png	2902	c950d2f0884eaa712cd09d1a2b6c9459da947e06c117c2fafbe4ecb59f31daae	bf8ed2449d14c0f3bcf00d32af4ca831885c08212be96fecc96ebd8d581ee681	source_backed_public_duplicate	index_in_future_derivative_only	Sealed source asset SHA256 and bytes match this dist entry; old and new Git tree blob, mode and bytes match.	envelopes/build-web/source-before.json	eb414c0a5c82b49110c36e83c8fad83e16c35ff886560d1116511a334b52c910	public/assets/tile-dirt-2.png	c950d2f0884eaa712cd09d1a2b6c9459da947e06c117c2fafbe4ecb59f31daae	2902	100644	29bc4527ab578c3f37f75a12b9b74e5aff57b093	83941bc80ce9ec08840b0645d9b33e8018d5309a	100644	29bc4527ab578c3f37f75a12b9b74e5aff57b093	sealed_sha256_size_and_both_git_trees_match
/home/morgana/.codex/worktrees/assembled-allied-ai/orcs-vs-Fairies/work/ai-save401-final-453c221-r1	453c2218af9973b9eca8fb78392435bd9d46a740	dist/assets/tile-grass-0.png	2729	1a11812b2c5d28f3d9de578120407e07590142914fbd96225d945003a0a40b8e	bf8ed2449d14c0f3bcf00d32af4ca831885c08212be96fecc96ebd8d581ee681	source_backed_public_duplicate	index_in_future_derivative_only	Sealed source asset SHA256 and bytes match this dist entry; old and new Git tree blob, mode and bytes match.	envelopes/build-web/source-before.json	eb414c0a5c82b49110c36e83c8fad83e16c35ff886560d1116511a334b52c910	public/assets/tile-grass-0.png	1a11812b2c5d28f3d9de578120407e07590142914fbd96225d945003a0a40b8e	2729	100644	46ff11f291491043a5df5e57f9274471e5c3d2f6	83941bc80ce9ec08840b0645d9b33e8018d5309a	100644	46ff11f291491043a5df5e57f9274471e5c3d2f6	sealed_sha256_size_and_both_git_trees_match
/home/morgana/.codex/worktrees/assembled-allied-ai/orcs-vs-Fairies/work/ai-save401-final-453c221-r1	453c2218af9973b9eca8fb78392435bd9d46a740	dist/assets/tile-grass-1.png	2707	5e522708615eca208610cc75f2d070e2858dc43dfb57f814581593d1a495761e	bf8ed2449d14c0f3bcf00d32af4ca831885c08212be96fecc96ebd8d581ee681	source_backed_public_duplicate	index_in_future_derivative_only	Sealed source asset SHA256 and bytes match this dist entry; old and new Git tree blob, mode and bytes match.	envelopes/build-web/source-before.json	eb414c0a5c82b49110c36e83c8fad83e16c35ff886560d1116511a334b52c910	public/assets/tile-grass-1.png	5e522708615eca208610cc75f2d070e2858dc43dfb57f814581593d1a495761e	2707	100644	2c42e9ffd115e4dceb269def7db388fe2a07df14	83941bc80ce9ec08840b0645d9b33e8018d5309a	100644	2c42e9ffd115e4dceb269def7db388fe2a07df14	sealed_sha256_size_and_both_git_trees_match
/home/morgana/.codex/worktrees/assembled-allied-ai/orcs-vs-Fairies/work/ai-save401-final-453c221-r1	453c2218af9973b9eca8fb78392435bd9d46a740	dist/assets/tile-grass-2.png	2735	edd2f6e08c0365625f3ebdac0490d97bf952e2720056533373bdb2106520fa7d	bf8ed2449d14c0f3bcf00d32af4ca831885c08212be96fecc96ebd8d581ee681	source_backed_public_duplicate	index_in_future_derivative_only	Sealed source asset SHA256 and bytes match this dist entry; old and new Git tree blob, mode and bytes match.	envelopes/build-web/source-before.json	eb414c0a5c82b49110c36e83c8fad83e16c35ff886560d1116511a334b52c910	public/assets/tile-grass-2.png	edd2f6e08c0365625f3ebdac0490d97bf952e2720056533373bdb2106520fa7d	2735	100644	823d625a88aa924be70b69bf991ade3777311b82	83941bc80ce9ec08840b0645d9b33e8018d5309a	100644	823d625a88aa924be70b69bf991ade3777311b82	sealed_sha256_size_and_both_git_trees_match
/home/morgana/.codex/worktrees/assembled-allied-ai/orcs-vs-Fairies/work/ai-save401-final-453c221-r1	453c2218af9973b9eca8fb78392435bd9d46a740	dist/assets/tile-grass-3.png	2742	cde4679f3ca3baf7309a029f1f290953400133e98c10a772d9da0c9afd2a14b9	bf8ed2449d14c0f3bcf00d32af4ca831885c08212be96fecc96ebd8d581ee681	source_backed_public_duplicate	index_in_future_derivative_only	Sealed source asset SHA256 and bytes match this dist entry; old and new Git tree blob, mode and bytes match.	envelopes/build-web/source-before.json	eb414c0a5c82b49110c36e83c8fad83e16c35ff886560d1116511a334b52c910	public/assets/tile-grass-3.png	cde4679f3ca3baf7309a029f1f290953400133e98c10a772d9da0c9afd2a14b9	2742	100644	7bc1041628de233960d4e9804ea31d1a3daa68f9	83941bc80ce9ec08840b0645d9b33e8018d5309a	100644	7bc1041628de233960d4e9804ea31d1a3daa68f9	sealed_sha256_size_and_both_git_trees_match
/home/morgana/.codex/worktrees/assembled-allied-ai/orcs-vs-Fairies/work/ai-save401-final-453c221-r1	453c2218af9973b9eca8fb78392435bd9d46a740	dist/assets/tile-mud.png	3186	5d3d9cae76c022e23b873ae15778159d55b2cc1f00eb7f9da26771b1f61e666d	bf8ed2449d14c0f3bcf00d32af4ca831885c08212be96fecc96ebd8d581ee681	source_backed_public_duplicate	index_in_future_derivative_only	Sealed source asset SHA256 and bytes match this dist entry; old and new Git tree blob, mode and bytes match.	envelopes/build-web/source-before.json	eb414c0a5c82b49110c36e83c8fad83e16c35ff886560d1116511a334b52c910	public/assets/tile-mud.png	5d3d9cae76c022e23b873ae15778159d55b2cc1f00eb7f9da26771b1f61e666d	3186	100644	a0160d7f6ac1accc9de25cfe2dcb1a731d17cc84	83941bc80ce9ec08840b0645d9b33e8018d5309a	100644	a0160d7f6ac1accc9de25cfe2dcb1a731d17cc84	sealed_sha256_size_and_both_git_trees_match
/home/morgana/.codex/worktrees/assembled-allied-ai/orcs-vs-Fairies/work/ai-save401-final-453c221-r1	453c2218af9973b9eca8fb78392435bd9d46a740	dist/assets/tile-rock.png	3741	6ea17de05d440ee3804d1788bc72ebd02d4bfdc32ef17690153625ff9c0518ee	bf8ed2449d14c0f3bcf00d32af4ca831885c08212be96fecc96ebd8d581ee681	source_backed_public_duplicate	index_in_future_derivative_only	Sealed source asset SHA256 and bytes match this dist entry; old and new Git tree blob, mode and bytes match.	envelopes/build-web/source-before.json	eb414c0a5c82b49110c36e83c8fad83e16c35ff886560d1116511a334b52c910	public/assets/tile-rock.png	6ea17de05d440ee3804d1788bc72ebd02d4bfdc32ef17690153625ff9c0518ee	3741	100644	194571cc524ac9263df13c8116fc693c30833baf	83941bc80ce9ec08840b0645d9b33e8018d5309a	100644	194571cc524ac9263df13c8116fc693c30833baf	sealed_sha256_size_and_both_git_trees_match
/home/morgana/.codex/worktrees/assembled-allied-ai/orcs-vs-Fairies/work/ai-save401-final-453c221-r1	453c2218af9973b9eca8fb78392435bd9d46a740	dist/assets/tile-shallows.png	3416	4793ce80f9b2f7f3d6af37b7b5e1c1c9182feab55ee76e4281f68ae85708f94d	bf8ed2449d14c0f3bcf00d32af4ca831885c08212be96fecc96ebd8d581ee681	source_backed_public_duplicate	index_in_future_derivative_only	Sealed source asset SHA256 and bytes match this dist entry; old and new Git tree blob, mode and bytes match.	envelopes/build-web/source-before.json	eb414c0a5c82b49110c36e83c8fad83e16c35ff886560d1116511a334b52c910	public/assets/tile-shallows.png	4793ce80f9b2f7f3d6af37b7b5e1c1c9182feab55ee76e4281f68ae85708f94d	3416	100644	4c342b9ad6dc97734ba1d8e80a63cef3a1e5d727	83941bc80ce9ec08840b0645d9b33e8018d5309a	100644	4c342b9ad6dc97734ba1d8e80a63cef3a1e5d727	sealed_sha256_size_and_both_git_trees_match
/home/morgana/.codex/worktrees/assembled-allied-ai/orcs-vs-Fairies/work/ai-save401-final-453c221-r1	453c2218af9973b9eca8fb78392435bd9d46a740	dist/assets/tile-stone.png	3622	a0ce2378745035a1b0a6c7c1a063a7ea7e9dcb5175dbadfc68fa28e20c7b3540	bf8ed2449d14c0f3bcf00d32af4ca831885c08212be96fecc96ebd8d581ee681	source_backed_public_duplicate	index_in_future_derivative_only	Sealed source asset SHA256 and bytes match this dist entry; old and new Git tree blob, mode and bytes match.	envelopes/build-web/source-before.json	eb414c0a5c82b49110c36e83c8fad83e16c35ff886560d1116511a334b52c910	public/assets/tile-stone.png	a0ce2378745035a1b0a6c7c1a063a7ea7e9dcb5175dbadfc68fa28e20c7b3540	3622	100644	48cdf15c28eb644ce27ebdead3ec1dfa02bc5ad0	83941bc80ce9ec08840b0645d9b33e8018d5309a	100644	48cdf15c28eb644ce27ebdead3ec1dfa02bc5ad0	sealed_sha256_size_and_both_git_trees_match
/home/morgana/.codex/worktrees/assembled-allied-ai/orcs-vs-Fairies/work/ai-save401-final-453c221-r1	453c2218af9973b9eca8fb78392435bd9d46a740	dist/assets/tile-water.png	3232	2793378395e6652c93cba7c8662111088617e1b4f91bbec622702b2f02bbb389	bf8ed2449d14c0f3bcf00d32af4ca831885c08212be96fecc96ebd8d581ee681	source_backed_public_duplicate	index_in_future_derivative_only	Sealed source asset SHA256 and bytes match this dist entry; old and new Git tree blob, mode and bytes match.	envelopes/build-web/source-before.json	eb414c0a5c82b49110c36e83c8fad83e16c35ff886560d1116511a334b52c910	public/assets/tile-water.png	2793378395e6652c93cba7c8662111088617e1b4f91bbec622702b2f02bbb389	3232	100644	e7b9ac8ba308f4b0a306f9cbea7aba2abc7c46fe	83941bc80ce9ec08840b0645d9b33e8018d5309a	100644	e7b9ac8ba308f4b0a306f9cbea7aba2abc7c46fe	sealed_sha256_size_and_both_git_trees_match
/home/morgana/.codex/worktrees/assembled-allied-ai/orcs-vs-Fairies/work/ai-save401-final-453c221-r1	453c2218af9973b9eca8fb78392435bd9d46a740	dist/assets/tree-oak.png	38095	e1f0d5ffac7d5070bfcd84f5e66287c5f80d88a0a007bd8107a26f48d45a299e	bf8ed2449d14c0f3bcf00d32af4ca831885c08212be96fecc96ebd8d581ee681	source_backed_public_duplicate	index_in_future_derivative_only	Sealed source asset SHA256 and bytes match this dist entry; old and new Git tree blob, mode and bytes match.	envelopes/build-web/source-before.json	eb414c0a5c82b49110c36e83c8fad83e16c35ff886560d1116511a334b52c910	public/assets/tree-oak.png	e1f0d5ffac7d5070bfcd84f5e66287c5f80d88a0a007bd8107a26f48d45a299e	38095	100644	5ae0a5fa9c295bb5eb68f3b9c0849432002676b2	83941bc80ce9ec08840b0645d9b33e8018d5309a	100644	5ae0a5fa9c295bb5eb68f3b9c0849432002676b2	sealed_sha256_size_and_both_git_trees_match
/home/morgana/.codex/worktrees/assembled-allied-ai/orcs-vs-Fairies/work/ai-save401-final-453c221-r1	453c2218af9973b9eca8fb78392435bd9d46a740	dist/assets/tree-pine.png	26537	7504aaa25c5ff13212782cf20f5ecafc82a0f271b36ce7199af98dc01f3b499c	bf8ed2449d14c0f3bcf00d32af4ca831885c08212be96fecc96ebd8d581ee681	source_backed_public_duplicate	index_in_future_derivative_only	Sealed source asset SHA256 and bytes match this dist entry; old and new Git tree blob, mode and bytes match.	envelopes/build-web/source-before.json	eb414c0a5c82b49110c36e83c8fad83e16c35ff886560d1116511a334b52c910	public/assets/tree-pine.png	7504aaa25c5ff13212782cf20f5ecafc82a0f271b36ce7199af98dc01f3b499c	26537	100644	367cbd1de7728c15ccb69be1456b1fabb0c4eea3	83941bc80ce9ec08840b0645d9b33e8018d5309a	100644	367cbd1de7728c15ccb69be1456b1fabb0c4eea3	sealed_sha256_size_and_both_git_trees_match
/home/morgana/.codex/worktrees/assembled-allied-ai/orcs-vs-Fairies/work/ai-save401-final-453c221-r1	453c2218af9973b9eca8fb78392435bd9d46a740	dist/assets/ui-halt.png	16553	c94e6065a73fb61c04755674f7a6460a4df7063dabeb45af88dea57ed3e34ca7	bf8ed2449d14c0f3bcf00d32af4ca831885c08212be96fecc96ebd8d581ee681	source_backed_public_duplicate	index_in_future_derivative_only	Sealed source asset SHA256 and bytes match this dist entry; old and new Git tree blob, mode and bytes match.	envelopes/build-web/source-before.json	eb414c0a5c82b49110c36e83c8fad83e16c35ff886560d1116511a334b52c910	public/assets/ui-halt.png	c94e6065a73fb61c04755674f7a6460a4df7063dabeb45af88dea57ed3e34ca7	16553	100644	aaac3d149da6882407f199faa3bb15176a1188b8	83941bc80ce9ec08840b0645d9b33e8018d5309a	100644	aaac3d149da6882407f199faa3bb15176a1188b8	sealed_sha256_size_and_both_git_trees_match
/home/morgana/.codex/worktrees/assembled-allied-ai/orcs-vs-Fairies/work/ai-save401-final-453c221-r1	453c2218af9973b9eca8fb78392435bd9d46a740	dist/assets/ui-hold.png	17455	ce5c62e38b3717def645407b75688d810714e97b0e4f8f46167faf7d59db159a	bf8ed2449d14c0f3bcf00d32af4ca831885c08212be96fecc96ebd8d581ee681	source_backed_public_duplicate	index_in_future_derivative_only	Sealed source asset SHA256 and bytes match this dist entry; old and new Git tree blob, mode and bytes match.	envelopes/build-web/source-before.json	eb414c0a5c82b49110c36e83c8fad83e16c35ff886560d1116511a334b52c910	public/assets/ui-hold.png	ce5c62e38b3717def645407b75688d810714e97b0e4f8f46167faf7d59db159a	17455	100644	4e74a46c3b90db0e26e3d895f5a86475b5f82388	83941bc80ce9ec08840b0645d9b33e8018d5309a	100644	4e74a46c3b90db0e26e3d895f5a86475b5f82388	sealed_sha256_size_and_both_git_trees_match
/home/morgana/.codex/worktrees/assembled-allied-ai/orcs-vs-Fairies/work/ai-save401-final-453c221-r1	453c2218af9973b9eca8fb78392435bd9d46a740	dist/assets/undead-barracks-0.json	1062	6084a18369a23e97daa5a7f09784f3107604fa5bfffcca84ab6027ade065bc28	bf8ed2449d14c0f3bcf00d32af4ca831885c08212be96fecc96ebd8d581ee681	source_backed_public_duplicate	index_in_future_derivative_only	Sealed source asset SHA256 and bytes match this dist entry; old and new Git tree blob, mode and bytes match.	envelopes/build-web/source-before.json	eb414c0a5c82b49110c36e83c8fad83e16c35ff886560d1116511a334b52c910	public/assets/undead-barracks-0.json	6084a18369a23e97daa5a7f09784f3107604fa5bfffcca84ab6027ade065bc28	1062	100644	475068384451de4b2617b0ddd5d6caaaa94c21bd	83941bc80ce9ec08840b0645d9b33e8018d5309a	100644	475068384451de4b2617b0ddd5d6caaaa94c21bd	sealed_sha256_size_and_both_git_trees_match
/home/morgana/.codex/worktrees/assembled-allied-ai/orcs-vs-Fairies/work/ai-save401-final-453c221-r1	453c2218af9973b9eca8fb78392435bd9d46a740	dist/assets/undead-barracks-0.png	158818	a190915ef3b84997ca338fe13ddb2d7c4e6afcb964d39b615c7cca01bd942614	bf8ed2449d14c0f3bcf00d32af4ca831885c08212be96fecc96ebd8d581ee681	source_backed_public_duplicate	index_in_future_derivative_only	Sealed source asset SHA256 and bytes match this dist entry; old and new Git tree blob, mode and bytes match.	envelopes/build-web/source-before.json	eb414c0a5c82b49110c36e83c8fad83e16c35ff886560d1116511a334b52c910	public/assets/undead-barracks-0.png	a190915ef3b84997ca338fe13ddb2d7c4e6afcb964d39b615c7cca01bd942614	158818	100644	584a0e26106c07859e969278e2b59081c5493314	83941bc80ce9ec08840b0645d9b33e8018d5309a	100644	584a0e26106c07859e969278e2b59081c5493314	sealed_sha256_size_and_both_git_trees_match
/home/morgana/.codex/worktrees/assembled-allied-ai/orcs-vs-Fairies/work/ai-save401-final-453c221-r1	453c2218af9973b9eca8fb78392435bd9d46a740	dist/assets/undead-cavalry-0.json	11666	907d42670f2d80b641aeb3b71303029e66ded636af3d0700ac5e477ad5f428d1	bf8ed2449d14c0f3bcf00d32af4ca831885c08212be96fecc96ebd8d581ee681	source_backed_public_duplicate	index_in_future_derivative_only	Sealed source asset SHA256 and bytes match this dist entry; old and new Git tree blob, mode and bytes match.	envelopes/build-web/source-before.json	eb414c0a5c82b49110c36e83c8fad83e16c35ff886560d1116511a334b52c910	public/assets/undead-cavalry-0.json	907d42670f2d80b641aeb3b71303029e66ded636af3d0700ac5e477ad5f428d1	11666	100644	2941d51c002ff563b586204ce5986ac9c51b0f63	83941bc80ce9ec08840b0645d9b33e8018d5309a	100644	2941d51c002ff563b586204ce5986ac9c51b0f63	sealed_sha256_size_and_both_git_trees_match
/home/morgana/.codex/worktrees/assembled-allied-ai/orcs-vs-Fairies/work/ai-save401-final-453c221-r1	453c2218af9973b9eca8fb78392435bd9d46a740	dist/assets/undead-cavalry-0.png	428576	486b9af722d49bdc927415627468c099a60216624665ee543343b91eb9ab0a4d	bf8ed2449d14c0f3bcf00d32af4ca831885c08212be96fecc96ebd8d581ee681	source_backed_public_duplicate	index_in_future_derivative_only	Sealed source asset SHA256 and bytes match this dist entry; old and new Git tree blob, mode and bytes match.	envelopes/build-web/source-before.json	eb414c0a5c82b49110c36e83c8fad83e16c35ff886560d1116511a334b52c910	public/assets/undead-cavalry-0.png	486b9af722d49bdc927415627468c099a60216624665ee543343b91eb9ab0a4d	428576	100644	047cdb932d9305fa867ac3dec91d60c422e752fd	83941bc80ce9ec08840b0645d9b33e8018d5309a	100644	047cdb932d9305fa867ac3dec91d60c422e752fd	sealed_sha256_size_and_both_git_trees_match
/home/morgana/.codex/worktrees/assembled-allied-ai/orcs-vs-Fairies/work/ai-save401-final-453c221-r1	453c2218af9973b9eca8fb78392435bd9d46a740	dist/assets/undead-cavalry-1.json	11764	39009112743b37247f4cdba4d9b3cf2a8415050ce24db0e28f72c803480c07cb	bf8ed2449d14c0f3bcf00d32af4ca831885c08212be96fecc96ebd8d581ee681	source_backed_public_duplicate	index_in_future_derivative_only	Sealed source asset SHA256 and bytes match this dist entry; old and new Git tree blob, mode and bytes match.	envelopes/build-web/source-before.json	eb414c0a5c82b49110c36e83c8fad83e16c35ff886560d1116511a334b52c910	public/assets/undead-cavalry-1.json	39009112743b37247f4cdba4d9b3cf2a8415050ce24db0e28f72c803480c07cb	11764	100644	fb59fc8b876885d2dffb87a29b74d70f3cefc2b4	83941bc80ce9ec08840b0645d9b33e8018d5309a	100644	fb59fc8b876885d2dffb87a29b74d70f3cefc2b4	sealed_sha256_size_and_both_git_trees_match
/home/morgana/.codex/worktrees/assembled-allied-ai/orcs-vs-Fairies/work/ai-save401-final-453c221-r1	453c2218af9973b9eca8fb78392435bd9d46a740	dist/assets/undead-cavalry-1.png	404554	39e2743763bbaf589b85c8ff733b8648ec28f8c4c61888bd4af029636c9770be	bf8ed2449d14c0f3bcf00d32af4ca831885c08212be96fecc96ebd8d581ee681	source_backed_public_duplicate	index_in_future_derivative_only	Sealed source asset SHA256 and bytes match this dist entry; old and new Git tree blob, mode and bytes match.	envelopes/build-web/source-before.json	eb414c0a5c82b49110c36e83c8fad83e16c35ff886560d1116511a334b52c910	public/assets/undead-cavalry-1.png	39e2743763bbaf589b85c8ff733b8648ec28f8c4c61888bd4af029636c9770be	404554	100644	708e447b578e4379ce15876cf7d388eda6105cb9	83941bc80ce9ec08840b0645d9b33e8018d5309a	100644	708e447b578e4379ce15876cf7d388eda6105cb9	sealed_sha256_size_and_both_git_trees_match
/home/morgana/.codex/worktrees/assembled-allied-ai/orcs-vs-Fairies/work/ai-save401-final-453c221-r1	453c2218af9973b9eca8fb78392435bd9d46a740	dist/assets/undead-cavalry-2.json	11780	f23d759a4c85d85c99d551af4c7178c93514e1b639a4c6066eb4859d68462b27	bf8ed2449d14c0f3bcf00d32af4ca831885c08212be96fecc96ebd8d581ee681	source_backed_public_duplicate	index_in_future_derivative_only	Sealed source asset SHA256 and bytes match this dist entry; old and new Git tree blob, mode and bytes match.	envelopes/build-web/source-before.json	eb414c0a5c82b49110c36e83c8fad83e16c35ff886560d1116511a334b52c910	public/assets/undead-cavalry-2.json	f23d759a4c85d85c99d551af4c7178c93514e1b639a4c6066eb4859d68462b27	11780	100644	8fc7eb8be8a631ecaa46eb8d36d0fb3bc6a359b9	83941bc80ce9ec08840b0645d9b33e8018d5309a	100644	8fc7eb8be8a631ecaa46eb8d36d0fb3bc6a359b9	sealed_sha256_size_and_both_git_trees_match
/home/morgana/.codex/worktrees/assembled-allied-ai/orcs-vs-Fairies/work/ai-save401-final-453c221-r1	453c2218af9973b9eca8fb78392435bd9d46a740	dist/assets/undead-cavalry-2.png	676560	57f56a2f5cf6978fff3c32c29f6aea9ac71e845e1d2ad2c61a08eb964a1a1c9d	bf8ed2449d14c0f3bcf00d32af4ca831885c08212be96fecc96ebd8d581ee681	source_backed_public_duplicate	index_in_future_derivative_only	Sealed source asset SHA256 and bytes match this dist entry; old and new Git tree blob, mode and bytes match.	envelopes/build-web/source-before.json	eb414c0a5c82b49110c36e83c8fad83e16c35ff886560d1116511a334b52c910	public/assets/undead-cavalry-2.png	57f56a2f5cf6978fff3c32c29f6aea9ac71e845e1d2ad2c61a08eb964a1a1c9d	676560	100644	c79352699187d5200969a695e84ea091f31a007a	83941bc80ce9ec08840b0645d9b33e8018d5309a	100644	c79352699187d5200969a695e84ea091f31a007a	sealed_sha256_size_and_both_git_trees_match
/home/morgana/.codex/worktrees/assembled-allied-ai/orcs-vs-Fairies/work/ai-save401-final-453c221-r1	453c2218af9973b9eca8fb78392435bd9d46a740	dist/assets/undead-depot-0.json	1041	5ed04e5b73c17a211fa21e2e48424c37e333f3f18aefae749a84bf724e398ea0	bf8ed2449d14c0f3bcf00d32af4ca831885c08212be96fecc96ebd8d581ee681	source_backed_public_duplicate	index_in_future_derivative_only	Sealed source asset SHA256 and bytes match this dist entry; old and new Git tree blob, mode and bytes match.	envelopes/build-web/source-before.json	eb414c0a5c82b49110c36e83c8fad83e16c35ff886560d1116511a334b52c910	public/assets/undead-depot-0.json	5ed04e5b73c17a211fa21e2e48424c37e333f3f18aefae749a84bf724e398ea0	1041	100644	2c8bb0950fb41d6b4858ef53aeafc82ce53ee32b	83941bc80ce9ec08840b0645d9b33e8018d5309a	100644	2c8bb0950fb41d6b4858ef53aeafc82ce53ee32b	sealed_sha256_size_and_both_git_trees_match
/home/morgana/.codex/worktrees/assembled-allied-ai/orcs-vs-Fairies/work/ai-save401-final-453c221-r1	453c2218af9973b9eca8fb78392435bd9d46a740	dist/assets/undead-depot-0.png	100032	a682afc5068facf3c545651b94cce276f8821e6365d0c4c112b8bb0f51b4271e	bf8ed2449d14c0f3bcf00d32af4ca831885c08212be96fecc96ebd8d581ee681	source_backed_public_duplicate	index_in_future_derivative_only	Sealed source asset SHA256 and bytes match this dist entry; old and new Git tree blob, mode and bytes match.	envelopes/build-web/source-before.json	eb414c0a5c82b49110c36e83c8fad83e16c35ff886560d1116511a334b52c910	public/assets/undead-depot-0.png	a682afc5068facf3c545651b94cce276f8821e6365d0c4c112b8bb0f51b4271e	100032	100644	2814b6f8d5433a8038f5cb816f70fdefa1ff42f2	83941bc80ce9ec08840b0645d9b33e8018d5309a	100644	2814b6f8d5433a8038f5cb816f70fdefa1ff42f2	sealed_sha256_size_and_both_git_trees_match
/home/morgana/.codex/worktrees/assembled-allied-ai/orcs-vs-Fairies/work/ai-save401-final-453c221-r1	453c2218af9973b9eca8fb78392435bd9d46a740	dist/assets/undead-gate-0.json	1215	f37c0337a397c83a8e83cf6df5be0bd650261c778e070f3662ed7608344835a3	bf8ed2449d14c0f3bcf00d32af4ca831885c08212be96fecc96ebd8d581ee681	source_backed_public_duplicate	index_in_future_derivative_only	Sealed source asset SHA256 and bytes match this dist entry; old and new Git tree blob, mode and bytes match.	envelopes/build-web/source-before.json	eb414c0a5c82b49110c36e83c8fad83e16c35ff886560d1116511a334b52c910	public/assets/undead-gate-0.json	f37c0337a397c83a8e83cf6df5be0bd650261c778e070f3662ed7608344835a3	1215	100644	d48ea40e7390bfeaddaae6f2f3555869b6e3bbdc	83941bc80ce9ec08840b0645d9b33e8018d5309a	100644	d48ea40e7390bfeaddaae6f2f3555869b6e3bbdc	sealed_sha256_size_and_both_git_trees_match
/home/morgana/.codex/worktrees/assembled-allied-ai/orcs-vs-Fairies/work/ai-save401-final-453c221-r1	453c2218af9973b9eca8fb78392435bd9d46a740	dist/assets/undead-gate-0.png	118175	5a17631421e9a1e962716c51a22442f5203b5102517424e1f80d403983fdd932	bf8ed2449d14c0f3bcf00d32af4ca831885c08212be96fecc96ebd8d581ee681	source_backed_public_duplicate	index_in_future_derivative_only	Sealed source asset SHA256 and bytes match this dist entry; old and new Git tree blob, mode and bytes match.	envelopes/build-web/source-before.json	eb414c0a5c82b49110c36e83c8fad83e16c35ff886560d1116511a334b52c910	public/assets/undead-gate-0.png	5a17631421e9a1e962716c51a22442f5203b5102517424e1f80d403983fdd932	118175	100644	b427b15b86a22c4769686478a85828beda9e69c8	83941bc80ce9ec08840b0645d9b33e8018d5309a	100644	b427b15b86a22c4769686478a85828beda9e69c8	sealed_sha256_size_and_both_git_trees_match
/home/morgana/.codex/worktrees/assembled-allied-ai/orcs-vs-Fairies/work/ai-save401-final-453c221-r1	453c2218af9973b9eca8fb78392435bd9d46a740	dist/assets/undead-hq-0.json	1026	348b089289ffc6436204a04b958daabe3baed8f9c84be6af6ac87d742e0db888	bf8ed2449d14c0f3bcf00d32af4ca831885c08212be96fecc96ebd8d581ee681	source_backed_public_duplicate	index_in_future_derivative_only	Sealed source asset SHA256 and bytes match this dist entry; old and new Git tree blob, mode and bytes match.	envelopes/build-web/source-before.json	eb414c0a5c82b49110c36e83c8fad83e16c35ff886560d1116511a334b52c910	public/assets/undead-hq-0.json	348b089289ffc6436204a04b958daabe3baed8f9c84be6af6ac87d742e0db888	1026	100644	5d73820c0c3b039337570445102a8387b6fedb7b	83941bc80ce9ec08840b0645d9b33e8018d5309a	100644	5d73820c0c3b039337570445102a8387b6fedb7b	sealed_sha256_size_and_both_git_trees_match
/home/morgana/.codex/worktrees/assembled-allied-ai/orcs-vs-Fairies/work/ai-save401-final-453c221-r1	453c2218af9973b9eca8fb78392435bd9d46a740	dist/assets/undead-hq-0.png	166946	058245f51101298c76ee471939e227e64ead55080a71045b5fd7f0196ddda6c3	bf8ed2449d14c0f3bcf00d32af4ca831885c08212be96fecc96ebd8d581ee681	source_backed_public_duplicate	index_in_future_derivative_only	Sealed source asset SHA256 and bytes match this dist entry; old and new Git tree blob, mode and bytes match.	envelopes/build-web/source-before.json	eb414c0a5c82b49110c36e83c8fad83e16c35ff886560d1116511a334b52c910	public/assets/undead-hq-0.png	058245f51101298c76ee471939e227e64ead55080a71045b5fd7f0196ddda6c3	166946	100644	5f049c6dbccdd181d3ac36b0965d2966fdfe08df	83941bc80ce9ec08840b0645d9b33e8018d5309a	100644	5f049c6dbccdd181d3ac36b0965d2966fdfe08df	sealed_sha256_size_and_both_git_trees_match
/home/morgana/.codex/worktrees/assembled-allied-ai/orcs-vs-Fairies/work/ai-save401-final-453c221-r1	453c2218af9973b9eca8fb78392435bd9d46a740	dist/assets/undead-melee-0.json	17897	a32679d39bd796c8f13b9686ef7e374981deaa092eb1e5a96247056137e8315b	bf8ed2449d14c0f3bcf00d32af4ca831885c08212be96fecc96ebd8d581ee681	source_backed_public_duplicate	index_in_future_derivative_only	Sealed source asset SHA256 and bytes match this dist entry; old and new Git tree blob, mode and bytes match.	envelopes/build-web/source-before.json	eb414c0a5c82b49110c36e83c8fad83e16c35ff886560d1116511a334b52c910	public/assets/undead-melee-0.json	a32679d39bd796c8f13b9686ef7e374981deaa092eb1e5a96247056137e8315b	17897	100644	e0caad8ec6ad8f6c62a8b64832c1f29a90866c47	83941bc80ce9ec08840b0645d9b33e8018d5309a	100644	e0caad8ec6ad8f6c62a8b64832c1f29a90866c47	sealed_sha256_size_and_both_git_trees_match
/home/morgana/.codex/worktrees/assembled-allied-ai/orcs-vs-Fairies/work/ai-save401-final-453c221-r1	453c2218af9973b9eca8fb78392435bd9d46a740	dist/assets/undead-melee-0.png	432899	b311349554120cbe564ab5b72ee958038adadee98b746e7100e99389dedf14e5	bf8ed2449d14c0f3bcf00d32af4ca831885c08212be96fecc96ebd8d581ee681	source_backed_public_duplicate	index_in_future_derivative_only	Sealed source asset SHA256 and bytes match this dist entry; old and new Git tree blob, mode and bytes match.	envelopes/build-web/source-before.json	eb414c0a5c82b49110c36e83c8fad83e16c35ff886560d1116511a334b52c910	public/assets/undead-melee-0.png	b311349554120cbe564ab5b72ee958038adadee98b746e7100e99389dedf14e5	432899	100644	e1af90f83b31d389266afae87e2c62d9ffc72bb4	83941bc80ce9ec08840b0645d9b33e8018d5309a	100644	e1af90f83b31d389266afae87e2c62d9ffc72bb4	sealed_sha256_size_and_both_git_trees_match
/home/morgana/.codex/worktrees/assembled-allied-ai/orcs-vs-Fairies/work/ai-save401-final-453c221-r1	453c2218af9973b9eca8fb78392435bd9d46a740	dist/assets/undead-melee-1.json	16607	7a85d7e50cc8f9abcbb28283a93c3e562440ad8e7a0743027ac4db5faa2547eb	bf8ed2449d14c0f3bcf00d32af4ca831885c08212be96fecc96ebd8d581ee681	source_backed_public_duplicate	index_in_future_derivative_only	Sealed source asset SHA256 and bytes match this dist entry; old and new Git tree blob, mode and bytes match.	envelopes/build-web/source-before.json	eb414c0a5c82b49110c36e83c8fad83e16c35ff886560d1116511a334b52c910	public/assets/undead-melee-1.json	7a85d7e50cc8f9abcbb28283a93c3e562440ad8e7a0743027ac4db5faa2547eb	16607	100644	54449568f09f0d0e8c8a56ca05ff50cb29bf3651	83941bc80ce9ec08840b0645d9b33e8018d5309a	100644	54449568f09f0d0e8c8a56ca05ff50cb29bf3651	sealed_sha256_size_and_both_git_trees_match
/home/morgana/.codex/worktrees/assembled-allied-ai/orcs-vs-Fairies/work/ai-save401-final-453c221-r1	453c2218af9973b9eca8fb78392435bd9d46a740	dist/assets/undead-melee-1.png	500544	4bd48bf653da4d536f25ff69484b3e95087670e53623632a7ddc0981ee7f8c53	bf8ed2449d14c0f3bcf00d32af4ca831885c08212be96fecc96ebd8d581ee681	source_backed_public_duplicate	index_in_future_derivative_only	Sealed source asset SHA256 and bytes match this dist entry; old and new Git tree blob, mode and bytes match.	envelopes/build-web/source-before.json	eb414c0a5c82b49110c36e83c8fad83e16c35ff886560d1116511a334b52c910	public/assets/undead-melee-1.png	4bd48bf653da4d536f25ff69484b3e95087670e53623632a7ddc0981ee7f8c53	500544	100644	72c36fda6770b86f98a9b8f56bc775797c26f400	83941bc80ce9ec08840b0645d9b33e8018d5309a	100644	72c36fda6770b86f98a9b8f56bc775797c26f400	sealed_sha256_size_and_both_git_trees_match
/home/morgana/.codex/worktrees/assembled-allied-ai/orcs-vs-Fairies/work/ai-save401-final-453c221-r1	453c2218af9973b9eca8fb78392435bd9d46a740	dist/assets/undead-ranged-0.json	17998	d8fd7ba62fc6136cd3fd2540d5e3ccf493e037ff479edff47abdbec972addfb5	bf8ed2449d14c0f3bcf00d32af4ca831885c08212be96fecc96ebd8d581ee681	source_backed_public_duplicate	index_in_future_derivative_only	Sealed source asset SHA256 and bytes match this dist entry; old and new Git tree blob, mode and bytes match.	envelopes/build-web/source-before.json	eb414c0a5c82b49110c36e83c8fad83e16c35ff886560d1116511a334b52c910	public/assets/undead-ranged-0.json	d8fd7ba62fc6136cd3fd2540d5e3ccf493e037ff479edff47abdbec972addfb5	17998	100644	f1ce742958638396b1a5e7fbf612c513336c9105	83941bc80ce9ec08840b0645d9b33e8018d5309a	100644	f1ce742958638396b1a5e7fbf612c513336c9105	sealed_sha256_size_and_both_git_trees_match
/home/morgana/.codex/worktrees/assembled-allied-ai/orcs-vs-Fairies/work/ai-save401-final-453c221-r1	453c2218af9973b9eca8fb78392435bd9d46a740	dist/assets/undead-ranged-0.png	453025	1aaf6c9608d844acd9ac691b612de5f4fbe7cd70c2af97d5511a71dc8ec15228	bf8ed2449d14c0f3bcf00d32af4ca831885c08212be96fecc96ebd8d581ee681	source_backed_public_duplicate	index_in_future_derivative_only	Sealed source asset SHA256 and bytes match this dist entry; old and new Git tree blob, mode and bytes match.	envelopes/build-web/source-before.json	eb414c0a5c82b49110c36e83c8fad83e16c35ff886560d1116511a334b52c910	public/assets/undead-ranged-0.png	1aaf6c9608d844acd9ac691b612de5f4fbe7cd70c2af97d5511a71dc8ec15228	453025	100644	45b3254cd0648c166ef288e447f0138271c4c83b	83941bc80ce9ec08840b0645d9b33e8018d5309a	100644	45b3254cd0648c166ef288e447f0138271c4c83b	sealed_sha256_size_and_both_git_trees_match
/home/morgana/.codex/worktrees/assembled-allied-ai/orcs-vs-Fairies/work/ai-save401-final-453c221-r1	453c2218af9973b9eca8fb78392435bd9d46a740	dist/assets/undead-ranged-1.json	16692	5f049fd40ea65f6f1f0a41788ecb0b590f70daada26654e0ef5deaff30780562	bf8ed2449d14c0f3bcf00d32af4ca831885c08212be96fecc96ebd8d581ee681	source_backed_public_duplicate	index_in_future_derivative_only	Sealed source asset SHA256 and bytes match this dist entry; old and new Git tree blob, mode and bytes match.	envelopes/build-web/source-before.json	eb414c0a5c82b49110c36e83c8fad83e16c35ff886560d1116511a334b52c910	public/assets/undead-ranged-1.json	5f049fd40ea65f6f1f0a41788ecb0b590f70daada26654e0ef5deaff30780562	16692	100644	d77da799569e825ca4e92d69fb741215db0f667c	83941bc80ce9ec08840b0645d9b33e8018d5309a	100644	d77da799569e825ca4e92d69fb741215db0f667c	sealed_sha256_size_and_both_git_trees_match
/home/morgana/.codex/worktrees/assembled-allied-ai/orcs-vs-Fairies/work/ai-save401-final-453c221-r1	453c2218af9973b9eca8fb78392435bd9d46a740	dist/assets/undead-ranged-1.png	478282	3710ea263efc33e9a728b9086b8b95deac98ba9c27dd5167cc8ee68e84cee7d2	bf8ed2449d14c0f3bcf00d32af4ca831885c08212be96fecc96ebd8d581ee681	source_backed_public_duplicate	index_in_future_derivative_only	Sealed source asset SHA256 and bytes match this dist entry; old and new Git tree blob, mode and bytes match.	envelopes/build-web/source-before.json	eb414c0a5c82b49110c36e83c8fad83e16c35ff886560d1116511a334b52c910	public/assets/undead-ranged-1.png	3710ea263efc33e9a728b9086b8b95deac98ba9c27dd5167cc8ee68e84cee7d2	478282	100644	32414835c80d22de54e5933b01915d0771e43620	83941bc80ce9ec08840b0645d9b33e8018d5309a	100644	32414835c80d22de54e5933b01915d0771e43620	sealed_sha256_size_and_both_git_trees_match
/home/morgana/.codex/worktrees/assembled-allied-ai/orcs-vs-Fairies/work/ai-save401-final-453c221-r1	453c2218af9973b9eca8fb78392435bd9d46a740	dist/assets/undead-siege-0.json	11641	b0dc51990097cf084aaaf1b8355567008b88a8b646bd1abc2e720e8346ef9b05	bf8ed2449d14c0f3bcf00d32af4ca831885c08212be96fecc96ebd8d581ee681	source_backed_public_duplicate	index_in_future_derivative_only	Sealed source asset SHA256 and bytes match this dist entry; old and new Git tree blob, mode and bytes match.	envelopes/build-web/source-before.json	eb414c0a5c82b49110c36e83c8fad83e16c35ff886560d1116511a334b52c910	public/assets/undead-siege-0.json	b0dc51990097cf084aaaf1b8355567008b88a8b646bd1abc2e720e8346ef9b05	11641	100644	2ece882df8de1b4ed1005be2d9612e97dc9d10b1	83941bc80ce9ec08840b0645d9b33e8018d5309a	100644	2ece882df8de1b4ed1005be2d9612e97dc9d10b1	sealed_sha256_size_and_both_git_trees_match
/home/morgana/.codex/worktrees/assembled-allied-ai/orcs-vs-Fairies/work/ai-save401-final-453c221-r1	453c2218af9973b9eca8fb78392435bd9d46a740	dist/assets/undead-siege-0.png	698414	b1cc935025ca95d19dfc24c568175f59e9eb992659d6c0a307b66b548ea75f1b	bf8ed2449d14c0f3bcf00d32af4ca831885c08212be96fecc96ebd8d581ee681	source_backed_public_duplicate	index_in_future_derivative_only	Sealed source asset SHA256 and bytes match this dist entry; old and new Git tree blob, mode and bytes match.	envelopes/build-web/source-before.json	eb414c0a5c82b49110c36e83c8fad83e16c35ff886560d1116511a334b52c910	public/assets/undead-siege-0.png	b1cc935025ca95d19dfc24c568175f59e9eb992659d6c0a307b66b548ea75f1b	698414	100644	4fc2be27f0bcf6bfc1cb7497912c744d66633892	83941bc80ce9ec08840b0645d9b33e8018d5309a	100644	4fc2be27f0bcf6bfc1cb7497912c744d66633892	sealed_sha256_size_and_both_git_trees_match
/home/morgana/.codex/worktrees/assembled-allied-ai/orcs-vs-Fairies/work/ai-save401-final-453c221-r1	453c2218af9973b9eca8fb78392435bd9d46a740	dist/assets/undead-siege-1.json	11725	d9ff980a658ee0fc1645a98df187b0c86e7dd2fbc46e3b0ce555a78fc2c29aea	bf8ed2449d14c0f3bcf00d32af4ca831885c08212be96fecc96ebd8d581ee681	source_backed_public_duplicate	index_in_future_derivative_only	Sealed source asset SHA256 and bytes match this dist entry; old and new Git tree blob, mode and bytes match.	envelopes/build-web/source-before.json	eb414c0a5c82b49110c36e83c8fad83e16c35ff886560d1116511a334b52c910	public/assets/undead-siege-1.json	d9ff980a658ee0fc1645a98df187b0c86e7dd2fbc46e3b0ce555a78fc2c29aea	11725	100644	8c80afbb2a544beef0bfb85db6e6035998b75788	83941bc80ce9ec08840b0645d9b33e8018d5309a	100644	8c80afbb2a544beef0bfb85db6e6035998b75788	sealed_sha256_size_and_both_git_trees_match
/home/morgana/.codex/worktrees/assembled-allied-ai/orcs-vs-Fairies/work/ai-save401-final-453c221-r1	453c2218af9973b9eca8fb78392435bd9d46a740	dist/assets/undead-siege-1.png	673231	548cb446eb576e6737366950a924cf442d1971bdce6a0051020a59642d46d57a	bf8ed2449d14c0f3bcf00d32af4ca831885c08212be96fecc96ebd8d581ee681	source_backed_public_duplicate	index_in_future_derivative_only	Sealed source asset SHA256 and bytes match this dist entry; old and new Git tree blob, mode and bytes match.	envelopes/build-web/source-before.json	eb414c0a5c82b49110c36e83c8fad83e16c35ff886560d1116511a334b52c910	public/assets/undead-siege-1.png	548cb446eb576e6737366950a924cf442d1971bdce6a0051020a59642d46d57a	673231	100644	ce4f125f056885281c7e82752072742785474049	83941bc80ce9ec08840b0645d9b33e8018d5309a	100644	ce4f125f056885281c7e82752072742785474049	sealed_sha256_size_and_both_git_trees_match
/home/morgana/.codex/worktrees/assembled-allied-ai/orcs-vs-Fairies/work/ai-save401-final-453c221-r1	453c2218af9973b9eca8fb78392435bd9d46a740	dist/assets/undead-siege-2.json	11699	f74e45850b99db0480e15a3e6c1ed98d59f4780750c8371c0a5e165b8f37f2a2	bf8ed2449d14c0f3bcf00d32af4ca831885c08212be96fecc96ebd8d581ee681	source_backed_public_duplicate	index_in_future_derivative_only	Sealed source asset SHA256 and bytes match this dist entry; old and new Git tree blob, mode and bytes match.	envelopes/build-web/source-before.json	eb414c0a5c82b49110c36e83c8fad83e16c35ff886560d1116511a334b52c910	public/assets/undead-siege-2.json	f74e45850b99db0480e15a3e6c1ed98d59f4780750c8371c0a5e165b8f37f2a2	11699	100644	1aeb53b473af1a6c52ae27046def5dff3f51e9b5	83941bc80ce9ec08840b0645d9b33e8018d5309a	100644	1aeb53b473af1a6c52ae27046def5dff3f51e9b5	sealed_sha256_size_and_both_git_trees_match
/home/morgana/.codex/worktrees/assembled-allied-ai/orcs-vs-Fairies/work/ai-save401-final-453c221-r1	453c2218af9973b9eca8fb78392435bd9d46a740	dist/assets/undead-siege-2.png	894390	aebb5f1a450be650be17704774bf745fff5d8961c2e932880e4a7f5755b2e51d	bf8ed2449d14c0f3bcf00d32af4ca831885c08212be96fecc96ebd8d581ee681	source_backed_public_duplicate	index_in_future_derivative_only	Sealed source asset SHA256 and bytes match this dist entry; old and new Git tree blob, mode and bytes match.	envelopes/build-web/source-before.json	eb414c0a5c82b49110c36e83c8fad83e16c35ff886560d1116511a334b52c910	public/assets/undead-siege-2.png	aebb5f1a450be650be17704774bf745fff5d8961c2e932880e4a7f5755b2e51d	894390	100644	9fb20c9e9e537f11f5fa2563cfde5e454bbdbd21	83941bc80ce9ec08840b0645d9b33e8018d5309a	100644	9fb20c9e9e537f11f5fa2563cfde5e454bbdbd21	sealed_sha256_size_and_both_git_trees_match
/home/morgana/.codex/worktrees/assembled-allied-ai/orcs-vs-Fairies/work/ai-save401-final-453c221-r1	453c2218af9973b9eca8fb78392435bd9d46a740	dist/assets/undead-spear-0.json	11587	86904c0a67854b5355f8b00f7ffb7a0e067ffcc061a1bdb470410c8211d09f68	bf8ed2449d14c0f3bcf00d32af4ca831885c08212be96fecc96ebd8d581ee681	source_backed_public_duplicate	index_in_future_derivative_only	Sealed source asset SHA256 and bytes match this dist entry; old and new Git tree blob, mode and bytes match.	envelopes/build-web/source-before.json	eb414c0a5c82b49110c36e83c8fad83e16c35ff886560d1116511a334b52c910	public/assets/undead-spear-0.json	86904c0a67854b5355f8b00f7ffb7a0e067ffcc061a1bdb470410c8211d09f68	11587	100644	8dd1bc1069b5309f25764c8c34311710dadd94b9	83941bc80ce9ec08840b0645d9b33e8018d5309a	100644	8dd1bc1069b5309f25764c8c34311710dadd94b9	sealed_sha256_size_and_both_git_trees_match
/home/morgana/.codex/worktrees/assembled-allied-ai/orcs-vs-Fairies/work/ai-save401-final-453c221-r1	453c2218af9973b9eca8fb78392435bd9d46a740	dist/assets/undead-spear-0.png	330603	e4c1c949b2c59de091bec82234c01d5afc505baf03f8a7c7894309ea80014107	bf8ed2449d14c0f3bcf00d32af4ca831885c08212be96fecc96ebd8d581ee681	source_backed_public_duplicate	index_in_future_derivative_only	Sealed source asset SHA256 and bytes match this dist entry; old and new Git tree blob, mode and bytes match.	envelopes/build-web/source-before.json	eb414c0a5c82b49110c36e83c8fad83e16c35ff886560d1116511a334b52c910	public/assets/undead-spear-0.png	e4c1c949b2c59de091bec82234c01d5afc505baf03f8a7c7894309ea80014107	330603	100644	19fd2439ad870412239bbf408ffe12c45d580336	83941bc80ce9ec08840b0645d9b33e8018d5309a	100644	19fd2439ad870412239bbf408ffe12c45d580336	sealed_sha256_size_and_both_git_trees_match
/home/morgana/.codex/worktrees/assembled-allied-ai/orcs-vs-Fairies/work/ai-save401-final-453c221-r1	453c2218af9973b9eca8fb78392435bd9d46a740	dist/assets/undead-spear-1.json	11654	b4bbd801590fac0a776912a7fa33a83cb66fea10451c574438edeaacd201c468	bf8ed2449d14c0f3bcf00d32af4ca831885c08212be96fecc96ebd8d581ee681	source_backed_public_duplicate	index_in_future_derivative_only	Sealed source asset SHA256 and bytes match this dist entry; old and new Git tree blob, mode and bytes match.	envelopes/build-web/source-before.json	eb414c0a5c82b49110c36e83c8fad83e16c35ff886560d1116511a334b52c910	public/assets/undead-spear-1.json	b4bbd801590fac0a776912a7fa33a83cb66fea10451c574438edeaacd201c468	11654	100644	63b2af9a6e8e0a762c44fcf3c618c589364c1bae	83941bc80ce9ec08840b0645d9b33e8018d5309a	100644	63b2af9a6e8e0a762c44fcf3c618c589364c1bae	sealed_sha256_size_and_both_git_trees_match
/home/morgana/.codex/worktrees/assembled-allied-ai/orcs-vs-Fairies/work/ai-save401-final-453c221-r1	453c2218af9973b9eca8fb78392435bd9d46a740	dist/assets/undead-spear-1.png	303164	04503af6f842f4064f639a4a1997950877fc3694fa0f65a480444fd749fae72c	bf8ed2449d14c0f3bcf00d32af4ca831885c08212be96fecc96ebd8d581ee681	source_backed_public_duplicate	index_in_future_derivative_only	Sealed source asset SHA256 and bytes match this dist entry; old and new Git tree blob, mode and bytes match.	envelopes/build-web/source-before.json	eb414c0a5c82b49110c36e83c8fad83e16c35ff886560d1116511a334b52c910	public/assets/undead-spear-1.png	04503af6f842f4064f639a4a1997950877fc3694fa0f65a480444fd749fae72c	303164	100644	8a70ef4e1443485f1276f107e1c6f25358a66712	83941bc80ce9ec08840b0645d9b33e8018d5309a	100644	8a70ef4e1443485f1276f107e1c6f25358a66712	sealed_sha256_size_and_both_git_trees_match
/home/morgana/.codex/worktrees/assembled-allied-ai/orcs-vs-Fairies/work/ai-save401-final-453c221-r1	453c2218af9973b9eca8fb78392435bd9d46a740	dist/assets/undead-spear-2.json	11661	6ed684aaae2f992a53468d068d47e3cbd979d240861c7b6ea4f0ec66f2279479	bf8ed2449d14c0f3bcf00d32af4ca831885c08212be96fecc96ebd8d581ee681	source_backed_public_duplicate	index_in_future_derivative_only	Sealed source asset SHA256 and bytes match this dist entry; old and new Git tree blob, mode and bytes match.	envelopes/build-web/source-before.json	eb414c0a5c82b49110c36e83c8fad83e16c35ff886560d1116511a334b52c910	public/assets/undead-spear-2.json	6ed684aaae2f992a53468d068d47e3cbd979d240861c7b6ea4f0ec66f2279479	11661	100644	8c7520d582986be177e11782b157ab5b5c7c58e7	83941bc80ce9ec08840b0645d9b33e8018d5309a	100644	8c7520d582986be177e11782b157ab5b5c7c58e7	sealed_sha256_size_and_both_git_trees_match
/home/morgana/.codex/worktrees/assembled-allied-ai/orcs-vs-Fairies/work/ai-save401-final-453c221-r1	453c2218af9973b9eca8fb78392435bd9d46a740	dist/assets/undead-spear-2.png	456314	a8f5b21a7f2f92c0b1ec8b30c774275daede2d8825b97248b2c5ad331071bdb8	bf8ed2449d14c0f3bcf00d32af4ca831885c08212be96fecc96ebd8d581ee681	source_backed_public_duplicate	index_in_future_derivative_only	Sealed source asset SHA256 and bytes match this dist entry; old and new Git tree blob, mode and bytes match.	envelopes/build-web/source-before.json	eb414c0a5c82b49110c36e83c8fad83e16c35ff886560d1116511a334b52c910	public/assets/undead-spear-2.png	a8f5b21a7f2f92c0b1ec8b30c774275daede2d8825b97248b2c5ad331071bdb8	456314	100644	099c4e86dc6832cbaa2e5a0c3d405b808ce5a075	83941bc80ce9ec08840b0645d9b33e8018d5309a	100644	099c4e86dc6832cbaa2e5a0c3d405b808ce5a075	sealed_sha256_size_and_both_git_trees_match
/home/morgana/.codex/worktrees/assembled-allied-ai/orcs-vs-Fairies/work/ai-save401-final-453c221-r1	453c2218af9973b9eca8fb78392435bd9d46a740	dist/assets/undead-special-0.json	18189	ed443e105ca0a0cb3e6c02bf5a66c70232feba874a414a8992f1de7414e4ebb6	bf8ed2449d14c0f3bcf00d32af4ca831885c08212be96fecc96ebd8d581ee681	source_backed_public_duplicate	index_in_future_derivative_only	Sealed source asset SHA256 and bytes match this dist entry; old and new Git tree blob, mode and bytes match.	envelopes/build-web/source-before.json	eb414c0a5c82b49110c36e83c8fad83e16c35ff886560d1116511a334b52c910	public/assets/undead-special-0.json	ed443e105ca0a0cb3e6c02bf5a66c70232feba874a414a8992f1de7414e4ebb6	18189	100644	86ea6f184035b6ad3ca3a94e3a4b4b2ed44cfa67	83941bc80ce9ec08840b0645d9b33e8018d5309a	100644	86ea6f184035b6ad3ca3a94e3a4b4b2ed44cfa67	sealed_sha256_size_and_both_git_trees_match
/home/morgana/.codex/worktrees/assembled-allied-ai/orcs-vs-Fairies/work/ai-save401-final-453c221-r1	453c2218af9973b9eca8fb78392435bd9d46a740	dist/assets/undead-special-0.png	537734	60a28b98fec7aed26ff518996e77960248d14e5a28c1ee84f6287a12ecf71baa	bf8ed2449d14c0f3bcf00d32af4ca831885c08212be96fecc96ebd8d581ee681	source_backed_public_duplicate	index_in_future_derivative_only	Sealed source asset SHA256 and bytes match this dist entry; old and new Git tree blob, mode and bytes match.	envelopes/build-web/source-before.json	eb414c0a5c82b49110c36e83c8fad83e16c35ff886560d1116511a334b52c910	public/assets/undead-special-0.png	60a28b98fec7aed26ff518996e77960248d14e5a28c1ee84f6287a12ecf71baa	537734	100644	c4d42a3e1a8fb67df6b19bfe3e61be73916f8e3b	83941bc80ce9ec08840b0645d9b33e8018d5309a	100644	c4d42a3e1a8fb67df6b19bfe3e61be73916f8e3b	sealed_sha256_size_and_both_git_trees_match
/home/morgana/.codex/worktrees/assembled-allied-ai/orcs-vs-Fairies/work/ai-save401-final-453c221-r1	453c2218af9973b9eca8fb78392435bd9d46a740	dist/assets/undead-special-1.json	16866	8431c3f14ba3ed28e7d12dc50334b6ec71489e1ff6fd7cc3f0eb5bf494d4b797	bf8ed2449d14c0f3bcf00d32af4ca831885c08212be96fecc96ebd8d581ee681	source_backed_public_duplicate	index_in_future_derivative_only	Sealed source asset SHA256 and bytes match this dist entry; old and new Git tree blob, mode and bytes match.	envelopes/build-web/source-before.json	eb414c0a5c82b49110c36e83c8fad83e16c35ff886560d1116511a334b52c910	public/assets/undead-special-1.json	8431c3f14ba3ed28e7d12dc50334b6ec71489e1ff6fd7cc3f0eb5bf494d4b797	16866	100644	5cbcb1379cbec908ac37a764080a33ef16baa8c0	83941bc80ce9ec08840b0645d9b33e8018d5309a	100644	5cbcb1379cbec908ac37a764080a33ef16baa8c0	sealed_sha256_size_and_both_git_trees_match
/home/morgana/.codex/worktrees/assembled-allied-ai/orcs-vs-Fairies/work/ai-save401-final-453c221-r1	453c2218af9973b9eca8fb78392435bd9d46a740	dist/assets/undead-special-1.png	571481	3725edc2e0f96836511af472e30da6814bd4fc6e88f61ffe379827a0e25aaa68	bf8ed2449d14c0f3bcf00d32af4ca831885c08212be96fecc96ebd8d581ee681	source_backed_public_duplicate	index_in_future_derivative_only	Sealed source asset SHA256 and bytes match this dist entry; old and new Git tree blob, mode and bytes match.	envelopes/build-web/source-before.json	eb414c0a5c82b49110c36e83c8fad83e16c35ff886560d1116511a334b52c910	public/assets/undead-special-1.png	3725edc2e0f96836511af472e30da6814bd4fc6e88f61ffe379827a0e25aaa68	571481	100644	45becc3ca65f9ae4ad3249b10cec351c68d83f38	83941bc80ce9ec08840b0645d9b33e8018d5309a	100644	45becc3ca65f9ae4ad3249b10cec351c68d83f38	sealed_sha256_size_and_both_git_trees_match
/home/morgana/.codex/worktrees/assembled-allied-ai/orcs-vs-Fairies/work/ai-save401-final-453c221-r1	453c2218af9973b9eca8fb78392435bd9d46a740	dist/assets/undead-tower-0.json	1041	446e9d3a6e5311b4bbf00c8b59d0383351a7424a191248573ba9a7d0c1b7bc24	bf8ed2449d14c0f3bcf00d32af4ca831885c08212be96fecc96ebd8d581ee681	source_backed_public_duplicate	index_in_future_derivative_only	Sealed source asset SHA256 and bytes match this dist entry; old and new Git tree blob, mode and bytes match.	envelopes/build-web/source-before.json	eb414c0a5c82b49110c36e83c8fad83e16c35ff886560d1116511a334b52c910	public/assets/undead-tower-0.json	446e9d3a6e5311b4bbf00c8b59d0383351a7424a191248573ba9a7d0c1b7bc24	1041	100644	74937c4e1c0d6b823c1d3e2d3f827475b95b6cb2	83941bc80ce9ec08840b0645d9b33e8018d5309a	100644	74937c4e1c0d6b823c1d3e2d3f827475b95b6cb2	sealed_sha256_size_and_both_git_trees_match
/home/morgana/.codex/worktrees/assembled-allied-ai/orcs-vs-Fairies/work/ai-save401-final-453c221-r1	453c2218af9973b9eca8fb78392435bd9d46a740	dist/assets/undead-tower-0.png	118768	be9813d4079fe4257ec8acb67336e0b93615ff0d87cd72275946bec97024a6c4	bf8ed2449d14c0f3bcf00d32af4ca831885c08212be96fecc96ebd8d581ee681	source_backed_public_duplicate	index_in_future_derivative_only	Sealed source asset SHA256 and bytes match this dist entry; old and new Git tree blob, mode and bytes match.	envelopes/build-web/source-before.json	eb414c0a5c82b49110c36e83c8fad83e16c35ff886560d1116511a334b52c910	public/assets/undead-tower-0.png	be9813d4079fe4257ec8acb67336e0b93615ff0d87cd72275946bec97024a6c4	118768	100644	b33af89cf071fcb5490ef4b852dbdb1f9a1e37ab	83941bc80ce9ec08840b0645d9b33e8018d5309a	100644	b33af89cf071fcb5490ef4b852dbdb1f9a1e37ab	sealed_sha256_size_and_both_git_trees_match
/home/morgana/.codex/worktrees/assembled-allied-ai/orcs-vs-Fairies/work/ai-save401-final-453c221-r1	453c2218af9973b9eca8fb78392435bd9d46a740	dist/assets/undead-wall-0.json	1021	f4621481c271671434bb25124242a8575e399842da4a26071c175b51fb184e02	bf8ed2449d14c0f3bcf00d32af4ca831885c08212be96fecc96ebd8d581ee681	source_backed_public_duplicate	index_in_future_derivative_only	Sealed source asset SHA256 and bytes match this dist entry; old and new Git tree blob, mode and bytes match.	envelopes/build-web/source-before.json	eb414c0a5c82b49110c36e83c8fad83e16c35ff886560d1116511a334b52c910	public/assets/undead-wall-0.json	f4621481c271671434bb25124242a8575e399842da4a26071c175b51fb184e02	1021	100644	a84e06b2882f3c5f1652afbeb17fa835076aee3f	83941bc80ce9ec08840b0645d9b33e8018d5309a	100644	a84e06b2882f3c5f1652afbeb17fa835076aee3f	sealed_sha256_size_and_both_git_trees_match
/home/morgana/.codex/worktrees/assembled-allied-ai/orcs-vs-Fairies/work/ai-save401-final-453c221-r1	453c2218af9973b9eca8fb78392435bd9d46a740	dist/assets/undead-wall-0.png	53024	964de25ccf50a09ee507597beb2f2bbaee7c452cec94f43ba6cad5bede7ef6f8	bf8ed2449d14c0f3bcf00d32af4ca831885c08212be96fecc96ebd8d581ee681	source_backed_public_duplicate	index_in_future_derivative_only	Sealed source asset SHA256 and bytes match this dist entry; old and new Git tree blob, mode and bytes match.	envelopes/build-web/source-before.json	eb414c0a5c82b49110c36e83c8fad83e16c35ff886560d1116511a334b52c910	public/assets/undead-wall-0.png	964de25ccf50a09ee507597beb2f2bbaee7c452cec94f43ba6cad5bede7ef6f8	53024	100644	0b32cf7334fb91849e8ca4a4b18717a70d8e21c7	83941bc80ce9ec08840b0645d9b33e8018d5309a	100644	0b32cf7334fb91849e8ca4a4b18717a70d8e21c7	sealed_sha256_size_and_both_git_trees_match
/home/morgana/.codex/worktrees/assembled-allied-ai/orcs-vs-Fairies/work/ai-save401-final-453c221-r1	453c2218af9973b9eca8fb78392435bd9d46a740	dist/assets/undead-worker-0.json	17998	8ab259904abf20816c7387ff7eba6f6e6b03ef0d479f6639c2eadd030242f335	bf8ed2449d14c0f3bcf00d32af4ca831885c08212be96fecc96ebd8d581ee681	source_backed_public_duplicate	index_in_future_derivative_only	Sealed source asset SHA256 and bytes match this dist entry; old and new Git tree blob, mode and bytes match.	envelopes/build-web/source-before.json	eb414c0a5c82b49110c36e83c8fad83e16c35ff886560d1116511a334b52c910	public/assets/undead-worker-0.json	8ab259904abf20816c7387ff7eba6f6e6b03ef0d479f6639c2eadd030242f335	17998	100644	7552fb69cbfb1412641150cead0c47f3c7f6e1db	83941bc80ce9ec08840b0645d9b33e8018d5309a	100644	7552fb69cbfb1412641150cead0c47f3c7f6e1db	sealed_sha256_size_and_both_git_trees_match
/home/morgana/.codex/worktrees/assembled-allied-ai/orcs-vs-Fairies/work/ai-save401-final-453c221-r1	453c2218af9973b9eca8fb78392435bd9d46a740	dist/assets/undead-worker-0.png	426068	750efbb89cda3f5da0e9521e19c5963568bcc5d65b2d85d6ab9ef6b92e4c5ab6	bf8ed2449d14c0f3bcf00d32af4ca831885c08212be96fecc96ebd8d581ee681	source_backed_public_duplicate	index_in_future_derivative_only	Sealed source asset SHA256 and bytes match this dist entry; old and new Git tree blob, mode and bytes match.	envelopes/build-web/source-before.json	eb414c0a5c82b49110c36e83c8fad83e16c35ff886560d1116511a334b52c910	public/assets/undead-worker-0.png	750efbb89cda3f5da0e9521e19c5963568bcc5d65b2d85d6ab9ef6b92e4c5ab6	426068	100644	993dde098112c00d70c51ae4fe4aec950e8f684f	83941bc80ce9ec08840b0645d9b33e8018d5309a	100644	993dde098112c00d70c51ae4fe4aec950e8f684f	sealed_sha256_size_and_both_git_trees_match
/home/morgana/.codex/worktrees/assembled-allied-ai/orcs-vs-Fairies/work/ai-save401-final-453c221-r1	453c2218af9973b9eca8fb78392435bd9d46a740	dist/assets/undead-worker-1.json	16701	d1a0ab24ba8d06b2039ff74e0f646e7ff55d2a941f8ef5fc789edcf06698ce4f	bf8ed2449d14c0f3bcf00d32af4ca831885c08212be96fecc96ebd8d581ee681	source_backed_public_duplicate	index_in_future_derivative_only	Sealed source asset SHA256 and bytes match this dist entry; old and new Git tree blob, mode and bytes match.	envelopes/build-web/source-before.json	eb414c0a5c82b49110c36e83c8fad83e16c35ff886560d1116511a334b52c910	public/assets/undead-worker-1.json	d1a0ab24ba8d06b2039ff74e0f646e7ff55d2a941f8ef5fc789edcf06698ce4f	16701	100644	094ae7238c22246f02b2ec5c59231bf24202f4c5	83941bc80ce9ec08840b0645d9b33e8018d5309a	100644	094ae7238c22246f02b2ec5c59231bf24202f4c5	sealed_sha256_size_and_both_git_trees_match
/home/morgana/.codex/worktrees/assembled-allied-ai/orcs-vs-Fairies/work/ai-save401-final-453c221-r1	453c2218af9973b9eca8fb78392435bd9d46a740	dist/assets/undead-worker-1.png	479862	bb843792d4e028c7aceb3d6fc88032ce4c19de7c8547a5a1738081f04511943d	bf8ed2449d14c0f3bcf00d32af4ca831885c08212be96fecc96ebd8d581ee681	source_backed_public_duplicate	index_in_future_derivative_only	Sealed source asset SHA256 and bytes match this dist entry; old and new Git tree blob, mode and bytes match.	envelopes/build-web/source-before.json	eb414c0a5c82b49110c36e83c8fad83e16c35ff886560d1116511a334b52c910	public/assets/undead-worker-1.png	bb843792d4e028c7aceb3d6fc88032ce4c19de7c8547a5a1738081f04511943d	479862	100644	0966ca74872c8d972ad828b47062954ecefe10e0	83941bc80ce9ec08840b0645d9b33e8018d5309a	100644	0966ca74872c8d972ad828b47062954ecefe10e0	sealed_sha256_size_and_both_git_trees_match
/home/morgana/.codex/worktrees/assembled-allied-ai/orcs-vs-Fairies/work/ai-save401-final-453c221-r1	453c2218af9973b9eca8fb78392435bd9d46a740	dist/editor.html	454	a7bbacac06e0bcefd1943c8dad3c77094ea8db0ff76b82d7ba9779cdde3536e7	bf8ed2449d14c0f3bcf00d32af4ca831885c08212be96fecc96ebd8d581ee681	generated_web_build	retain_actual_bytes	Retain generated output bytes; a new build is not proof of byte equality.											actual_bytes_required
/home/morgana/.codex/worktrees/assembled-allied-ai/orcs-vs-Fairies/work/ai-save401-final-453c221-r1	453c2218af9973b9eca8fb78392435bd9d46a740	dist/favicon.ico	32038	5e0bf0f72488bc693d779cd7a3ebc7fdfca8db9916a6e3e0811fff59113253c2	bf8ed2449d14c0f3bcf00d32af4ca831885c08212be96fecc96ebd8d581ee681	source_backed_public_duplicate	index_in_future_derivative_only	Sealed source asset SHA256 and bytes match this dist entry; old and new Git tree blob, mode and bytes match.	envelopes/build-web/source-before.json	eb414c0a5c82b49110c36e83c8fad83e16c35ff886560d1116511a334b52c910	public/favicon.ico	5e0bf0f72488bc693d779cd7a3ebc7fdfca8db9916a6e3e0811fff59113253c2	32038	100644	82fa500660fbf8a022166b806cb5cdb372ad83d5	83941bc80ce9ec08840b0645d9b33e8018d5309a	100644	82fa500660fbf8a022166b806cb5cdb372ad83d5	sealed_sha256_size_and_both_git_trees_match
/home/morgana/.codex/worktrees/assembled-allied-ai/orcs-vs-Fairies/work/ai-save401-final-453c221-r1	453c2218af9973b9eca8fb78392435bd9d46a740	dist/index.html	500	353c0f8eeb0eb9e7707b470a151c2852148179ee4604fe49dc65f25d07e56a39	bf8ed2449d14c0f3bcf00d32af4ca831885c08212be96fecc96ebd8d581ee681	generated_web_build	retain_actual_bytes	Retain generated output bytes; a new build is not proof of byte equality.											actual_bytes_required
/home/morgana/.codex/worktrees/assembled-allied-ai/orcs-vs-Fairies/work/ai-save401-final-453c221-r1	453c2218af9973b9eca8fb78392435bd9d46a740	dist/mods/lantern/banner.svg	3298	38ad6913b00fa37c4bd623fd2326de5c0a53c48325132701edeab6638d1b2dde	bf8ed2449d14c0f3bcf00d32af4ca831885c08212be96fecc96ebd8d581ee681	source_backed_public_duplicate	index_in_future_derivative_only	Sealed source asset SHA256 and bytes match this dist entry; old and new Git tree blob, mode and bytes match.	envelopes/build-web/source-before.json	eb414c0a5c82b49110c36e83c8fad83e16c35ff886560d1116511a334b52c910	public/mods/lantern/banner.svg	38ad6913b00fa37c4bd623fd2326de5c0a53c48325132701edeab6638d1b2dde	3298	100644	1a27c567ffa6857583350f919cd138301ac5bbf9	83941bc80ce9ec08840b0645d9b33e8018d5309a	100644	1a27c567ffa6857583350f919cd138301ac5bbf9	sealed_sha256_size_and_both_git_trees_match
/home/morgana/.codex/worktrees/assembled-allied-ai/orcs-vs-Fairies/work/ai-save401-final-453c221-r1	453c2218af9973b9eca8fb78392435bd9d46a740	dist/mods/lantern/duelist.svg	4022	aa5b231f3114661719024cdd582e8fe43cc7373a35d8f648acc9956ad8ca3734	bf8ed2449d14c0f3bcf00d32af4ca831885c08212be96fecc96ebd8d581ee681	source_backed_public_duplicate	index_in_future_derivative_only	Sealed source asset SHA256 and bytes match this dist entry; old and new Git tree blob, mode and bytes match.	envelopes/build-web/source-before.json	eb414c0a5c82b49110c36e83c8fad83e16c35ff886560d1116511a334b52c910	public/mods/lantern/duelist.svg	aa5b231f3114661719024cdd582e8fe43cc7373a35d8f648acc9956ad8ca3734	4022	100644	e0aea9357eb34b8e36b12a3df5728dbd4eeabca7	83941bc80ce9ec08840b0645d9b33e8018d5309a	100644	e0aea9357eb34b8e36b12a3df5728dbd4eeabca7	sealed_sha256_size_and_both_git_trees_match
/home/morgana/.codex/worktrees/assembled-allied-ai/orcs-vs-Fairies/work/ai-save401-final-453c221-r1	453c2218af9973b9eca8fb78392435bd9d46a740	dist/mods/lantern/manifest.json	16273	16aa9ffecf85b2268408b6ebf276d9a442e1fa15f9e91bdcdfe9219e2aa2e418	bf8ed2449d14c0f3bcf00d32af4ca831885c08212be96fecc96ebd8d581ee681	source_backed_public_duplicate	index_in_future_derivative_only	Sealed source asset SHA256 and bytes match this dist entry; old and new Git tree blob, mode and bytes match.	envelopes/build-web/source-before.json	eb414c0a5c82b49110c36e83c8fad83e16c35ff886560d1116511a334b52c910	public/mods/lantern/manifest.json	16aa9ffecf85b2268408b6ebf276d9a442e1fa15f9e91bdcdfe9219e2aa2e418	16273	100644	7d4e4fcc9043a4dceef066b495c575d3efabe0cb	83941bc80ce9ec08840b0645d9b33e8018d5309a	100644	7d4e4fcc9043a4dceef066b495c575d3efabe0cb	sealed_sha256_size_and_both_git_trees_match
/home/morgana/.codex/worktrees/assembled-allied-ai/orcs-vs-Fairies/work/ai-save401-final-453c221-r1	453c2218af9973b9eca8fb78392435bd9d46a740	dist/mods/lantern/sentinel.svg	4490	691d89942ef0a41ae1eaff2e5e9c6df280b11b454313937f8b3747a1eedcec26	bf8ed2449d14c0f3bcf00d32af4ca831885c08212be96fecc96ebd8d581ee681	source_backed_public_duplicate	index_in_future_derivative_only	Sealed source asset SHA256 and bytes match this dist entry; old and new Git tree blob, mode and bytes match.	envelopes/build-web/source-before.json	eb414c0a5c82b49110c36e83c8fad83e16c35ff886560d1116511a334b52c910	public/mods/lantern/sentinel.svg	691d89942ef0a41ae1eaff2e5e9c6df280b11b454313937f8b3747a1eedcec26	4490	100644	50318d0ccc990a7e007191f1304a2eba48cf33dc	83941bc80ce9ec08840b0645d9b33e8018d5309a	100644	50318d0ccc990a7e007191f1304a2eba48cf33dc	sealed_sha256_size_and_both_git_trees_match
/home/morgana/.codex/worktrees/assembled-allied-ai/orcs-vs-Fairies/work/ai-save401-final-453c221-r1	453c2218af9973b9eca8fb78392435bd9d46a740	envelopes/allied-ui/artifacts.json	3376	5260453cfe7f322489c870bd35d02605136de5ebe8fe2dbc9587c7f40b7297e0	bf8ed2449d14c0f3bcf00d32af4ca831885c08212be96fecc96ebd8d581ee681	sealed_run_envelopes_inventories	retain_actual_bytes	Retain envelope bytes, source/build/package inventory records, logs, wrappers and run results, including repeated records.											actual_bytes_required
/home/morgana/.codex/worktrees/assembled-allied-ai/orcs-vs-Fairies/work/ai-save401-final-453c221-r1	453c2218af9973b9eca8fb78392435bd9d46a740	envelopes/allied-ui/build-after.json	154961	98cc6de5759dbe2aee3df596f39f38fc7400f22bdabad3d3ba1bdde907e6ce6d	bf8ed2449d14c0f3bcf00d32af4ca831885c08212be96fecc96ebd8d581ee681	sealed_run_envelopes_inventories	retain_actual_bytes	Retain envelope bytes, source/build/package inventory records, logs, wrappers and run results, including repeated records.											actual_bytes_required
/home/morgana/.codex/worktrees/assembled-allied-ai/orcs-vs-Fairies/work/ai-save401-final-453c221-r1	453c2218af9973b9eca8fb78392435bd9d46a740	envelopes/allied-ui/build-before.json	154961	98cc6de5759dbe2aee3df596f39f38fc7400f22bdabad3d3ba1bdde907e6ce6d	bf8ed2449d14c0f3bcf00d32af4ca831885c08212be96fecc96ebd8d581ee681	sealed_run_envelopes_inventories	retain_actual_bytes	Retain envelope bytes, source/build/package inventory records, logs, wrappers and run results, including repeated records.											actual_bytes_required
/home/morgana/.codex/worktrees/assembled-allied-ai/orcs-vs-Fairies/work/ai-save401-final-453c221-r1	453c2218af9973b9eca8fb78392435bd9d46a740	envelopes/allied-ui/manifest.json	1412	f6e52eeacd2596c1aead0c7c6ae54fe730b9e305b3dcfa0463d2832808be6354	bf8ed2449d14c0f3bcf00d32af4ca831885c08212be96fecc96ebd8d581ee681	sealed_run_envelopes_inventories	retain_actual_bytes	Retain envelope bytes, source/build/package inventory records, logs, wrappers and run results, including repeated records.											actual_bytes_required
/home/morgana/.codex/worktrees/assembled-allied-ai/orcs-vs-Fairies/work/ai-save401-final-453c221-r1	453c2218af9973b9eca8fb78392435bd9d46a740	envelopes/allied-ui/proof-envelope.mjs	10509	bb8c80fc33ca6a25e044a5df60350030bb2177461d265025b9bfcffcdc3a1cd2	bf8ed2449d14c0f3bcf00d32af4ca831885c08212be96fecc96ebd8d581ee681	sealed_run_envelopes_inventories	retain_actual_bytes	Retain envelope bytes, source/build/package inventory records, logs, wrappers and run results, including repeated records.											actual_bytes_required
/home/morgana/.codex/worktrees/assembled-allied-ai/orcs-vs-Fairies/work/ai-save401-final-453c221-r1	453c2218af9973b9eca8fb78392435bd9d46a740	envelopes/allied-ui/run.json	2788	757bc1d1e0615867e00dc8e7b051438668bd887ef046bf63b651b4a166ac734a	bf8ed2449d14c0f3bcf00d32af4ca831885c08212be96fecc96ebd8d581ee681	sealed_run_envelopes_inventories	retain_actual_bytes	Retain envelope bytes, source/build/package inventory records, logs, wrappers and run results, including repeated records.											actual_bytes_required
/home/morgana/.codex/worktrees/assembled-allied-ai/orcs-vs-Fairies/work/ai-save401-final-453c221-r1	453c2218af9973b9eca8fb78392435bd9d46a740	envelopes/allied-ui/source-after.json	128449	eb414c0a5c82b49110c36e83c8fad83e16c35ff886560d1116511a334b52c910	bf8ed2449d14c0f3bcf00d32af4ca831885c08212be96fecc96ebd8d581ee681	sealed_run_envelopes_inventories	retain_actual_bytes	Retain envelope bytes, source/build/package inventory records, logs, wrappers and run results, including repeated records.											actual_bytes_required
/home/morgana/.codex/worktrees/assembled-allied-ai/orcs-vs-Fairies/work/ai-save401-final-453c221-r1	453c2218af9973b9eca8fb78392435bd9d46a740	envelopes/allied-ui/source-before.json	128449	eb414c0a5c82b49110c36e83c8fad83e16c35ff886560d1116511a334b52c910	bf8ed2449d14c0f3bcf00d32af4ca831885c08212be96fecc96ebd8d581ee681	sealed_run_envelopes_inventories	retain_actual_bytes	Retain envelope bytes, source/build/package inventory records, logs, wrappers and run results, including repeated records.											actual_bytes_required
/home/morgana/.codex/worktrees/assembled-allied-ai/orcs-vs-Fairies/work/ai-save401-final-453c221-r1	453c2218af9973b9eca8fb78392435bd9d46a740	envelopes/allied-ui/stderr.log	4106	5ff6ad771f16c8d40fb2bc439064b9e8d02b1a0acafe1a25c8e9a8e052d4c6d6	bf8ed2449d14c0f3bcf00d32af4ca831885c08212be96fecc96ebd8d581ee681	sealed_run_envelopes_inventories	retain_actual_bytes	Retain envelope bytes, source/build/package inventory records, logs, wrappers and run results, including repeated records.											actual_bytes_required
/home/morgana/.codex/worktrees/assembled-allied-ai/orcs-vs-Fairies/work/ai-save401-final-453c221-r1	453c2218af9973b9eca8fb78392435bd9d46a740	envelopes/allied-ui/stdout.log	5278	91578a4cd51cc4ee3995c61a26e558e2bbb7a2d7c042abd330f078ad8fe4d952	bf8ed2449d14c0f3bcf00d32af4ca831885c08212be96fecc96ebd8d581ee681	sealed_run_envelopes_inventories	retain_actual_bytes	Retain envelope bytes, source/build/package inventory records, logs, wrappers and run results, including repeated records.											actual_bytes_required
/home/morgana/.codex/worktrees/assembled-allied-ai/orcs-vs-Fairies/work/ai-save401-final-453c221-r1	453c2218af9973b9eca8fb78392435bd9d46a740	envelopes/build-server/artifacts.json	475	8ec5771b98686eb4e9fe731813af9cf2a7ce3c51acdff612955121298dfd5498	bf8ed2449d14c0f3bcf00d32af4ca831885c08212be96fecc96ebd8d581ee681	sealed_run_envelopes_inventories	retain_actual_bytes	Retain envelope bytes, source/build/package inventory records, logs, wrappers and run results, including repeated records.											actual_bytes_required
/home/morgana/.codex/worktrees/assembled-allied-ai/orcs-vs-Fairies/work/ai-save401-final-453c221-r1	453c2218af9973b9eca8fb78392435bd9d46a740	envelopes/build-server/build-after.json	183	ac2d5f78c229f183e0dc5f094023a0219a37bccb167e9aca089c945099219d75	bf8ed2449d14c0f3bcf00d32af4ca831885c08212be96fecc96ebd8d581ee681	sealed_run_envelopes_inventories	retain_actual_bytes	Retain envelope bytes, source/build/package inventory records, logs, wrappers and run results, including repeated records.											actual_bytes_required
/home/morgana/.codex/worktrees/assembled-allied-ai/orcs-vs-Fairies/work/ai-save401-final-453c221-r1	453c2218af9973b9eca8fb78392435bd9d46a740	envelopes/build-server/build-before.json	183	ac2d5f78c229f183e0dc5f094023a0219a37bccb167e9aca089c945099219d75	bf8ed2449d14c0f3bcf00d32af4ca831885c08212be96fecc96ebd8d581ee681	sealed_run_envelopes_inventories	retain_actual_bytes	Retain envelope bytes, source/build/package inventory records, logs, wrappers and run results, including repeated records.											actual_bytes_required
/home/morgana/.codex/worktrees/assembled-allied-ai/orcs-vs-Fairies/work/ai-save401-final-453c221-r1	453c2218af9973b9eca8fb78392435bd9d46a740	envelopes/build-server/manifest.json	1399	37105b1380f5ee6b740f97b699958d393fb36a2f224a3142cd23abe05e1283f3	bf8ed2449d14c0f3bcf00d32af4ca831885c08212be96fecc96ebd8d581ee681	sealed_run_envelopes_inventories	retain_actual_bytes	Retain envelope bytes, source/build/package inventory records, logs, wrappers and run results, including repeated records.											actual_bytes_required
/home/morgana/.codex/worktrees/assembled-allied-ai/orcs-vs-Fairies/work/ai-save401-final-453c221-r1	453c2218af9973b9eca8fb78392435bd9d46a740	envelopes/build-server/proof-envelope.mjs	10509	bb8c80fc33ca6a25e044a5df60350030bb2177461d265025b9bfcffcdc3a1cd2	bf8ed2449d14c0f3bcf00d32af4ca831885c08212be96fecc96ebd8d581ee681	sealed_run_envelopes_inventories	retain_actual_bytes	Retain envelope bytes, source/build/package inventory records, logs, wrappers and run results, including repeated records.											actual_bytes_required
/home/morgana/.codex/worktrees/assembled-allied-ai/orcs-vs-Fairies/work/ai-save401-final-453c221-r1	453c2218af9973b9eca8fb78392435bd9d46a740	envelopes/build-server/run.json	1083	7ff175fca45d3f315c9d3ac1ad85559464722658e88dcd3c1f3f311c7751550b	bf8ed2449d14c0f3bcf00d32af4ca831885c08212be96fecc96ebd8d581ee681	sealed_run_envelopes_inventories	retain_actual_bytes	Retain envelope bytes, source/build/package inventory records, logs, wrappers and run results, including repeated records.											actual_bytes_required
/home/morgana/.codex/worktrees/assembled-allied-ai/orcs-vs-Fairies/work/ai-save401-final-453c221-r1	453c2218af9973b9eca8fb78392435bd9d46a740	envelopes/build-server/source-after.json	128449	eb414c0a5c82b49110c36e83c8fad83e16c35ff886560d1116511a334b52c910	bf8ed2449d14c0f3bcf00d32af4ca831885c08212be96fecc96ebd8d581ee681	sealed_run_envelopes_inventories	retain_actual_bytes	Retain envelope bytes, source/build/package inventory records, logs, wrappers and run results, including repeated records.											actual_bytes_required
/home/morgana/.codex/worktrees/assembled-allied-ai/orcs-vs-Fairies/work/ai-save401-final-453c221-r1	453c2218af9973b9eca8fb78392435bd9d46a740	envelopes/build-server/source-before.json	128449	eb414c0a5c82b49110c36e83c8fad83e16c35ff886560d1116511a334b52c910	bf8ed2449d14c0f3bcf00d32af4ca831885c08212be96fecc96ebd8d581ee681	sealed_run_envelopes_inventories	retain_actual_bytes	Retain envelope bytes, source/build/package inventory records, logs, wrappers and run results, including repeated records.											actual_bytes_required
/home/morgana/.codex/worktrees/assembled-allied-ai/orcs-vs-Fairies/work/ai-save401-final-453c221-r1	453c2218af9973b9eca8fb78392435bd9d46a740	envelopes/build-server/stderr.log	0	e3b0c44298fc1c149afbf4c8996fb92427ae41e4649b934ca495991b7852b855	bf8ed2449d14c0f3bcf00d32af4ca831885c08212be96fecc96ebd8d581ee681	sealed_run_envelopes_inventories	retain_actual_bytes	Retain envelope bytes, source/build/package inventory records, logs, wrappers and run results, including repeated records.											actual_bytes_required
/home/morgana/.codex/worktrees/assembled-allied-ai/orcs-vs-Fairies/work/ai-save401-final-453c221-r1	453c2218af9973b9eca8fb78392435bd9d46a740	envelopes/build-server/stdout.log	0	e3b0c44298fc1c149afbf4c8996fb92427ae41e4649b934ca495991b7852b855	bf8ed2449d14c0f3bcf00d32af4ca831885c08212be96fecc96ebd8d581ee681	sealed_run_envelopes_inventories	retain_actual_bytes	Retain envelope bytes, source/build/package inventory records, logs, wrappers and run results, including repeated records.											actual_bytes_required
/home/morgana/.codex/worktrees/assembled-allied-ai/orcs-vs-Fairies/work/ai-save401-final-453c221-r1	453c2218af9973b9eca8fb78392435bd9d46a740	envelopes/build-web/artifacts.json	59354	b6cbfeb1f23311b341ce2e27b7dc294e01fba79cff1fc3027fc0caeedd02b817	bf8ed2449d14c0f3bcf00d32af4ca831885c08212be96fecc96ebd8d581ee681	sealed_run_envelopes_inventories	retain_actual_bytes	Retain envelope bytes, source/build/package inventory records, logs, wrappers and run results, including repeated records.											actual_bytes_required
/home/morgana/.codex/worktrees/assembled-allied-ai/orcs-vs-Fairies/work/ai-save401-final-453c221-r1	453c2218af9973b9eca8fb78392435bd9d46a740	envelopes/build-web/build-after.json	183	ac2d5f78c229f183e0dc5f094023a0219a37bccb167e9aca089c945099219d75	bf8ed2449d14c0f3bcf00d32af4ca831885c08212be96fecc96ebd8d581ee681	sealed_run_envelopes_inventories	retain_actual_bytes	Retain envelope bytes, source/build/package inventory records, logs, wrappers and run results, including repeated records.											actual_bytes_required
/home/morgana/.codex/worktrees/assembled-allied-ai/orcs-vs-Fairies/work/ai-save401-final-453c221-r1	453c2218af9973b9eca8fb78392435bd9d46a740	envelopes/build-web/build-before.json	183	ac2d5f78c229f183e0dc5f094023a0219a37bccb167e9aca089c945099219d75	bf8ed2449d14c0f3bcf00d32af4ca831885c08212be96fecc96ebd8d581ee681	sealed_run_envelopes_inventories	retain_actual_bytes	Retain envelope bytes, source/build/package inventory records, logs, wrappers and run results, including repeated records.											actual_bytes_required
/home/morgana/.codex/worktrees/assembled-allied-ai/orcs-vs-Fairies/work/ai-save401-final-453c221-r1	453c2218af9973b9eca8fb78392435bd9d46a740	envelopes/build-web/manifest.json	1405	5c22b5a89d856e1b9920b76e4206776fcbf93b39b29350f8cb8dac3cc093c94d	bf8ed2449d14c0f3bcf00d32af4ca831885c08212be96fecc96ebd8d581ee681	sealed_run_envelopes_inventories	retain_actual_bytes	Retain envelope bytes, source/build/package inventory records, logs, wrappers and run results, including repeated records.											actual_bytes_required
/home/morgana/.codex/worktrees/assembled-allied-ai/orcs-vs-Fairies/work/ai-save401-final-453c221-r1	453c2218af9973b9eca8fb78392435bd9d46a740	envelopes/build-web/proof-envelope.mjs	10509	bb8c80fc33ca6a25e044a5df60350030bb2177461d265025b9bfcffcdc3a1cd2	bf8ed2449d14c0f3bcf00d32af4ca831885c08212be96fecc96ebd8d581ee681	sealed_run_envelopes_inventories	retain_actual_bytes	Retain envelope bytes, source/build/package inventory records, logs, wrappers and run results, including repeated records.											actual_bytes_required
/home/morgana/.codex/worktrees/assembled-allied-ai/orcs-vs-Fairies/work/ai-save401-final-453c221-r1	453c2218af9973b9eca8fb78392435bd9d46a740	envelopes/build-web/run.json	1107	563fd47c4afac83c3bc1b05146349ceb21deceeb64831447dd433cd5e1876d76	bf8ed2449d14c0f3bcf00d32af4ca831885c08212be96fecc96ebd8d581ee681	sealed_run_envelopes_inventories	retain_actual_bytes	Retain envelope bytes, source/build/package inventory records, logs, wrappers and run results, including repeated records.											actual_bytes_required
/home/morgana/.codex/worktrees/assembled-allied-ai/orcs-vs-Fairies/work/ai-save401-final-453c221-r1	453c2218af9973b9eca8fb78392435bd9d46a740	envelopes/build-web/source-after.json	128449	eb414c0a5c82b49110c36e83c8fad83e16c35ff886560d1116511a334b52c910	bf8ed2449d14c0f3bcf00d32af4ca831885c08212be96fecc96ebd8d581ee681	sealed_run_envelopes_inventories	retain_actual_bytes	Retain envelope bytes, source/build/package inventory records, logs, wrappers and run results, including repeated records.											actual_bytes_required
/home/morgana/.codex/worktrees/assembled-allied-ai/orcs-vs-Fairies/work/ai-save401-final-453c221-r1	453c2218af9973b9eca8fb78392435bd9d46a740	envelopes/build-web/source-before.json	128449	eb414c0a5c82b49110c36e83c8fad83e16c35ff886560d1116511a334b52c910	bf8ed2449d14c0f3bcf00d32af4ca831885c08212be96fecc96ebd8d581ee681	sealed_run_envelopes_inventories	retain_actual_bytes	Retain envelope bytes, source/build/package inventory records, logs, wrappers and run results, including repeated records.											actual_bytes_required
/home/morgana/.codex/worktrees/assembled-allied-ai/orcs-vs-Fairies/work/ai-save401-final-453c221-r1	453c2218af9973b9eca8fb78392435bd9d46a740	envelopes/build-web/stderr.log	333	edfe907c4600724e7ba86b847fdab6fd855668d7c30fa7555bdad493789215f6	bf8ed2449d14c0f3bcf00d32af4ca831885c08212be96fecc96ebd8d581ee681	sealed_run_envelopes_inventories	retain_actual_bytes	Retain envelope bytes, source/build/package inventory records, logs, wrappers and run results, including repeated records.											actual_bytes_required
/home/morgana/.codex/worktrees/assembled-allied-ai/orcs-vs-Fairies/work/ai-save401-final-453c221-r1	453c2218af9973b9eca8fb78392435bd9d46a740	envelopes/build-web/stdout.log	549	d18e09e8fe5f8bffbf50663cda23f5c24839f0d6926337a90aa10a9736cfb3ba	bf8ed2449d14c0f3bcf00d32af4ca831885c08212be96fecc96ebd8d581ee681	sealed_run_envelopes_inventories	retain_actual_bytes	Retain envelope bytes, source/build/package inventory records, logs, wrappers and run results, including repeated records.											actual_bytes_required
/home/morgana/.codex/worktrees/assembled-allied-ai/orcs-vs-Fairies/work/ai-save401-final-453c221-r1	453c2218af9973b9eca8fb78392435bd9d46a740	envelopes/coop-ui/artifacts.json	476	372f161ce94839f00875e6fec60bfc0fdb8f78e994f9f547e1b0f042c5021f8c	bf8ed2449d14c0f3bcf00d32af4ca831885c08212be96fecc96ebd8d581ee681	sealed_run_envelopes_inventories	retain_actual_bytes	Retain envelope bytes, source/build/package inventory records, logs, wrappers and run results, including repeated records.											actual_bytes_required
/home/morgana/.codex/worktrees/assembled-allied-ai/orcs-vs-Fairies/work/ai-save401-final-453c221-r1	453c2218af9973b9eca8fb78392435bd9d46a740	envelopes/coop-ui/build-after.json	154961	98cc6de5759dbe2aee3df596f39f38fc7400f22bdabad3d3ba1bdde907e6ce6d	bf8ed2449d14c0f3bcf00d32af4ca831885c08212be96fecc96ebd8d581ee681	sealed_run_envelopes_inventories	retain_actual_bytes	Retain envelope bytes, source/build/package inventory records, logs, wrappers and run results, including repeated records.											actual_bytes_required
/home/morgana/.codex/worktrees/assembled-allied-ai/orcs-vs-Fairies/work/ai-save401-final-453c221-r1	453c2218af9973b9eca8fb78392435bd9d46a740	envelopes/coop-ui/build-before.json	154961	98cc6de5759dbe2aee3df596f39f38fc7400f22bdabad3d3ba1bdde907e6ce6d	bf8ed2449d14c0f3bcf00d32af4ca831885c08212be96fecc96ebd8d581ee681	sealed_run_envelopes_inventories	retain_actual_bytes	Retain envelope bytes, source/build/package inventory records, logs, wrappers and run results, including repeated records.											actual_bytes_required
/home/morgana/.codex/worktrees/assembled-allied-ai/orcs-vs-Fairies/work/ai-save401-final-453c221-r1	453c2218af9973b9eca8fb78392435bd9d46a740	envelopes/coop-ui/manifest.json	1410	4f2960f292df8cb98d9615d4c811b79ca2260a136a7b3974e746df581bccb9cb	bf8ed2449d14c0f3bcf00d32af4ca831885c08212be96fecc96ebd8d581ee681	sealed_run_envelopes_inventories	retain_actual_bytes	Retain envelope bytes, source/build/package inventory records, logs, wrappers and run results, including repeated records.											actual_bytes_required
/home/morgana/.codex/worktrees/assembled-allied-ai/orcs-vs-Fairies/work/ai-save401-final-453c221-r1	453c2218af9973b9eca8fb78392435bd9d46a740	envelopes/coop-ui/proof-envelope.mjs	10509	bb8c80fc33ca6a25e044a5df60350030bb2177461d265025b9bfcffcdc3a1cd2	bf8ed2449d14c0f3bcf00d32af4ca831885c08212be96fecc96ebd8d581ee681	sealed_run_envelopes_inventories	retain_actual_bytes	Retain envelope bytes, source/build/package inventory records, logs, wrappers and run results, including repeated records.											actual_bytes_required
/home/morgana/.codex/worktrees/assembled-allied-ai/orcs-vs-Fairies/work/ai-save401-final-453c221-r1	453c2218af9973b9eca8fb78392435bd9d46a740	envelopes/coop-ui/run.json	3107	9dd2fc602d43208c6657baa18a64461ea830a94d20eb7446ea92026c313b9d49	bf8ed2449d14c0f3bcf00d32af4ca831885c08212be96fecc96ebd8d581ee681	sealed_run_envelopes_inventories	retain_actual_bytes	Retain envelope bytes, source/build/package inventory records, logs, wrappers and run results, including repeated records.											actual_bytes_required
/home/morgana/.codex/worktrees/assembled-allied-ai/orcs-vs-Fairies/work/ai-save401-final-453c221-r1	453c2218af9973b9eca8fb78392435bd9d46a740	envelopes/coop-ui/source-after.json	128449	eb414c0a5c82b49110c36e83c8fad83e16c35ff886560d1116511a334b52c910	bf8ed2449d14c0f3bcf00d32af4ca831885c08212be96fecc96ebd8d581ee681	sealed_run_envelopes_inventories	retain_actual_bytes	Retain envelope bytes, source/build/package inventory records, logs, wrappers and run results, including repeated records.											actual_bytes_required
/home/morgana/.codex/worktrees/assembled-allied-ai/orcs-vs-Fairies/work/ai-save401-final-453c221-r1	453c2218af9973b9eca8fb78392435bd9d46a740	envelopes/coop-ui/source-before.json	128449	eb414c0a5c82b49110c36e83c8fad83e16c35ff886560d1116511a334b52c910	bf8ed2449d14c0f3bcf00d32af4ca831885c08212be96fecc96ebd8d581ee681	sealed_run_envelopes_inventories	retain_actual_bytes	Retain envelope bytes, source/build/package inventory records, logs, wrappers and run results, including repeated records.											actual_bytes_required
/home/morgana/.codex/worktrees/assembled-allied-ai/orcs-vs-Fairies/work/ai-save401-final-453c221-r1	453c2218af9973b9eca8fb78392435bd9d46a740	envelopes/coop-ui/stderr.log	3653	979c7385dbe4ed6e6c287457a922e0a0e3f66477896f8007f7c7db987fd59e6f	bf8ed2449d14c0f3bcf00d32af4ca831885c08212be96fecc96ebd8d581ee681	sealed_run_envelopes_inventories	retain_actual_bytes	Retain envelope bytes, source/build/package inventory records, logs, wrappers and run results, including repeated records.											actual_bytes_required
/home/morgana/.codex/worktrees/assembled-allied-ai/orcs-vs-Fairies/work/ai-save401-final-453c221-r1	453c2218af9973b9eca8fb78392435bd9d46a740	envelopes/coop-ui/stdout.log	112	cc5eea054cdc1342ed44c45947cae9e0b57f0fcf71d5c4f5cebec0a74edfe33c	bf8ed2449d14c0f3bcf00d32af4ca831885c08212be96fecc96ebd8d581ee681	sealed_run_envelopes_inventories	retain_actual_bytes	Retain envelope bytes, source/build/package inventory records, logs, wrappers and run results, including repeated records.											actual_bytes_required
/home/morgana/.codex/worktrees/assembled-allied-ai/orcs-vs-Fairies/work/ai-save401-final-453c221-r1	453c2218af9973b9eca8fb78392435bd9d46a740	envelopes/natural-allied/artifacts.json	1202	e475057beb81ab853d3bb94818d74a7fad4647d95626f63f6b80fcc8c502f4ba	bf8ed2449d14c0f3bcf00d32af4ca831885c08212be96fecc96ebd8d581ee681	sealed_run_envelopes_inventories	retain_actual_bytes	Retain envelope bytes, source/build/package inventory records, logs, wrappers and run results, including repeated records.											actual_bytes_required
/home/morgana/.codex/worktrees/assembled-allied-ai/orcs-vs-Fairies/work/ai-save401-final-453c221-r1	453c2218af9973b9eca8fb78392435bd9d46a740	envelopes/natural-allied/build-after.json	183	ac2d5f78c229f183e0dc5f094023a0219a37bccb167e9aca089c945099219d75	bf8ed2449d14c0f3bcf00d32af4ca831885c08212be96fecc96ebd8d581ee681	sealed_run_envelopes_inventories	retain_actual_bytes	Retain envelope bytes, source/build/package inventory records, logs, wrappers and run results, including repeated records.											actual_bytes_required
/home/morgana/.codex/worktrees/assembled-allied-ai/orcs-vs-Fairies/work/ai-save401-final-453c221-r1	453c2218af9973b9eca8fb78392435bd9d46a740	envelopes/natural-allied/build-before.json	183	ac2d5f78c229f183e0dc5f094023a0219a37bccb167e9aca089c945099219d75	bf8ed2449d14c0f3bcf00d32af4ca831885c08212be96fecc96ebd8d581ee681	sealed_run_envelopes_inventories	retain_actual_bytes	Retain envelope bytes, source/build/package inventory records, logs, wrappers and run results, including repeated records.											actual_bytes_required
/home/morgana/.codex/worktrees/assembled-allied-ai/orcs-vs-Fairies/work/ai-save401-final-453c221-r1	453c2218af9973b9eca8fb78392435bd9d46a740	envelopes/natural-allied/manifest.json	1403	90a56079f01c5d4def54bf6efc92e3aa51b679ea05a2d29ba411f3e6b084375c	bf8ed2449d14c0f3bcf00d32af4ca831885c08212be96fecc96ebd8d581ee681	sealed_run_envelopes_inventories	retain_actual_bytes	Retain envelope bytes, source/build/package inventory records, logs, wrappers and run results, including repeated records.											actual_bytes_required
/home/morgana/.codex/worktrees/assembled-allied-ai/orcs-vs-Fairies/work/ai-save401-final-453c221-r1	453c2218af9973b9eca8fb78392435bd9d46a740	envelopes/natural-allied/proof-envelope.mjs	10509	bb8c80fc33ca6a25e044a5df60350030bb2177461d265025b9bfcffcdc3a1cd2	bf8ed2449d14c0f3bcf00d32af4ca831885c08212be96fecc96ebd8d581ee681	sealed_run_envelopes_inventories	retain_actual_bytes	Retain envelope bytes, source/build/package inventory records, logs, wrappers and run results, including repeated records.											actual_bytes_required
/home/morgana/.codex/worktrees/assembled-allied-ai/orcs-vs-Fairies/work/ai-save401-final-453c221-r1	453c2218af9973b9eca8fb78392435bd9d46a740	envelopes/natural-allied/run.json	1203	70bbc46bb6610088f9fb0e891b91f2c8b6294f3e2e037d540a04e121d0f7d38f	bf8ed2449d14c0f3bcf00d32af4ca831885c08212be96fecc96ebd8d581ee681	sealed_run_envelopes_inventories	retain_actual_bytes	Retain envelope bytes, source/build/package inventory records, logs, wrappers and run results, including repeated records.											actual_bytes_required
/home/morgana/.codex/worktrees/assembled-allied-ai/orcs-vs-Fairies/work/ai-save401-final-453c221-r1	453c2218af9973b9eca8fb78392435bd9d46a740	envelopes/natural-allied/source-after.json	128449	eb414c0a5c82b49110c36e83c8fad83e16c35ff886560d1116511a334b52c910	bf8ed2449d14c0f3bcf00d32af4ca831885c08212be96fecc96ebd8d581ee681	sealed_run_envelopes_inventories	retain_actual_bytes	Retain envelope bytes, source/build/package inventory records, logs, wrappers and run results, including repeated records.											actual_bytes_required
/home/morgana/.codex/worktrees/assembled-allied-ai/orcs-vs-Fairies/work/ai-save401-final-453c221-r1	453c2218af9973b9eca8fb78392435bd9d46a740	envelopes/natural-allied/source-before.json	128449	eb414c0a5c82b49110c36e83c8fad83e16c35ff886560d1116511a334b52c910	bf8ed2449d14c0f3bcf00d32af4ca831885c08212be96fecc96ebd8d581ee681	sealed_run_envelopes_inventories	retain_actual_bytes	Retain envelope bytes, source/build/package inventory records, logs, wrappers and run results, including repeated records.											actual_bytes_required
/home/morgana/.codex/worktrees/assembled-allied-ai/orcs-vs-Fairies/work/ai-save401-final-453c221-r1	453c2218af9973b9eca8fb78392435bd9d46a740	envelopes/natural-allied/stderr.log	0	e3b0c44298fc1c149afbf4c8996fb92427ae41e4649b934ca495991b7852b855	bf8ed2449d14c0f3bcf00d32af4ca831885c08212be96fecc96ebd8d581ee681	sealed_run_envelopes_inventories	retain_actual_bytes	Retain envelope bytes, source/build/package inventory records, logs, wrappers and run results, including repeated records.											actual_bytes_required
/home/morgana/.codex/worktrees/assembled-allied-ai/orcs-vs-Fairies/work/ai-save401-final-453c221-r1	453c2218af9973b9eca8fb78392435bd9d46a740	envelopes/natural-allied/stdout.log	1435	c3e4894609b413f5eeb5d8c040a40264d138635d5360987e4780e0a2ce7588c3	bf8ed2449d14c0f3bcf00d32af4ca831885c08212be96fecc96ebd8d581ee681	sealed_run_envelopes_inventories	retain_actual_bytes	Retain envelope bytes, source/build/package inventory records, logs, wrappers and run results, including repeated records.											actual_bytes_required
/home/morgana/.codex/worktrees/assembled-allied-ai/orcs-vs-Fairies/work/ai-save401-final-453c221-r1	453c2218af9973b9eca8fb78392435bd9d46a740	envelopes/roster-ui/artifacts.json	2914	984f97458ca64874475f0eff42ff3f849291304d802587b2c2a02ec3c13dee43	bf8ed2449d14c0f3bcf00d32af4ca831885c08212be96fecc96ebd8d581ee681	sealed_run_envelopes_inventories	retain_actual_bytes	Retain envelope bytes, source/build/package inventory records, logs, wrappers and run results, including repeated records.											actual_bytes_required
/home/morgana/.codex/worktrees/assembled-allied-ai/orcs-vs-Fairies/work/ai-save401-final-453c221-r1	453c2218af9973b9eca8fb78392435bd9d46a740	envelopes/roster-ui/build-after.json	154961	98cc6de5759dbe2aee3df596f39f38fc7400f22bdabad3d3ba1bdde907e6ce6d	bf8ed2449d14c0f3bcf00d32af4ca831885c08212be96fecc96ebd8d581ee681	sealed_run_envelopes_inventories	retain_actual_bytes	Retain envelope bytes, source/build/package inventory records, logs, wrappers and run results, including repeated records.											actual_bytes_required
/home/morgana/.codex/worktrees/assembled-allied-ai/orcs-vs-Fairies/work/ai-save401-final-453c221-r1	453c2218af9973b9eca8fb78392435bd9d46a740	envelopes/roster-ui/build-before.json	154961	98cc6de5759dbe2aee3df596f39f38fc7400f22bdabad3d3ba1bdde907e6ce6d	bf8ed2449d14c0f3bcf00d32af4ca831885c08212be96fecc96ebd8d581ee681	sealed_run_envelopes_inventories	retain_actual_bytes	Retain envelope bytes, source/build/package inventory records, logs, wrappers and run results, including repeated records.											actual_bytes_required
/home/morgana/.codex/worktrees/assembled-allied-ai/orcs-vs-Fairies/work/ai-save401-final-453c221-r1	453c2218af9973b9eca8fb78392435bd9d46a740	envelopes/roster-ui/manifest.json	1412	f25ddd264e958744a6ede5986c110b89ad1d599c5813ea51a19e46567dd56874	bf8ed2449d14c0f3bcf00d32af4ca831885c08212be96fecc96ebd8d581ee681	sealed_run_envelopes_inventories	retain_actual_bytes	Retain envelope bytes, source/build/package inventory records, logs, wrappers and run results, including repeated records.											actual_bytes_required
/home/morgana/.codex/worktrees/assembled-allied-ai/orcs-vs-Fairies/work/ai-save401-final-453c221-r1	453c2218af9973b9eca8fb78392435bd9d46a740	envelopes/roster-ui/proof-envelope.mjs	10509	bb8c80fc33ca6a25e044a5df60350030bb2177461d265025b9bfcffcdc3a1cd2	bf8ed2449d14c0f3bcf00d32af4ca831885c08212be96fecc96ebd8d581ee681	sealed_run_envelopes_inventories	retain_actual_bytes	Retain envelope bytes, source/build/package inventory records, logs, wrappers and run results, including repeated records.											actual_bytes_required
/home/morgana/.codex/worktrees/assembled-allied-ai/orcs-vs-Fairies/work/ai-save401-final-453c221-r1	453c2218af9973b9eca8fb78392435bd9d46a740	envelopes/roster-ui/run.json	2798	3109cefc3f26dc304e2add702822314fb9c968da1bdd25d4536109c22f790451	bf8ed2449d14c0f3bcf00d32af4ca831885c08212be96fecc96ebd8d581ee681	sealed_run_envelopes_inventories	retain_actual_bytes	Retain envelope bytes, source/build/package inventory records, logs, wrappers and run results, including repeated records.											actual_bytes_required
/home/morgana/.codex/worktrees/assembled-allied-ai/orcs-vs-Fairies/work/ai-save401-final-453c221-r1	453c2218af9973b9eca8fb78392435bd9d46a740	envelopes/roster-ui/source-after.json	128449	eb414c0a5c82b49110c36e83c8fad83e16c35ff886560d1116511a334b52c910	bf8ed2449d14c0f3bcf00d32af4ca831885c08212be96fecc96ebd8d581ee681	sealed_run_envelopes_inventories	retain_actual_bytes	Retain envelope bytes, source/build/package inventory records, logs, wrappers and run results, including repeated records.											actual_bytes_required
/home/morgana/.codex/worktrees/assembled-allied-ai/orcs-vs-Fairies/work/ai-save401-final-453c221-r1	453c2218af9973b9eca8fb78392435bd9d46a740	envelopes/roster-ui/source-before.json	128449	eb414c0a5c82b49110c36e83c8fad83e16c35ff886560d1116511a334b52c910	bf8ed2449d14c0f3bcf00d32af4ca831885c08212be96fecc96ebd8d581ee681	sealed_run_envelopes_inventories	retain_actual_bytes	Retain envelope bytes, source/build/package inventory records, logs, wrappers and run results, including repeated records.											actual_bytes_required
/home/morgana/.codex/worktrees/assembled-allied-ai/orcs-vs-Fairies/work/ai-save401-final-453c221-r1	453c2218af9973b9eca8fb78392435bd9d46a740	envelopes/roster-ui/stderr.log	3904	352def7ea5befa80a2cd72ae9eca67716672da726a22e57497e0f9d4eae29909	bf8ed2449d14c0f3bcf00d32af4ca831885c08212be96fecc96ebd8d581ee681	sealed_run_envelopes_inventories	retain_actual_bytes	Retain envelope bytes, source/build/package inventory records, logs, wrappers and run results, including repeated records.											actual_bytes_required
/home/morgana/.codex/worktrees/assembled-allied-ai/orcs-vs-Fairies/work/ai-save401-final-453c221-r1	453c2218af9973b9eca8fb78392435bd9d46a740	envelopes/roster-ui/stdout.log	3789	18e9f5db19ce1a2bd395bfc22c07896a6065340336737b1b711424eb10a8870c	bf8ed2449d14c0f3bcf00d32af4ca831885c08212be96fecc96ebd8d581ee681	sealed_run_envelopes_inventories	retain_actual_bytes	Retain envelope bytes, source/build/package inventory records, logs, wrappers and run results, including repeated records.											actual_bytes_required
/home/morgana/.codex/worktrees/assembled-allied-ai/orcs-vs-Fairies/work/ai-save401-final-453c221-r1	453c2218af9973b9eca8fb78392435bd9d46a740	executables/allied-ui/after.json	415634	c7c65f9f3537f28a9227ddd391a8b5eac47be5fe9125c9ce702c01bc7ae32638	bf8ed2449d14c0f3bcf00d32af4ca831885c08212be96fecc96ebd8d581ee681	execution_provenance_and_generated_outputs	retain_actual_bytes	Retain runtime, process, launcher and generated executable provenance bytes.											actual_bytes_required
/home/morgana/.codex/worktrees/assembled-allied-ai/orcs-vs-Fairies/work/ai-save401-final-453c221-r1	453c2218af9973b9eca8fb78392435bd9d46a740	executables/allied-ui/before.json	415634	c7c65f9f3537f28a9227ddd391a8b5eac47be5fe9125c9ce702c01bc7ae32638	bf8ed2449d14c0f3bcf00d32af4ca831885c08212be96fecc96ebd8d581ee681	execution_provenance_and_generated_outputs	retain_actual_bytes	Retain runtime, process, launcher and generated executable provenance bytes.											actual_bytes_required
/home/morgana/.codex/worktrees/assembled-allied-ai/orcs-vs-Fairies/work/ai-save401-final-453c221-r1	453c2218af9973b9eca8fb78392435bd9d46a740	executables/allied-ui/executable-provenance.mjs	3268	5b272872c4566e2a21229b4e5db958b994a0a179752d6629cf6b3d04cc8c2afc	bf8ed2449d14c0f3bcf00d32af4ca831885c08212be96fecc96ebd8d581ee681	execution_provenance_and_generated_outputs	retain_actual_bytes	Retain runtime, process, launcher and generated executable provenance bytes.											actual_bytes_required
/home/morgana/.codex/worktrees/assembled-allied-ai/orcs-vs-Fairies/work/ai-save401-final-453c221-r1	453c2218af9973b9eca8fb78392435bd9d46a740	executables/build-server/after.json	415634	c7c65f9f3537f28a9227ddd391a8b5eac47be5fe9125c9ce702c01bc7ae32638	bf8ed2449d14c0f3bcf00d32af4ca831885c08212be96fecc96ebd8d581ee681	execution_provenance_and_generated_outputs	retain_actual_bytes	Retain runtime, process, launcher and generated executable provenance bytes.											actual_bytes_required
/home/morgana/.codex/worktrees/assembled-allied-ai/orcs-vs-Fairies/work/ai-save401-final-453c221-r1	453c2218af9973b9eca8fb78392435bd9d46a740	executables/build-server/before.json	415634	c7c65f9f3537f28a9227ddd391a8b5eac47be5fe9125c9ce702c01bc7ae32638	bf8ed2449d14c0f3bcf00d32af4ca831885c08212be96fecc96ebd8d581ee681	execution_provenance_and_generated_outputs	retain_actual_bytes	Retain runtime, process, launcher and generated executable provenance bytes.											actual_bytes_required
/home/morgana/.codex/worktrees/assembled-allied-ai/orcs-vs-Fairies/work/ai-save401-final-453c221-r1	453c2218af9973b9eca8fb78392435bd9d46a740	executables/build-server/executable-provenance.mjs	3268	5b272872c4566e2a21229b4e5db958b994a0a179752d6629cf6b3d04cc8c2afc	bf8ed2449d14c0f3bcf00d32af4ca831885c08212be96fecc96ebd8d581ee681	execution_provenance_and_generated_outputs	retain_actual_bytes	Retain runtime, process, launcher and generated executable provenance bytes.											actual_bytes_required
/home/morgana/.codex/worktrees/assembled-allied-ai/orcs-vs-Fairies/work/ai-save401-final-453c221-r1	453c2218af9973b9eca8fb78392435bd9d46a740	executables/build-web/after.json	415634	c7c65f9f3537f28a9227ddd391a8b5eac47be5fe9125c9ce702c01bc7ae32638	bf8ed2449d14c0f3bcf00d32af4ca831885c08212be96fecc96ebd8d581ee681	execution_provenance_and_generated_outputs	retain_actual_bytes	Retain runtime, process, launcher and generated executable provenance bytes.											actual_bytes_required
/home/morgana/.codex/worktrees/assembled-allied-ai/orcs-vs-Fairies/work/ai-save401-final-453c221-r1	453c2218af9973b9eca8fb78392435bd9d46a740	executables/build-web/before.json	415634	c7c65f9f3537f28a9227ddd391a8b5eac47be5fe9125c9ce702c01bc7ae32638	bf8ed2449d14c0f3bcf00d32af4ca831885c08212be96fecc96ebd8d581ee681	execution_provenance_and_generated_outputs	retain_actual_bytes	Retain runtime, process, launcher and generated executable provenance bytes.											actual_bytes_required
/home/morgana/.codex/worktrees/assembled-allied-ai/orcs-vs-Fairies/work/ai-save401-final-453c221-r1	453c2218af9973b9eca8fb78392435bd9d46a740	executables/build-web/executable-provenance.mjs	3268	5b272872c4566e2a21229b4e5db958b994a0a179752d6629cf6b3d04cc8c2afc	bf8ed2449d14c0f3bcf00d32af4ca831885c08212be96fecc96ebd8d581ee681	execution_provenance_and_generated_outputs	retain_actual_bytes	Retain runtime, process, launcher and generated executable provenance bytes.											actual_bytes_required
/home/morgana/.codex/worktrees/assembled-allied-ai/orcs-vs-Fairies/work/ai-save401-final-453c221-r1	453c2218af9973b9eca8fb78392435bd9d46a740	executables/coop-ui/after.json	415634	c7c65f9f3537f28a9227ddd391a8b5eac47be5fe9125c9ce702c01bc7ae32638	bf8ed2449d14c0f3bcf00d32af4ca831885c08212be96fecc96ebd8d581ee681	execution_provenance_and_generated_outputs	retain_actual_bytes	Retain runtime, process, launcher and generated executable provenance bytes.											actual_bytes_required
/home/morgana/.codex/worktrees/assembled-allied-ai/orcs-vs-Fairies/work/ai-save401-final-453c221-r1	453c2218af9973b9eca8fb78392435bd9d46a740	executables/coop-ui/before.json	415634	c7c65f9f3537f28a9227ddd391a8b5eac47be5fe9125c9ce702c01bc7ae32638	bf8ed2449d14c0f3bcf00d32af4ca831885c08212be96fecc96ebd8d581ee681	execution_provenance_and_generated_outputs	retain_actual_bytes	Retain runtime, process, launcher and generated executable provenance bytes.											actual_bytes_required
/home/morgana/.codex/worktrees/assembled-allied-ai/orcs-vs-Fairies/work/ai-save401-final-453c221-r1	453c2218af9973b9eca8fb78392435bd9d46a740	executables/coop-ui/executable-provenance.mjs	3268	5b272872c4566e2a21229b4e5db958b994a0a179752d6629cf6b3d04cc8c2afc	bf8ed2449d14c0f3bcf00d32af4ca831885c08212be96fecc96ebd8d581ee681	execution_provenance_and_generated_outputs	retain_actual_bytes	Retain runtime, process, launcher and generated executable provenance bytes.											actual_bytes_required
/home/morgana/.codex/worktrees/assembled-allied-ai/orcs-vs-Fairies/work/ai-save401-final-453c221-r1	453c2218af9973b9eca8fb78392435bd9d46a740	executables/natural-allied/after.json	415634	c7c65f9f3537f28a9227ddd391a8b5eac47be5fe9125c9ce702c01bc7ae32638	bf8ed2449d14c0f3bcf00d32af4ca831885c08212be96fecc96ebd8d581ee681	execution_provenance_and_generated_outputs	retain_actual_bytes	Retain runtime, process, launcher and generated executable provenance bytes.											actual_bytes_required
/home/morgana/.codex/worktrees/assembled-allied-ai/orcs-vs-Fairies/work/ai-save401-final-453c221-r1	453c2218af9973b9eca8fb78392435bd9d46a740	executables/natural-allied/before.json	415634	c7c65f9f3537f28a9227ddd391a8b5eac47be5fe9125c9ce702c01bc7ae32638	bf8ed2449d14c0f3bcf00d32af4ca831885c08212be96fecc96ebd8d581ee681	execution_provenance_and_generated_outputs	retain_actual_bytes	Retain runtime, process, launcher and generated executable provenance bytes.											actual_bytes_required
/home/morgana/.codex/worktrees/assembled-allied-ai/orcs-vs-Fairies/work/ai-save401-final-453c221-r1	453c2218af9973b9eca8fb78392435bd9d46a740	executables/natural-allied/executable-provenance.mjs	3268	5b272872c4566e2a21229b4e5db958b994a0a179752d6629cf6b3d04cc8c2afc	bf8ed2449d14c0f3bcf00d32af4ca831885c08212be96fecc96ebd8d581ee681	execution_provenance_and_generated_outputs	retain_actual_bytes	Retain runtime, process, launcher and generated executable provenance bytes.											actual_bytes_required
/home/morgana/.codex/worktrees/assembled-allied-ai/orcs-vs-Fairies/work/ai-save401-final-453c221-r1	453c2218af9973b9eca8fb78392435bd9d46a740	executables/roster-ui/after.json	415634	c7c65f9f3537f28a9227ddd391a8b5eac47be5fe9125c9ce702c01bc7ae32638	bf8ed2449d14c0f3bcf00d32af4ca831885c08212be96fecc96ebd8d581ee681	execution_provenance_and_generated_outputs	retain_actual_bytes	Retain runtime, process, launcher and generated executable provenance bytes.											actual_bytes_required
/home/morgana/.codex/worktrees/assembled-allied-ai/orcs-vs-Fairies/work/ai-save401-final-453c221-r1	453c2218af9973b9eca8fb78392435bd9d46a740	executables/roster-ui/before.json	415634	c7c65f9f3537f28a9227ddd391a8b5eac47be5fe9125c9ce702c01bc7ae32638	bf8ed2449d14c0f3bcf00d32af4ca831885c08212be96fecc96ebd8d581ee681	execution_provenance_and_generated_outputs	retain_actual_bytes	Retain runtime, process, launcher and generated executable provenance bytes.											actual_bytes_required
/home/morgana/.codex/worktrees/assembled-allied-ai/orcs-vs-Fairies/work/ai-save401-final-453c221-r1	453c2218af9973b9eca8fb78392435bd9d46a740	executables/roster-ui/executable-provenance.mjs	3268	5b272872c4566e2a21229b4e5db958b994a0a179752d6629cf6b3d04cc8c2afc	bf8ed2449d14c0f3bcf00d32af4ca831885c08212be96fecc96ebd8d581ee681	execution_provenance_and_generated_outputs	retain_actual_bytes	Retain runtime, process, launcher and generated executable provenance bytes.											actual_bytes_required
/home/morgana/.codex/worktrees/assembled-allied-ai/orcs-vs-Fairies/work/ai-save401-final-453c221-r1	453c2218af9973b9eca8fb78392435bd9d46a740	executables/serve/after.json	415634	c7c65f9f3537f28a9227ddd391a8b5eac47be5fe9125c9ce702c01bc7ae32638	bf8ed2449d14c0f3bcf00d32af4ca831885c08212be96fecc96ebd8d581ee681	execution_provenance_and_generated_outputs	retain_actual_bytes	Retain runtime, process, launcher and generated executable provenance bytes.											actual_bytes_required
/home/morgana/.codex/worktrees/assembled-allied-ai/orcs-vs-Fairies/work/ai-save401-final-453c221-r1	453c2218af9973b9eca8fb78392435bd9d46a740	executables/serve/before.json	415634	c7c65f9f3537f28a9227ddd391a8b5eac47be5fe9125c9ce702c01bc7ae32638	bf8ed2449d14c0f3bcf00d32af4ca831885c08212be96fecc96ebd8d581ee681	execution_provenance_and_generated_outputs	retain_actual_bytes	Retain runtime, process, launcher and generated executable provenance bytes.											actual_bytes_required
/home/morgana/.codex/worktrees/assembled-allied-ai/orcs-vs-Fairies/work/ai-save401-final-453c221-r1	453c2218af9973b9eca8fb78392435bd9d46a740	executables/serve/executable-provenance.mjs	3268	5b272872c4566e2a21229b4e5db958b994a0a179752d6629cf6b3d04cc8c2afc	bf8ed2449d14c0f3bcf00d32af4ca831885c08212be96fecc96ebd8d581ee681	execution_provenance_and_generated_outputs	retain_actual_bytes	Retain runtime, process, launcher and generated executable provenance bytes.											actual_bytes_required
/home/morgana/.codex/worktrees/assembled-allied-ai/orcs-vs-Fairies/work/ai-save401-final-453c221-r1	453c2218af9973b9eca8fb78392435bd9d46a740	final-status.json	13767	e9de9c2fecc14dff26806c5f6301982897a2e3c50934c121b0a7f90bd74a78d4	bf8ed2449d14c0f3bcf00d32af4ca831885c08212be96fecc96ebd8d581ee681	status_and_decisions	retain_actual_bytes	Retain final status and decision evidence.											actual_bytes_required
/home/morgana/.codex/worktrees/assembled-allied-ai/orcs-vs-Fairies/work/ai-save401-final-453c221-r1	453c2218af9973b9eca8fb78392435bd9d46a740	launcher/followup-453c221-r4-chromium1243.sh	5739	49721f151fd5cb98b80b5143c850c67051d7abe22b1deb1625f3a5932be65f9f	bf8ed2449d14c0f3bcf00d32af4ca831885c08212be96fecc96ebd8d581ee681	execution_provenance_and_generated_outputs	retain_actual_bytes	Retain runtime, process, launcher and generated executable provenance bytes.											actual_bytes_required
/home/morgana/.codex/worktrees/assembled-allied-ai/orcs-vs-Fairies/work/ai-save401-final-453c221-r1	453c2218af9973b9eca8fb78392435bd9d46a740	launcher/playwright-chromium-1243.mjs	566	7fe266503ffb4a65da331e6ae3fa7ffa248f805595dcb5e417a7669fc73bbd6d	bf8ed2449d14c0f3bcf00d32af4ca831885c08212be96fecc96ebd8d581ee681	execution_provenance_and_generated_outputs	retain_actual_bytes	Retain runtime, process, launcher and generated executable provenance bytes.											actual_bytes_required
/home/morgana/.codex/worktrees/assembled-allied-ai/orcs-vs-Fairies/work/ai-save401-final-453c221-r1	453c2218af9973b9eca8fb78392435bd9d46a740	launcher/preparation.json	3669	2cf25c7b09ad014f6d41182c08813c2563629cdfa9efb61f12ea99243f52a399	bf8ed2449d14c0f3bcf00d32af4ca831885c08212be96fecc96ebd8d581ee681	execution_provenance_and_generated_outputs	retain_actual_bytes	Retain runtime, process, launcher and generated executable provenance bytes.											actual_bytes_required
/home/morgana/.codex/worktrees/assembled-allied-ai/orcs-vs-Fairies/work/ai-save401-final-453c221-r1	453c2218af9973b9eca8fb78392435bd9d46a740	launcher/verify-launcher.mjs	3013	26cb27354394de2fc70e27bac2288fd787e80adc608e73febe23e4cba13b51dd	bf8ed2449d14c0f3bcf00d32af4ca831885c08212be96fecc96ebd8d581ee681	execution_provenance_and_generated_outputs	retain_actual_bytes	Retain runtime, process, launcher and generated executable provenance bytes.											actual_bytes_required
/home/morgana/.codex/worktrees/assembled-allied-ai/orcs-vs-Fairies/work/ai-save401-final-453c221-r1	453c2218af9973b9eca8fb78392435bd9d46a740	natural-allied/medium-dwarves-undead-orcs-fairies-save.json	257179	eee09b32d3726c7abedb2fb061e951452a64a89f196718384f20c14663107172	bf8ed2449d14c0f3bcf00d32af4ca831885c08212be96fecc96ebd8d581ee681	native_runs_saves_replays_screenshots	retain_actual_bytes	Retain run-specific artifacts, saves, replays, frames, transport captures, screenshots and outcomes.											actual_bytes_required
/home/morgana/.codex/worktrees/assembled-allied-ai/orcs-vs-Fairies/work/ai-save401-final-453c221-r1	453c2218af9973b9eca8fb78392435bd9d46a740	natural-allied/medium-dwarves-undead-orcs-fairies.json	124633	93bd95cac03a6807fd79a569bd3a32724c5821782a25188507c6c7e674bc1fe7	bf8ed2449d14c0f3bcf00d32af4ca831885c08212be96fecc96ebd8d581ee681	native_runs_saves_replays_screenshots	retain_actual_bytes	Retain run-specific artifacts, saves, replays, frames, transport captures, screenshots and outcomes.											actual_bytes_required
/home/morgana/.codex/worktrees/assembled-allied-ai/orcs-vs-Fairies/work/ai-save401-final-453c221-r1	453c2218af9973b9eca8fb78392435bd9d46a740	natural-allied/small-orcs-fairies-dwarves-undead-save.json	267855	a1d80ade1337b574034a5a4ad75968f906c216210b85873f64c99e98c835a260	bf8ed2449d14c0f3bcf00d32af4ca831885c08212be96fecc96ebd8d581ee681	native_runs_saves_replays_screenshots	retain_actual_bytes	Retain run-specific artifacts, saves, replays, frames, transport captures, screenshots and outcomes.											actual_bytes_required
/home/morgana/.codex/worktrees/assembled-allied-ai/orcs-vs-Fairies/work/ai-save401-final-453c221-r1	453c2218af9973b9eca8fb78392435bd9d46a740	natural-allied/small-orcs-fairies-dwarves-undead.json	128374	526bf743bc143412caf735ed2798c11777f004282729081ed67f2ceef5f8c6c9	bf8ed2449d14c0f3bcf00d32af4ca831885c08212be96fecc96ebd8d581ee681	native_runs_saves_replays_screenshots	retain_actual_bytes	Retain run-specific artifacts, saves, replays, frames, transport captures, screenshots and outcomes.											actual_bytes_required
/home/morgana/.codex/worktrees/assembled-allied-ai/orcs-vs-Fairies/work/ai-save401-final-453c221-r1	453c2218af9973b9eca8fb78392435bd9d46a740	natural-allied/source-after-medium-dwarves-undead-orcs-fairies.json	7072	4e572f21f1ae916435632e0a9fa3489da9853abf8cb60b6c0fbd0f79497a2979	bf8ed2449d14c0f3bcf00d32af4ca831885c08212be96fecc96ebd8d581ee681	native_runs_saves_replays_screenshots	retain_actual_bytes	Retain run-specific artifacts, saves, replays, frames, transport captures, screenshots and outcomes.											actual_bytes_required
/home/morgana/.codex/worktrees/assembled-allied-ai/orcs-vs-Fairies/work/ai-save401-final-453c221-r1	453c2218af9973b9eca8fb78392435bd9d46a740	natural-allied/source-after-small-orcs-fairies-dwarves-undead.json	7072	4e572f21f1ae916435632e0a9fa3489da9853abf8cb60b6c0fbd0f79497a2979	bf8ed2449d14c0f3bcf00d32af4ca831885c08212be96fecc96ebd8d581ee681	native_runs_saves_replays_screenshots	retain_actual_bytes	Retain run-specific artifacts, saves, replays, frames, transport captures, screenshots and outcomes.											actual_bytes_required
/home/morgana/.codex/worktrees/assembled-allied-ai/orcs-vs-Fairies/work/ai-save401-final-453c221-r1	453c2218af9973b9eca8fb78392435bd9d46a740	natural-allied/source-before.json	7099	0cc3604df57df43454ebd6d99379334a2e09e9a73ab19e07eea5745612e08df3	bf8ed2449d14c0f3bcf00d32af4ca831885c08212be96fecc96ebd8d581ee681	native_runs_saves_replays_screenshots	retain_actual_bytes	Retain run-specific artifacts, saves, replays, frames, transport captures, screenshots and outcomes.											actual_bytes_required
/home/morgana/.codex/worktrees/assembled-allied-ai/orcs-vs-Fairies/work/ai-save401-final-453c221-r1	453c2218af9973b9eca8fb78392435bd9d46a740	preparation/audit-envelope.py	2440	66343016fce780aa1fb02766c11378dfe1dba8f02a9f7a0fd50b380079e3f00d	bf8ed2449d14c0f3bcf00d32af4ca831885c08212be96fecc96ebd8d581ee681	preparation_cleanup_and_history	retain_actual_bytes	Retain preparation scripts, prior-history inventories and cleanup records.											actual_bytes_required
/home/morgana/.codex/worktrees/assembled-allied-ai/orcs-vs-Fairies/work/ai-save401-final-453c221-r1	453c2218af9973b9eca8fb78392435bd9d46a740	preparation/audit-failed-envelope.py	2465	a2aaf7fe22300e10e211c7fa1a30572f4b6da68240e52b1c253fa2e7c9e550fa	bf8ed2449d14c0f3bcf00d32af4ca831885c08212be96fecc96ebd8d581ee681	preparation_cleanup_and_history	retain_actual_bytes	Retain preparation scripts, prior-history inventories and cleanup records.											actual_bytes_required
/home/morgana/.codex/worktrees/assembled-allied-ai/orcs-vs-Fairies/work/ai-save401-final-453c221-r1	453c2218af9973b9eca8fb78392435bd9d46a740	preparation/browser-provenance.mjs	3324	44a7d88b5f5662b68b1e8691d32312e6457ac5df6a26db479c818f0649df9237	bf8ed2449d14c0f3bcf00d32af4ca831885c08212be96fecc96ebd8d581ee681	preparation_cleanup_and_history	retain_actual_bytes	Retain preparation scripts, prior-history inventories and cleanup records.											actual_bytes_required
/home/morgana/.codex/worktrees/assembled-allied-ai/orcs-vs-Fairies/work/ai-save401-final-453c221-r1	453c2218af9973b9eca8fb78392435bd9d46a740	preparation/browser-selection-preflight.json	1198	f18fd1f5947a1ce3b8cff201f1ee0974e0a72409e6f6e30aab01a5985a224e2c	bf8ed2449d14c0f3bcf00d32af4ca831885c08212be96fecc96ebd8d581ee681	preparation_cleanup_and_history	retain_actual_bytes	Retain preparation scripts, prior-history inventories and cleanup records.											actual_bytes_required
/home/morgana/.codex/worktrees/assembled-allied-ai/orcs-vs-Fairies/work/ai-save401-final-453c221-r1	453c2218af9973b9eca8fb78392435bd9d46a740	preparation/capture-browser-process-r2.py	1935	0f83c227c3da0a33a88cf7b56233d55377e593bda80b3d8766dd12b469bd78f3	bf8ed2449d14c0f3bcf00d32af4ca831885c08212be96fecc96ebd8d581ee681	preparation_cleanup_and_history	retain_actual_bytes	Retain preparation scripts, prior-history inventories and cleanup records.											actual_bytes_required
/home/morgana/.codex/worktrees/assembled-allied-ai/orcs-vs-Fairies/work/ai-save401-final-453c221-r1	453c2218af9973b9eca8fb78392435bd9d46a740	preparation/capture-browser-process-r3.py	1963	bd6e1745de396cbccff6c84eea8a7f67ed98890045bf75576336c18832b3cb5b	bf8ed2449d14c0f3bcf00d32af4ca831885c08212be96fecc96ebd8d581ee681	preparation_cleanup_and_history	retain_actual_bytes	Retain preparation scripts, prior-history inventories and cleanup records.											actual_bytes_required
/home/morgana/.codex/worktrees/assembled-allied-ai/orcs-vs-Fairies/work/ai-save401-final-453c221-r1	453c2218af9973b9eca8fb78392435bd9d46a740	preparation/capture-browser-process.py	1490	a6f94f440e300239f395d69d0899bfae225323af97fbd160c2eab40bd2d06c48	bf8ed2449d14c0f3bcf00d32af4ca831885c08212be96fecc96ebd8d581ee681	preparation_cleanup_and_history	retain_actual_bytes	Retain preparation scripts, prior-history inventories and cleanup records.											actual_bytes_required
/home/morgana/.codex/worktrees/assembled-allied-ai/orcs-vs-Fairies/work/ai-save401-final-453c221-r1	453c2218af9973b9eca8fb78392435bd9d46a740	preparation/capture-browser-trace.py	2058	746f31a96a1fab42d83f870050c8f846e60108c2721ccec82ee4eeb16626049d	bf8ed2449d14c0f3bcf00d32af4ca831885c08212be96fecc96ebd8d581ee681	preparation_cleanup_and_history	retain_actual_bytes	Retain preparation scripts, prior-history inventories and cleanup records.											actual_bytes_required
/home/morgana/.codex/worktrees/assembled-allied-ai/orcs-vs-Fairies/work/ai-save401-final-453c221-r1	453c2218af9973b9eca8fb78392435bd9d46a740	preparation/cleanup-owned.py	4818	92045b468694309314de33d2de411759534f3f03e2ea2aef507d4e3aca7681d0	bf8ed2449d14c0f3bcf00d32af4ca831885c08212be96fecc96ebd8d581ee681	preparation_cleanup_and_history	retain_actual_bytes	Retain preparation scripts, prior-history inventories and cleanup records.											actual_bytes_required
/home/morgana/.codex/worktrees/assembled-allied-ai/orcs-vs-Fairies/work/ai-save401-final-453c221-r1	453c2218af9973b9eca8fb78392435bd9d46a740	preparation/history-after-checkout.json	189068	5e95f6c3c1107947a4f6a4732a4f7fc1d7d63e8ef61420c374508d526ae5a1e4	bf8ed2449d14c0f3bcf00d32af4ca831885c08212be96fecc96ebd8d581ee681	preparation_cleanup_and_history	retain_actual_bytes	Retain preparation scripts, prior-history inventories and cleanup records.											actual_bytes_required
/home/morgana/.codex/worktrees/assembled-allied-ai/orcs-vs-Fairies/work/ai-save401-final-453c221-r1	453c2218af9973b9eca8fb78392435bd9d46a740	preparation/history-after-cleanup.json	189068	5e95f6c3c1107947a4f6a4732a4f7fc1d7d63e8ef61420c374508d526ae5a1e4	bf8ed2449d14c0f3bcf00d32af4ca831885c08212be96fecc96ebd8d581ee681	preparation_cleanup_and_history	retain_actual_bytes	Retain preparation scripts, prior-history inventories and cleanup records.											actual_bytes_required
/home/morgana/.codex/worktrees/assembled-allied-ai/orcs-vs-Fairies/work/ai-save401-final-453c221-r1	453c2218af9973b9eca8fb78392435bd9d46a740	preparation/history-before.json	189068	f69f0b4e785fddf829388906d16bb23cd0791d3e4067e552b38a1aedcf9eed92	bf8ed2449d14c0f3bcf00d32af4ca831885c08212be96fecc96ebd8d581ee681	preparation_cleanup_and_history	retain_actual_bytes	Retain preparation scripts, prior-history inventories and cleanup records.											actual_bytes_required
/home/morgana/.codex/worktrees/assembled-allied-ai/orcs-vs-Fairies/work/ai-save401-final-453c221-r1	453c2218af9973b9eca8fb78392435bd9d46a740	preparation/preserve-history.py	1784	b6126c13f119e4336b322e4db7ec9f94f22e7f054df21d965b7baf8cb922ada6	bf8ed2449d14c0f3bcf00d32af4ca831885c08212be96fecc96ebd8d581ee681	preparation_cleanup_and_history	retain_actual_bytes	Retain preparation scripts, prior-history inventories and cleanup records.											actual_bytes_required
/home/morgana/.codex/worktrees/assembled-allied-ai/orcs-vs-Fairies/work/ai-save401-final-453c221-r1	453c2218af9973b9eca8fb78392435bd9d46a740	preparation/seal-final-run.py	7270	f10284f3ac24fbcf042c28c123023032affd90c5c272fda87a12fea55b3b68f2	bf8ed2449d14c0f3bcf00d32af4ca831885c08212be96fecc96ebd8d581ee681	preparation_cleanup_and_history	retain_actual_bytes	Retain preparation scripts, prior-history inventories and cleanup records.											actual_bytes_required
/home/morgana/.codex/worktrees/assembled-allied-ai/orcs-vs-Fairies/work/ai-save401-final-453c221-r1	453c2218af9973b9eca8fb78392435bd9d46a740	preparation/verify-final-packet.py	724	ff082d0f0c6e75c1874324fa7a1a91b62fccbcd354f4ca292114349b30f527ed	bf8ed2449d14c0f3bcf00d32af4ca831885c08212be96fecc96ebd8d581ee681	preparation_cleanup_and_history	retain_actual_bytes	Retain preparation scripts, prior-history inventories and cleanup records.											actual_bytes_required
/home/morgana/.codex/worktrees/assembled-allied-ai/orcs-vs-Fairies/work/ai-save401-final-453c221-r1	453c2218af9973b9eca8fb78392435bd9d46a740	processes/natural-allied-live.json	3134	652e191245e0c93ed62258dc1e3ee58ff176eb8668c1d1d37bb81b5fcb2fef8f	bf8ed2449d14c0f3bcf00d32af4ca831885c08212be96fecc96ebd8d581ee681	execution_provenance_and_generated_outputs	retain_actual_bytes	Retain runtime, process, launcher and generated executable provenance bytes.											actual_bytes_required
/home/morgana/.codex/worktrees/assembled-allied-ai/orcs-vs-Fairies/work/ai-save401-final-453c221-r1	453c2218af9973b9eca8fb78392435bd9d46a740	roster-ui/2v2-battle.png	689332	e644fac9e1974a0c5da32db6e69f274e915e8eff4848da1ad0fe29d2103d613b	bf8ed2449d14c0f3bcf00d32af4ca831885c08212be96fecc96ebd8d581ee681	native_runs_saves_replays_screenshots	retain_actual_bytes	Retain run-specific artifacts, saves, replays, frames, transport captures, screenshots and outcomes.											actual_bytes_required
/home/morgana/.codex/worktrees/assembled-allied-ai/orcs-vs-Fairies/work/ai-save401-final-453c221-r1	453c2218af9973b9eca8fb78392435bd9d46a740	roster-ui/2v2-replay.json	184766	381ca1185a6774cc3b6580c3d06d5c5696aa0f6ae814ae37d47c66a7164abb45	bf8ed2449d14c0f3bcf00d32af4ca831885c08212be96fecc96ebd8d581ee681	native_runs_saves_replays_screenshots	retain_actual_bytes	Retain run-specific artifacts, saves, replays, frames, transport captures, screenshots and outcomes.											actual_bytes_required
/home/morgana/.codex/worktrees/assembled-allied-ai/orcs-vs-Fairies/work/ai-save401-final-453c221-r1	453c2218af9973b9eca8fb78392435bd9d46a740	roster-ui/2v2-setup.png	347009	3aa2eae6d52c3be1aa997d599cd2411034a1fe05d57f61e76330c00a38768820	bf8ed2449d14c0f3bcf00d32af4ca831885c08212be96fecc96ebd8d581ee681	native_runs_saves_replays_screenshots	retain_actual_bytes	Retain run-specific artifacts, saves, replays, frames, transport captures, screenshots and outcomes.											actual_bytes_required
/home/morgana/.codex/worktrees/assembled-allied-ai/orcs-vs-Fairies/work/ai-save401-final-453c221-r1	453c2218af9973b9eca8fb78392435bd9d46a740	roster-ui/3v3-battle.png	660510	7e1a22b6b9d0dcd6764807d8b8b29bdb8e0f454d35a2536990d62512b116f98f	bf8ed2449d14c0f3bcf00d32af4ca831885c08212be96fecc96ebd8d581ee681	native_runs_saves_replays_screenshots	retain_actual_bytes	Retain run-specific artifacts, saves, replays, frames, transport captures, screenshots and outcomes.											actual_bytes_required
/home/morgana/.codex/worktrees/assembled-allied-ai/orcs-vs-Fairies/work/ai-save401-final-453c221-r1	453c2218af9973b9eca8fb78392435bd9d46a740	roster-ui/3v3-replay.json	245960	091a382a700febe5fa5eef7d3ea829ed7c954efcac0b61b802387f9e4ba5ca6e	bf8ed2449d14c0f3bcf00d32af4ca831885c08212be96fecc96ebd8d581ee681	native_runs_saves_replays_screenshots	retain_actual_bytes	Retain run-specific artifacts, saves, replays, frames, transport captures, screenshots and outcomes.											actual_bytes_required
/home/morgana/.codex/worktrees/assembled-allied-ai/orcs-vs-Fairies/work/ai-save401-final-453c221-r1	453c2218af9973b9eca8fb78392435bd9d46a740	roster-ui/3v3-setup.png	348022	0cede57c5d035a60aaf36202434812885dee8a8a6dbf4bee191b2699c3197833	bf8ed2449d14c0f3bcf00d32af4ca831885c08212be96fecc96ebd8d581ee681	native_runs_saves_replays_screenshots	retain_actual_bytes	Retain run-specific artifacts, saves, replays, frames, transport captures, screenshots and outcomes.											actual_bytes_required
/home/morgana/.codex/worktrees/assembled-allied-ai/orcs-vs-Fairies/work/ai-save401-final-453c221-r1	453c2218af9973b9eca8fb78392435bd9d46a740	roster-ui/4v4-battle.png	714339	e72957a1337568c3ba01893ea8b9b583c32792feacd49dadea0a5afb3f0c91e0	bf8ed2449d14c0f3bcf00d32af4ca831885c08212be96fecc96ebd8d581ee681	native_runs_saves_replays_screenshots	retain_actual_bytes	Retain run-specific artifacts, saves, replays, frames, transport captures, screenshots and outcomes.											actual_bytes_required
/home/morgana/.codex/worktrees/assembled-allied-ai/orcs-vs-Fairies/work/ai-save401-final-453c221-r1	453c2218af9973b9eca8fb78392435bd9d46a740	roster-ui/4v4-replay.json	501371	b4973a182353d6525fab2977e8adaaf32a6db1c9f2c46fa4f9575c3f177115fe	bf8ed2449d14c0f3bcf00d32af4ca831885c08212be96fecc96ebd8d581ee681	native_runs_saves_replays_screenshots	retain_actual_bytes	Retain run-specific artifacts, saves, replays, frames, transport captures, screenshots and outcomes.											actual_bytes_required
/home/morgana/.codex/worktrees/assembled-allied-ai/orcs-vs-Fairies/work/ai-save401-final-453c221-r1	453c2218af9973b9eca8fb78392435bd9d46a740	roster-ui/4v4-setup.png	335016	1ec6f2f27603eb7b727fa6e991c71bb117c6067ec8a5c6f618270938b44aa376	bf8ed2449d14c0f3bcf00d32af4ca831885c08212be96fecc96ebd8d581ee681	native_runs_saves_replays_screenshots	retain_actual_bytes	Retain run-specific artifacts, saves, replays, frames, transport captures, screenshots and outcomes.											actual_bytes_required
/home/morgana/.codex/worktrees/assembled-allied-ai/orcs-vs-Fairies/work/ai-save401-final-453c221-r1	453c2218af9973b9eca8fb78392435bd9d46a740	roster-ui/appearance-default-control.png	389227	49980df6fef5d9e0494055ab5d9484639b8b70d48ce0000c5a97f1f57efe51fe	bf8ed2449d14c0f3bcf00d32af4ca831885c08212be96fecc96ebd8d581ee681	native_runs_saves_replays_screenshots	retain_actual_bytes	Retain run-specific artifacts, saves, replays, frames, transport captures, screenshots and outcomes.											actual_bytes_required
/home/morgana/.codex/worktrees/assembled-allied-ai/orcs-vs-Fairies/work/ai-save401-final-453c221-r1	453c2218af9973b9eca8fb78392435bd9d46a740	roster-ui/appearance-default.png	389227	49980df6fef5d9e0494055ab5d9484639b8b70d48ce0000c5a97f1f57efe51fe	bf8ed2449d14c0f3bcf00d32af4ca831885c08212be96fecc96ebd8d581ee681	native_runs_saves_replays_screenshots	retain_actual_bytes	Retain run-specific artifacts, saves, replays, frames, transport captures, screenshots and outcomes.											actual_bytes_required
/home/morgana/.codex/worktrees/assembled-allied-ai/orcs-vs-Fairies/work/ai-save401-final-453c221-r1	453c2218af9973b9eca8fb78392435bd9d46a740	roster-ui/appearance-deuteranopia.png	389205	44b95e975ed4809bdd958a6b332d5538271e6a4ff26687b029bfdf3e4c7468e8	bf8ed2449d14c0f3bcf00d32af4ca831885c08212be96fecc96ebd8d581ee681	native_runs_saves_replays_screenshots	retain_actual_bytes	Retain run-specific artifacts, saves, replays, frames, transport captures, screenshots and outcomes.											actual_bytes_required
/home/morgana/.codex/worktrees/assembled-allied-ai/orcs-vs-Fairies/work/ai-save401-final-453c221-r1	453c2218af9973b9eca8fb78392435bd9d46a740	roster-ui/appearance-no-outlines.png	384215	9ca456e73d9f79a9e1c0e9efbe89ae779fda5334fdbd8e9b68930f47433673f6	bf8ed2449d14c0f3bcf00d32af4ca831885c08212be96fecc96ebd8d581ee681	native_runs_saves_replays_screenshots	retain_actual_bytes	Retain run-specific artifacts, saves, replays, frames, transport captures, screenshots and outcomes.											actual_bytes_required
/home/morgana/.codex/worktrees/assembled-allied-ai/orcs-vs-Fairies/work/ai-save401-final-453c221-r1	453c2218af9973b9eca8fb78392435bd9d46a740	roster-ui/appearance-no-patterns.png	388906	c3e44e49ade07d4744d1ae55ea3751dbbc6c5d65a23d8b3d7868a7a5dd9c10ac	bf8ed2449d14c0f3bcf00d32af4ca831885c08212be96fecc96ebd8d581ee681	native_runs_saves_replays_screenshots	retain_actual_bytes	Retain run-specific artifacts, saves, replays, frames, transport captures, screenshots and outcomes.											actual_bytes_required
/home/morgana/.codex/worktrees/assembled-allied-ai/orcs-vs-Fairies/work/ai-save401-final-453c221-r1	453c2218af9973b9eca8fb78392435bd9d46a740	roster-ui/appearance-restored.png	189510	ca6c851fecad38e93e08b3ce314edfa5b5f2ffbc23c16ee807e4071d1f75b1b2	bf8ed2449d14c0f3bcf00d32af4ca831885c08212be96fecc96ebd8d581ee681	native_runs_saves_replays_screenshots	retain_actual_bytes	Retain run-specific artifacts, saves, replays, frames, transport captures, screenshots and outcomes.											actual_bytes_required
/home/morgana/.codex/worktrees/assembled-allied-ai/orcs-vs-Fairies/work/ai-save401-final-453c221-r1	453c2218af9973b9eca8fb78392435bd9d46a740	roster-ui/appearance-tritanopia.png	389270	5b79caf832fd6a6831cd89f3de488164d033ef3d06d9c6a34209c53c09207975	bf8ed2449d14c0f3bcf00d32af4ca831885c08212be96fecc96ebd8d581ee681	native_runs_saves_replays_screenshots	retain_actual_bytes	Retain run-specific artifacts, saves, replays, frames, transport captures, screenshots and outcomes.											actual_bytes_required
/home/morgana/.codex/worktrees/assembled-allied-ai/orcs-vs-Fairies/work/ai-save401-final-453c221-r1	453c2218af9973b9eca8fb78392435bd9d46a740	roster-ui/historical-match.png	731069	ca702c8ce336507b3bce06cf7bedeeef4ee499ca62b278da9abb7d22f55bb9e5	bf8ed2449d14c0f3bcf00d32af4ca831885c08212be96fecc96ebd8d581ee681	native_runs_saves_replays_screenshots	retain_actual_bytes	Retain run-specific artifacts, saves, replays, frames, transport captures, screenshots and outcomes.											actual_bytes_required
/home/morgana/.codex/worktrees/assembled-allied-ai/orcs-vs-Fairies/work/ai-save401-final-453c221-r1	453c2218af9973b9eca8fb78392435bd9d46a740	roster-ui/historical-source-session-v1.json	117062	55e5db3c9622859e32cd946543bf65562df2492ab07b56b524b4cef57fd935ba	bf8ed2449d14c0f3bcf00d32af4ca831885c08212be96fecc96ebd8d581ee681	native_runs_saves_replays_screenshots	retain_actual_bytes	Retain run-specific artifacts, saves, replays, frames, transport captures, screenshots and outcomes.											actual_bytes_required
/home/morgana/.codex/worktrees/assembled-allied-ai/orcs-vs-Fairies/work/ai-save401-final-453c221-r1	453c2218af9973b9eca8fb78392435bd9d46a740	roster-ui/migrated-historical-save.json	137099	01bb163680c9643cc711ac0945f07ec49dfcbce05d84000b7cbab927feff34f9	bf8ed2449d14c0f3bcf00d32af4ca831885c08212be96fecc96ebd8d581ee681	native_runs_saves_replays_screenshots	retain_actual_bytes	Retain run-specific artifacts, saves, replays, frames, transport captures, screenshots and outcomes.											actual_bytes_required
/home/morgana/.codex/worktrees/assembled-allied-ai/orcs-vs-Fairies/work/ai-save401-final-453c221-r1	453c2218af9973b9eca8fb78392435bd9d46a740	roster-ui/results.json	8922	d2c60599219a658e32af6599c6c152c25ce114b28de6a00d5e2dbc1e0cd4b25a	bf8ed2449d14c0f3bcf00d32af4ca831885c08212be96fecc96ebd8d581ee681	native_runs_saves_replays_screenshots	retain_actual_bytes	Retain run-specific artifacts, saves, replays, frames, transport captures, screenshots and outcomes.											actual_bytes_required
/home/morgana/.codex/worktrees/assembled-allied-ai/orcs-vs-Fairies/work/ai-save401-final-453c221-r1	453c2218af9973b9eca8fb78392435bd9d46a740	serve/stderr.log	0	e3b0c44298fc1c149afbf4c8996fb92427ae41e4649b934ca495991b7852b855	bf8ed2449d14c0f3bcf00d32af4ca831885c08212be96fecc96ebd8d581ee681	execution_provenance_and_generated_outputs	retain_actual_bytes	Retain runtime, process, launcher and generated executable provenance bytes.											actual_bytes_required
/home/morgana/.codex/worktrees/assembled-allied-ai/orcs-vs-Fairies/work/ai-save401-final-453c221-r1	453c2218af9973b9eca8fb78392435bd9d46a740	serve/stdout.log	60	00773a508618c8c695493beb964d74bc3dd7da251d2ba411cbfc6d1124e9f6bb	bf8ed2449d14c0f3bcf00d32af4ca831885c08212be96fecc96ebd8d581ee681	execution_provenance_and_generated_outputs	retain_actual_bytes	Retain runtime, process, launcher and generated executable provenance bytes.											actual_bytes_required
/home/morgana/.codex/worktrees/assembled-allied-ai/orcs-vs-Fairies/work/ai-save401-final-453c221-r1	453c2218af9973b9eca8fb78392435bd9d46a740	server-data/server.sqlite	222466048	68634fdb8c709812659afbd36558b97ff98eb3874df918ef631355b106f346d5	bf8ed2449d14c0f3bcf00d32af4ca831885c08212be96fecc96ebd8d581ee681	native_sqlite_raw	retain_actual_bytes	Retain raw database bytes; lossless encoding remains held and unverified.											actual_bytes_required
/home/morgana/.codex/worktrees/assembled-allied-ai/orcs-vs-Fairies/work/ai-save401-final-453c221-r1	453c2218af9973b9eca8fb78392435bd9d46a740	server-data/server.sqlite-shm	32768	fd4c9fda9cd3f9ae7c962b0ddf37232294d55580e1aa165aa06129b8549389eb	bf8ed2449d14c0f3bcf00d32af4ca831885c08212be96fecc96ebd8d581ee681	native_sqlite_companions	retain_actual_bytes	Retain recorded shm/wal bytes separately; do not open SQLite, checkpoint, vacuum or rewrite them.											actual_bytes_required
/home/morgana/.codex/worktrees/assembled-allied-ai/orcs-vs-Fairies/work/ai-save401-final-453c221-r1	453c2218af9973b9eca8fb78392435bd9d46a740	server-data/server.sqlite-wal	0	e3b0c44298fc1c149afbf4c8996fb92427ae41e4649b934ca495991b7852b855	bf8ed2449d14c0f3bcf00d32af4ca831885c08212be96fecc96ebd8d581ee681	native_sqlite_companions	retain_actual_bytes	Retain recorded shm/wal bytes separately; do not open SQLite, checkpoint, vacuum or rewrite them.											actual_bytes_required
/home/morgana/.codex/worktrees/assembled-allied-ai/orcs-vs-Fairies/work/ai-save401-final-453c221-r1	453c2218af9973b9eca8fb78392435bd9d46a740	server/campaign-runtime.mjs	696670	a3cecf57e0492c1d309e1161280f906a9d9f7b58440e5c5cf5fce96734188fcc	bf8ed2449d14c0f3bcf00d32af4ca831885c08212be96fecc96ebd8d581ee681	execution_provenance_and_generated_outputs	retain_actual_bytes	Retain runtime, process, launcher and generated executable provenance bytes.											actual_bytes_required
/home/morgana/.codex/worktrees/assembled-allied-ai/orcs-vs-Fairies/work/ai-save401-final-453c221-r1	453c2218af9973b9eca8fb78392435bd9d46a740	server/canonical-campaign.mjs	506	bbbc83906b0fa0a5d95dae34a2ce25dd0e872408ae2f0448ef119a85da299b54	bf8ed2449d14c0f3bcf00d32af4ca831885c08212be96fecc96ebd8d581ee681	execution_provenance_and_generated_outputs	retain_actual_bytes	Retain runtime, process, launcher and generated executable provenance bytes.											actual_bytes_required
/home/morgana/.codex/worktrees/assembled-allied-ai/orcs-vs-Fairies/work/ai-save401-final-453c221-r1	453c2218af9973b9eca8fb78392435bd9d46a740	server/rts-server.js	830242	e1a22e6b5c98c4c73a4215cb2422213c8fca630c4822bd8dbbc2777c3ff7e8f2	bf8ed2449d14c0f3bcf00d32af4ca831885c08212be96fecc96ebd8d581ee681	execution_provenance_and_generated_outputs	retain_actual_bytes	Retain runtime, process, launcher and generated executable provenance bytes.											actual_bytes_required
