packet_path	git_path	git_mode	git_type	git_blob	bytes	sha256	reason
source-inputs/editor.html	editor.html	100644	blob	51e0de1a57ae4e2bddfbe9fbdbf1488b71137e9f	369	cf320786f46eee47df14e86ef90d6e231ee7e277cd79bef81440c80cab2c8096	duplicate-pinned-source-input
source-inputs/index.html	index.html	100644	blob	05a71890a516ec32794add33cbb4a240e06b106a	402	a37da3fff167dc23686215dc4b9a2cd21e835443b8ab06fffab627d520450f24	duplicate-pinned-source-input
source-inputs/package-lock.json	package-lock.json	100644	blob	2fec555a3260209d0973e7275422b4275443a889	54240	057f94325ad52a6e3f75d5decdb513baa4b9a0af2350651bb8886a61749a8c3d	duplicate-pinned-source-input
source-inputs/package.json	package.json	100644	blob	3dd822575b18004e18b671e6f1f08ca65d7f686d	1118	3370359ea75de06fe950a244b81a4fd0139805a50b587032c3e51e0b042f6ff6	duplicate-pinned-source-input
source-inputs/public/assets/automata-barracks-0.json	public/assets/automata-barracks-0.json	100644	blob	8fb2032413658b856debbeeac44e0fa6fa0fa721	1078	70b9f4d1387070b6406c9603a5e37cd202bd1af7dea1035cc93e56be825053c4	duplicate-pinned-source-input
source-inputs/public/assets/automata-barracks-0.png	public/assets/automata-barracks-0.png	100644	blob	6ee7ebe5e7e9e3e20cdcce4b3e5687ca6a6c4b0b	151835	94332226d3be7a380bd1da4ed03cbbaf8ce46cef1d4859d21ab2d23cd4a0b1ad	duplicate-pinned-source-input
source-inputs/public/assets/automata-cavalry-0.json	public/assets/automata-cavalry-0.json	100644	blob	915ae8dde9fa3496b05e990e35796abeb9caba1a	11946	ec48439b013c274335fa2295cc0f38dea0faf4b94aad19d9f92fe40d90f47acf	duplicate-pinned-source-input
source-inputs/public/assets/automata-cavalry-0.png	public/assets/automata-cavalry-0.png	100644	blob	9bf556b06aa6e5f2510675f89cdcb0c718b2ea05	478467	636ce9f1a0af3fa2f76089edb094a6c7b06f3516f5343193735ddbaf1717dc91	duplicate-pinned-source-input
source-inputs/public/assets/automata-cavalry-1.json	public/assets/automata-cavalry-1.json	100644	blob	40048576c8a75de041c97f135f64bda91895de5c	11997	58c5674215a7a55c9e49ee6360c9389f0dbed0e93b3a06e0ae7e9c19b1c58503	duplicate-pinned-source-input
source-inputs/public/assets/automata-cavalry-1.png	public/assets/automata-cavalry-1.png	100644	blob	18d9b8b447de514746618aab9dedc249f6f929a0	447679	df0ec6ab43375b886af3d6197b515aad5b8f65cb48ce6e7c47ebcc7e6feca93b	duplicate-pinned-source-input
source-inputs/public/assets/automata-cavalry-2.json	public/assets/automata-cavalry-2.json	100644	blob	fe9941aa645ec3f17ac18b0e13bb5fd7ffeadea0	11956	a425053f25a05a9508d1dc48916ef2fabad8e5a6c84829fa72509ecde62643f2	duplicate-pinned-source-input
source-inputs/public/assets/automata-cavalry-2.png	public/assets/automata-cavalry-2.png	100644	blob	0a33500bb06734833c6e4f273c9308f9a70d0bc6	673476	f8e70839b2b8b912c8d5c0475d9a898d3746e5f06dc0af274ed46873e8103f97	duplicate-pinned-source-input
source-inputs/public/assets/automata-depot-0.json	public/assets/automata-depot-0.json	100644	blob	0ec60f460a5d5c5757ac67ed56c0386c2fed63d5	1053	a8d1b7c8481318df833fb6c5183195ee8a583b36903747f028ce56195d04d50c	duplicate-pinned-source-input
source-inputs/public/assets/automata-depot-0.png	public/assets/automata-depot-0.png	100644	blob	9cfeb491ad0d80a0e6a41b55aca472e29346a3e2	82550	ddf5b1d72e1cc1e4b63bf086f5513412d0ad607ffb5921040879b3b4ebd4c28f	duplicate-pinned-source-input
source-inputs/public/assets/automata-gate-0.json	public/assets/automata-gate-0.json	100644	blob	b671b87bdefb1c23d030999a159681bba0f8cd58	1229	a74f9785317d60ab3113b215c09334857c8ad099c28a1dce8f2f244c1146fe7e	duplicate-pinned-source-input
source-inputs/public/assets/automata-gate-0.png	public/assets/automata-gate-0.png	100644	blob	fbbee8a18e3272d60ae3bb2702b933f728a672d7	132628	0e89b977feff6c1a4c8c20dc6ef6f86aeb76e986be2fc87a82564d691a7c0635	duplicate-pinned-source-input
source-inputs/public/assets/automata-hq-0.json	public/assets/automata-hq-0.json	100644	blob	be127555ebc6e015b3ccb76063e0a0106c03526d	1042	6a7d721422f38cf29f430feede7bc9a18a19df99ef04346521dfb3ea63c0187d	duplicate-pinned-source-input
source-inputs/public/assets/automata-hq-0.png	public/assets/automata-hq-0.png	100644	blob	92d8a385077f7b7f13e457aead5b90241efcfb71	165881	dc4d017b44199b1cee48f1993aeaca9a9f0e9fde6d6292668636987ccd3e1420	duplicate-pinned-source-input
source-inputs/public/assets/automata-melee-0.json	public/assets/automata-melee-0.json	100644	blob	9236eab8bedb805bd1d7fe192d83060f4e3e0ad8	18099	46e803ed7636f75916076aa571aea8d554ca6c3f69dd1f44fc460626399cf836	duplicate-pinned-source-input
source-inputs/public/assets/automata-melee-0.png	public/assets/automata-melee-0.png	100644	blob	0b2e2edd830d81ec633b0c54c16046e332988cd3	560226	399356ab33452e5a16c1539f31dbdb545992d2b6eb54304c7910b3362c66ce1a	duplicate-pinned-source-input
source-inputs/public/assets/automata-melee-1.json	public/assets/automata-melee-1.json	100644	blob	836c4d89dcf81ec6dc2624992cf7310d49b54af0	16791	4bd3c5b9dfd3d806cbb5db0486f4ebe25a7637d8a32e29d74ce0e522979f2be2	duplicate-pinned-source-input
source-inputs/public/assets/automata-melee-1.png	public/assets/automata-melee-1.png	100644	blob	4a7490983a457b50150c096b0551bde4eb9077d5	590134	3fc12bff7883f338276696ff725b2c90cdd7905cfc334eeb9e818ad77011bf3a	duplicate-pinned-source-input
source-inputs/public/assets/automata-ranged-0.json	public/assets/automata-ranged-0.json	100644	blob	25f025053c2c5109132ceaf7a86a3802e7afd4e6	18200	321abfa391fac2090e74a71627811e08c703f1571a17f3a088c0612dddbb7f57	duplicate-pinned-source-input
source-inputs/public/assets/automata-ranged-0.png	public/assets/automata-ranged-0.png	100644	blob	9c181dcd12f9f54b37062e5178f646a117a18e7c	502302	96c368a4e3399a1439b5de8c16da72ed11f3c86c6db67541d400d11cb11ca1a6	duplicate-pinned-source-input
source-inputs/public/assets/automata-ranged-1.json	public/assets/automata-ranged-1.json	100644	blob	5509c1b1c86ad64232393a914ca72fb00606e3d3	16875	99506af608431738467c49d15b0512f787f079c4cf045de4ae6099cfdc1b171a	duplicate-pinned-source-input
source-inputs/public/assets/automata-ranged-1.png	public/assets/automata-ranged-1.png	100644	blob	059b159bf89fd789dab58a36eb550e51eb8f5c3c	509322	da2fe55f331d07907fddfdec92692fed8d970c218882e49820b628b3c20c1cc4	duplicate-pinned-source-input
source-inputs/public/assets/automata-siege-0.json	public/assets/automata-siege-0.json	100644	blob	34cdf738c915938fb1866798467f4dd251241dd1	11839	e66dbde3d7045aa2d70043e3711cb4231f2a5c259df2d0ee2499dbc1d995a87e	duplicate-pinned-source-input
source-inputs/public/assets/automata-siege-0.png	public/assets/automata-siege-0.png	100644	blob	2fc68dd1b4c4233399f647c95f90c47505ed7254	614799	7d5bd66f0e63a5ce4623c9db75bd290b4f9eb3d7e469ddff00de38daca3e8cf5	duplicate-pinned-source-input
source-inputs/public/assets/automata-siege-1.json	public/assets/automata-siege-1.json	100644	blob	1bb9287a97bf8c3ac1bd7fd5cc5be4c3d560d3dc	11909	c1c639d6ee3ff1cc9bb5c1d3f92beab763a22aecadf68e0067683b9494b0736e	duplicate-pinned-source-input
source-inputs/public/assets/automata-siege-1.png	public/assets/automata-siege-1.png	100644	blob	c376b54cc5eb0b715e7ca3f2a8c0ff9d71484480	594588	fa65ba0e63e008ff36c7ce84a8f48e5fbc3e80212bbe790978aaf463deb6b90a	duplicate-pinned-source-input
source-inputs/public/assets/automata-siege-2.json	public/assets/automata-siege-2.json	100644	blob	ee2ab3e877ac9918767250eb0ff9065e46423266	11878	61f2a6d633f6b392afd0b00b7824a6961606e25dae5cf07570ccfd49791e4b77	duplicate-pinned-source-input
source-inputs/public/assets/automata-siege-2.png	public/assets/automata-siege-2.png	100644	blob	b0ce2147f9f6361b62bbeb73a90c0601e035e310	945428	17a8ba932e2a017838d95c781d095747b398407899c3d935f71428e8c8d17429	duplicate-pinned-source-input
source-inputs/public/assets/automata-spear-0.json	public/assets/automata-spear-0.json	100644	blob	ce959845d501bea5d1c6154c3199eed0c1876046	11747	f71e9a43071cb47b2b01c239a635bda316a7b853b18d4738bb8173c397dd076e	duplicate-pinned-source-input
source-inputs/public/assets/automata-spear-0.png	public/assets/automata-spear-0.png	100644	blob	9c4bcb8e49f3618b67103862dce3578d728612e0	382800	27ae2e2df44d766adc903fe1136abf50cd9a7567cc92732e3edb89f3bc56ad96	duplicate-pinned-source-input
source-inputs/public/assets/automata-spear-1.json	public/assets/automata-spear-1.json	100644	blob	fabc68c2161b40ab3b47dee1ecebb03e031d06fa	11808	a7f3c4f4591015934768433b112ee88fc079de0c2f5462d5f2540292e176586b	duplicate-pinned-source-input
source-inputs/public/assets/automata-spear-1.png	public/assets/automata-spear-1.png	100644	blob	8610a82b52956da9aca7e2bb4917dd1c53ec36da	348476	e882f54b1c2bc986ce6d122747c7fe9b81cd435c4e6e6b00eb3f8482533d235c	duplicate-pinned-source-input
source-inputs/public/assets/automata-spear-2.json	public/assets/automata-spear-2.json	100644	blob	29016704a0eb73e06ba102eed195443ab5982b1b	11812	bf7c1ede8a249e756ef66af74087630b1e78061a76fa9322f938812ee3914b6b	duplicate-pinned-source-input
source-inputs/public/assets/automata-spear-2.png	public/assets/automata-spear-2.png	100644	blob	3dff2145968b450cef9a42fe809d348a89616b67	538564	805ea88baff318d8beec8dcd6cb7703a73bc82588e853d3a34d85472e2f45964	duplicate-pinned-source-input
source-inputs/public/assets/automata-special-0.json	public/assets/automata-special-0.json	100644	blob	3724b53eac32c50f294853a348203c518aa61e35	18405	9b107adce7b6df36eb8406bd249417e84f6db6600b242a12250d85c02de2ed66	duplicate-pinned-source-input
source-inputs/public/assets/automata-special-0.png	public/assets/automata-special-0.png	100644	blob	878d0c7d61b9c20f98ec008d9c3d8a41ca22c794	834919	455397925866e6eb42d3b755bcfa61b5c15518d6cc63cc1eb9996297e8fd88c1	duplicate-pinned-source-input
source-inputs/public/assets/automata-special-1.json	public/assets/automata-special-1.json	100644	blob	65cecc92f28bc934f7f46fb7b46d03b97ae0bcdf	17080	39d06bf4c75996ba22f4c5ce7e3c5b7a2464569fa624c2dc776053638e23c8b9	duplicate-pinned-source-input
source-inputs/public/assets/automata-special-1.png	public/assets/automata-special-1.png	100644	blob	8b3af05a33aa0457836ac12c05a57313aa7fabc1	890003	4a212608c6d9ac1ae8deb44c87d9ba44a27ea43aa4c681c39654565949b929c9	duplicate-pinned-source-input
source-inputs/public/assets/automata-tower-0.json	public/assets/automata-tower-0.json	100644	blob	9340e8fb2ceb010f922480b70bb2a32e88aed887	1053	fb2410e5c6cc07a375a89349d96d0d327327271e82eeabc744a3cb33cc511a06	duplicate-pinned-source-input
source-inputs/public/assets/automata-tower-0.png	public/assets/automata-tower-0.png	100644	blob	d76894f942af94a50a2c2ae4a13b63a645f6901f	77540	47743ef45a68157e0ec1e386f50738dc6ab7c703335dc67469adac90ddb8e2da	duplicate-pinned-source-input
source-inputs/public/assets/automata-wall-0.json	public/assets/automata-wall-0.json	100644	blob	2dcd6cc25d4f176980263782bf0077d4bd29c7f2	1031	7a31cf3763d70480970699cd3002aec89d03d48cd1ac698cd515f2643d64f4c1	duplicate-pinned-source-input
source-inputs/public/assets/automata-wall-0.png	public/assets/automata-wall-0.png	100644	blob	9f51cd6a9f05de2a817d10a842eea4f9b7be7ddd	59240	15af8ea52b07b5c86154083521bdfd519a87edc9719d1bd59a6440b8e8ab697c	duplicate-pinned-source-input
source-inputs/public/assets/automata-worker-0.json	public/assets/automata-worker-0.json	100644	blob	d61240c12fc2dd88ffd1b29f41dd7156ab8d50a2	18200	da40677719e3b4e46ec2b88722088ef9329597f94e1fe586f6f2df3e126c436a	duplicate-pinned-source-input
source-inputs/public/assets/automata-worker-0.png	public/assets/automata-worker-0.png	100644	blob	ca44c53737db5230f003528c96602065fb272327	459977	c2599cad58be8f7042c16d3c1c81712b132f43d1b967235c2b4d51c06e092448	duplicate-pinned-source-input
source-inputs/public/assets/automata-worker-1.json	public/assets/automata-worker-1.json	100644	blob	cd07a087798139d01f5133917a4de140c9a96935	16887	9682314f9d1e04f0f6d8d7b5eeadeed02880f89fef710f032408f022149f94b9	duplicate-pinned-source-input
source-inputs/public/assets/automata-worker-1.png	public/assets/automata-worker-1.png	100644	blob	0dd5ffcc5aed0d804328410a6dc1284b07118b02	526894	0f9cf1b9d338b79ed3eae76d4600701f9ab18d8b45ef342c39b96127034f85d2	duplicate-pinned-source-input
source-inputs/public/assets/crystal.png	public/assets/crystal.png	100644	blob	38e6dd3ca8d9cffe7830095fca8cd4db6e7b4ac2	5732	dec66998267d66464e2118f90d018ed8a18d014587bf536a1466ab3fed4434cf	duplicate-pinned-source-input
source-inputs/public/assets/dwarf-barracks-0.json	public/assets/dwarf-barracks-0.json	100644	blob	efc82aecaca2d7365053902cbef5e08fab71c937	1055	29d5cef66cfa679bc39844d732cbd3d90e8ee0058364ff4e27bacd19c980a81a	duplicate-pinned-source-input
source-inputs/public/assets/dwarf-barracks-0.png	public/assets/dwarf-barracks-0.png	100644	blob	836851a3adaf8afc9cfd02ef34bd57117a911894	170423	046f38f6efaf405765d724d7d92eafebc95b982cba1088c009079dc0134fe6dc	duplicate-pinned-source-input
source-inputs/public/assets/dwarf-cavalry-0.json	public/assets/dwarf-cavalry-0.json	100644	blob	e45aa83bb00b43b324ed3f3b4ff773f43c25ae68	11587	ae6fb8e454949aa7b292a9665e95626f8be13b7ce5fe323f18a866b535bd0ade	duplicate-pinned-source-input
source-inputs/public/assets/dwarf-cavalry-0.png	public/assets/dwarf-cavalry-0.png	100644	blob	bbb93f31baff4b8b4204b4b5a4ed11c526ebb35b	405393	7a8866335cb2f4a2704f1a0dd72b408bbdb082820d3dd35787e1fec58f4bb94f	duplicate-pinned-source-input
source-inputs/public/assets/dwarf-cavalry-1.json	public/assets/dwarf-cavalry-1.json	100644	blob	3e469b63e9d3497f18a848e5c7ba292b81ce25d9	11687	e190f032e0ae4232b438b38943ee309db487e41dc195e0ea4e808a9034cb6b51	duplicate-pinned-source-input
source-inputs/public/assets/dwarf-cavalry-1.png	public/assets/dwarf-cavalry-1.png	100644	blob	226e3c14c449019000ceb23f648f21f59e4b5d76	370186	61b4fee9cb5815901a173395705c0f8289017d6095d549f86e5f84b736651d65	duplicate-pinned-source-input
source-inputs/public/assets/dwarf-cavalry-2.json	public/assets/dwarf-cavalry-2.json	100644	blob	1ff7f383725a9b10cfd1276f944df978a79b8144	11703	f015a3214d537ec13e25131603ec1c140d1c209f91349b870c335ffb2b3c4375	duplicate-pinned-source-input
source-inputs/public/assets/dwarf-cavalry-2.png	public/assets/dwarf-cavalry-2.png	100644	blob	507fc3cab22e7e6c981df1de2a306fcbb86d9cce	667858	1aec788f8afce27bdce4742fa7bb8cb7ac13baebb07932a14d149573d3064c95	duplicate-pinned-source-input
source-inputs/public/assets/dwarf-depot-0.json	public/assets/dwarf-depot-0.json	100644	blob	a7f330ecd2f7421b403f6c4f3e4a245af193314d	1035	72f13d910516f45d220ec1c5b971da029fa618ceb7c6e45638b2875929a39e6a	duplicate-pinned-source-input
source-inputs/public/assets/dwarf-depot-0.png	public/assets/dwarf-depot-0.png	100644	blob	8423f12f3cfeef9826fdad76f4ea1375260de45f	95928	c67fe6b9db6b3335ad58cfdc85b4096ea5311cf4dbc8400ceecea47cf23b06b3	duplicate-pinned-source-input
source-inputs/public/assets/dwarf-gate-0.json	public/assets/dwarf-gate-0.json	100644	blob	c4f6d056bc1df5705ce2e882049f0a03c74af7fd	1208	626c61c4b3b6ccf9c0a109651a488b3368435c871bd92ad8bdd7713cbea33a84	duplicate-pinned-source-input
source-inputs/public/assets/dwarf-gate-0.png	public/assets/dwarf-gate-0.png	100644	blob	44943c747a88cf1ac0618b7d8489cd6557736e1d	123813	93a6439578a9406ba4f7d7ed7bc208aebadd6a26d94209348dcf96ed18e3fcd4	duplicate-pinned-source-input
source-inputs/public/assets/dwarf-hq-0.json	public/assets/dwarf-hq-0.json	100644	blob	2486aecb0db84adb9fa03a790396b711d7962d5d	1019	2e5b995d35a3519be7fecb8af9283a3fadddb52455c3e1596c7f5f239cd55476	duplicate-pinned-source-input
source-inputs/public/assets/dwarf-hq-0.png	public/assets/dwarf-hq-0.png	100644	blob	f2a6eb034a29bf230be53f86bdc84faeb8ca0086	172700	579dc05bf1f1fc52c08b0fcf1e5d871bddccb15e291dc4b30e610115c93d6145	duplicate-pinned-source-input
source-inputs/public/assets/dwarf-melee-0.json	public/assets/dwarf-melee-0.json	100644	blob	6988f3a640dc43dec97a60972cb08bd27bf5d506	17796	3c7ff6d6498de687ff2ac5c7fa1b6ff2d2a2c7b27aafde7bcc1007d9c649f476	duplicate-pinned-source-input
source-inputs/public/assets/dwarf-melee-0.png	public/assets/dwarf-melee-0.png	100644	blob	91702198b9e60c423cffe404f361f73583f9c933	546594	965b0d70462026a591d369bc0088b7234cae7bf89a302094c1963ea6282ed90a	duplicate-pinned-source-input
source-inputs/public/assets/dwarf-melee-1.json	public/assets/dwarf-melee-1.json	100644	blob	e4c74bf14bd9ad038c127d2d55f7bb9ecca90bbe	16514	46ecebbfab8e06bc666a107a5b9ff115287c9960d3ee329cbf370a48ba22f9d5	duplicate-pinned-source-input
source-inputs/public/assets/dwarf-melee-1.png	public/assets/dwarf-melee-1.png	100644	blob	23febba923f04b58cb3e8e5396a23d45a395cf71	630206	b920d98208bdbc697d5a12c703519fa0f21af2515874e3638bb4042343a6ba09	duplicate-pinned-source-input
source-inputs/public/assets/dwarf-ranged-0.json	public/assets/dwarf-ranged-0.json	100644	blob	52cce08bda61017979a095449641f60f8524a202	17897	4e78f6595344dfeff91829e255f2ce0a84c77fbe5fd88c0c55c8bd87e128cbcc	duplicate-pinned-source-input
source-inputs/public/assets/dwarf-ranged-0.png	public/assets/dwarf-ranged-0.png	100644	blob	4d24f70b59cf3d48d54d524f036ca34c383009a7	499354	5f580d9b349b887a7d27f5576ff60159e15d694c5e5bb00937ccdfb209af860e	duplicate-pinned-source-input
source-inputs/public/assets/dwarf-ranged-1.json	public/assets/dwarf-ranged-1.json	100644	blob	af0d7286b409f8c32be601ed85bd1ea9ce96b549	16599	2b4623b86175880a3792c1dbd9f311d7855136a0aaae37b173f98186a82f2d63	duplicate-pinned-source-input
source-inputs/public/assets/dwarf-ranged-1.png	public/assets/dwarf-ranged-1.png	100644	blob	9e6541779a20d3220a160fdd43cc6abe4f50fd12	485019	7ed9c141c5d401cc040ff8c474e7d64822f5c3c7d9e6c318e5b1cfb0fabe7f68	duplicate-pinned-source-input
source-inputs/public/assets/dwarf-siege-0.json	public/assets/dwarf-siege-0.json	100644	blob	ffa5da3dc8a95323ebf9dbc0a19545bd74af89da	11544	ed6d384e51ca9fe5405080946261024e129f0e3fe3dfb9508d581bb562a8edf7	duplicate-pinned-source-input
source-inputs/public/assets/dwarf-siege-0.png	public/assets/dwarf-siege-0.png	100644	blob	036be934781c99817edaeeedd39f37ad81dc928d	625866	5d5da3ac82f497e13a6b0ff8e9d884554ad51c34ee96b723510e6b572dc8f0f2	duplicate-pinned-source-input
source-inputs/public/assets/dwarf-siege-1.json	public/assets/dwarf-siege-1.json	100644	blob	92a31753e5ac432e097f91aea838b536a3878076	11640	0d853e33bd8977acdb96ffacf4edd382920023b9d89d846b1bed83b10cd59b43	duplicate-pinned-source-input
source-inputs/public/assets/dwarf-siege-1.png	public/assets/dwarf-siege-1.png	100644	blob	66e4ea51f4632454d381bc8ef352ef3b255a2492	616167	1902307230bde33f2e709a48bb9761053e61957b1252fcb1ea27b74961920897	duplicate-pinned-source-input
source-inputs/public/assets/dwarf-siege-2.json	public/assets/dwarf-siege-2.json	100644	blob	bd97067c1d7f11c02ec33e518a41a1f223aefc81	11636	bb7e8c29deb73f21681e8a2fac9f9be71c3f9ac783dc513c5bf6260140eb6379	duplicate-pinned-source-input
source-inputs/public/assets/dwarf-siege-2.png	public/assets/dwarf-siege-2.png	100644	blob	82c6f16c5989661fd8e3c080243b1c89449cf17a	857366	1ef924a939ecb3848ec727cbcd19c4b994e6cf531bb9704a6a8df32ede02b270	duplicate-pinned-source-input
source-inputs/public/assets/dwarf-spear-0.json	public/assets/dwarf-spear-0.json	100644	blob	e7be37ce8671a1bfd83a8cb2ea9a7d0ad715fd28	11522	fb22711e83dad1f9372e606a3612bfc8702725972f75ed480596e0f86a3b2839	duplicate-pinned-source-input
source-inputs/public/assets/dwarf-spear-0.png	public/assets/dwarf-spear-0.png	100644	blob	e48960b103f22919973742eef86558885f33e8c0	346715	ea05f6bf1cda9e9d769d8664f099e5a1530e226ba1c18c824628ff8e1ad2f5c5	duplicate-pinned-source-input
source-inputs/public/assets/dwarf-spear-1.json	public/assets/dwarf-spear-1.json	100644	blob	8ce7e890deb93be55e106d11f940e65c685e690c	11593	d1a4c523f1ae26aa038f5832a3c3dd2bddd920ecb0eb632a2f9365809f45370c	duplicate-pinned-source-input
source-inputs/public/assets/dwarf-spear-1.png	public/assets/dwarf-spear-1.png	100644	blob	29911f2f9201e4cf6ab81e08feda636c7da9c6b4	291180	61e75a22afb89d47fb611edacd6bb7dc615e70d8504ebbec2d2a92c2f62fea53	duplicate-pinned-source-input
source-inputs/public/assets/dwarf-spear-2.json	public/assets/dwarf-spear-2.json	100644	blob	f712e8ebac0bcf7a9cb86efb42689f8e26ccd1ec	11603	e4d456508db2e846a741a1da4375a48c71a7e54ae27d2fa88e9c78691d636d55	duplicate-pinned-source-input
source-inputs/public/assets/dwarf-spear-2.png	public/assets/dwarf-spear-2.png	100644	blob	10a683fe8d6cd6285b8494cde6df1290a9e94593	486707	07b0d3aee6ea50bb7acda824d657dfbc0bdeb08f3682e69964ca0c9260f10df5	duplicate-pinned-source-input
source-inputs/public/assets/dwarf-special-0.json	public/assets/dwarf-special-0.json	100644	blob	cf626759d401c841e94da516a7d619f1d5952496	17998	eb22024ad0def6128ab4730f749834277bcc27e14dfd3e0f14cf09c306ead6e7	duplicate-pinned-source-input
source-inputs/public/assets/dwarf-special-0.png	public/assets/dwarf-special-0.png	100644	blob	ee82a0498e243f2356e2d50fa5ae26933b6975ee	530986	383f11d183468fc7c38dc21dd40e875857c81941bbae323ae85dbed3525dc29a	duplicate-pinned-source-input
source-inputs/public/assets/dwarf-special-1.json	public/assets/dwarf-special-1.json	100644	blob	b05cb182d8a609b73454d6a55b17a28c97b00380	16718	5fd049797cd5526f1d6d2c491b7d61df77a28c4f5d58d3e6e20ac8fe5d038dd2	duplicate-pinned-source-input
source-inputs/public/assets/dwarf-special-1.png	public/assets/dwarf-special-1.png	100644	blob	cf00ab4f1fc017545ed87985656bf107dc8e0f8f	740922	0c3e8dc441a82681e5952454dec617bb1a7bb6aa317af96cdb38d9eda2d0693e	duplicate-pinned-source-input
source-inputs/public/assets/dwarf-tower-0.json	public/assets/dwarf-tower-0.json	100644	blob	5a9cc37feefcb6e7c8dd674ea9d880cceb29bbf3	1035	34b0d308a7ef1ddf20124637425a47bb39d2f10a4c32f0960f7de4c7199b9a26	duplicate-pinned-source-input
source-inputs/public/assets/dwarf-tower-0.png	public/assets/dwarf-tower-0.png	100644	blob	8256d06417d6a30d952402054e80269677068477	121902	741162b5540f3aa0770d0d88f335faca0ae5aa22208dd8be9404bdadb89e54f9	duplicate-pinned-source-input
source-inputs/public/assets/dwarf-wall-0.json	public/assets/dwarf-wall-0.json	100644	blob	172312dc19aafb88eebec86068a469ff70d24d2b	1015	947036018a91debce10567642c9359ecedb611564cb9fa4a180b012c855b985a	duplicate-pinned-source-input
source-inputs/public/assets/dwarf-wall-0.png	public/assets/dwarf-wall-0.png	100644	blob	b6b25b637ce4b54669f7161c2e626d7c9fef12f9	55216	61c87ffc42e235afcc35fb91e5ea4c8aedefb466f36041f4200393913d2f9757	duplicate-pinned-source-input
source-inputs/public/assets/dwarf-worker-0.json	public/assets/dwarf-worker-0.json	100644	blob	ad96222428d93be539d897317078d889b6eaca98	17897	0da1bbb15b96b34e459a858a8235c08fb127d8967b03e01804eb9d947019e827	duplicate-pinned-source-input
source-inputs/public/assets/dwarf-worker-0.png	public/assets/dwarf-worker-0.png	100644	blob	f307ace3cd9b11fc8ba4d407fae1d546d59db66d	471972	2644d99b66a5d9eed08aee38d72a7a39cc3fb939fc765dd309c969d0667ddbe2	duplicate-pinned-source-input
source-inputs/public/assets/dwarf-worker-1.json	public/assets/dwarf-worker-1.json	100644	blob	9d4d36fba39a11afc29506e107c735a1a341dd66	16606	85b245297e078c414df96604fda6760e493884c4c7cb684bc4c2fc7095da475f	duplicate-pinned-source-input
source-inputs/public/assets/dwarf-worker-1.png	public/assets/dwarf-worker-1.png	100644	blob	2d42e3342747179a9bffe720155f7199a45bcdca	508717	f719f45f4b49c048302e4705a73e1087bc7034f0f5c2db508dd507f29d505700	duplicate-pinned-source-input
source-inputs/public/assets/fairy-barracks-0.json	public/assets/fairy-barracks-0.json	100644	blob	9cb9ee9fa086367b887d1c5e0cc123c9e59691a8	1060	d01c2d6a308a0f3ee8038dbbb91cd52216f4f05742b04b0a1f590002bc5729d5	duplicate-pinned-source-input
source-inputs/public/assets/fairy-barracks-0.png	public/assets/fairy-barracks-0.png	100644	blob	95a8281ee0093642df9e8701e4d2201c6eb8df73	174724	e749ee84aca2ce6b8f9e88397075de7c932dbce304fd37b1f9bcd48e7bc9924f	duplicate-pinned-source-input
source-inputs/public/assets/fairy-cavalry-0.json	public/assets/fairy-cavalry-0.json	100644	blob	3c5c36a99b722c8d4aed4d951e014a0e463e3620	11694	9e15a6b5e9412cceb4a5e7d8e899b96a4759582df944487fa7df4da02c5d7631	duplicate-pinned-source-input
source-inputs/public/assets/fairy-cavalry-0.png	public/assets/fairy-cavalry-0.png	100644	blob	4478975283a1796f5ea3ce6a15b418bd7e2e84a2	550510	65a6b200b99e1cf7fbeace712faabf0e0c22189f10cb1eb6188a3a4bbe8ff01f	duplicate-pinned-source-input
source-inputs/public/assets/fairy-cavalry-1.json	public/assets/fairy-cavalry-1.json	100644	blob	a5e0aa51820f460e3c0f46da73dafdc5703dec1e	11754	26241c7837e105fca0cd028735d41d2a329df8f55b3e68e6cb4e08c903dddb8d	duplicate-pinned-source-input
source-inputs/public/assets/fairy-cavalry-1.png	public/assets/fairy-cavalry-1.png	100644	blob	2a9ad0031af682591a3e6428ab66051c8ffd864f	583903	1c7f297a4c289217425cc60c32f6604f50a05c6b8274de7f2e86b8aced2f4301	duplicate-pinned-source-input
source-inputs/public/assets/fairy-cavalry-2.json	public/assets/fairy-cavalry-2.json	100644	blob	a23476817d57503e15a1806d9112d439ab231385	11776	e93f3fa08e006927575c7d50d1c0f696ef3dd0f653a8b0e66569ecac31e748b2	duplicate-pinned-source-input
source-inputs/public/assets/fairy-cavalry-2.png	public/assets/fairy-cavalry-2.png	100644	blob	53561819b9d4a0a2a6046508b71d6f9fcf01e3bf	830687	764b797a8221382bf505bd0e02dad42d96daeae780c151ed0b48319d91d463b0	duplicate-pinned-source-input
source-inputs/public/assets/fairy-depot-0.json	public/assets/fairy-depot-0.json	100644	blob	556ac0881b596f976b0d8ec12080d3e990dd1f01	1035	996d71d8db22bd092eb6f048bf612fab50ec81793f7eb008f4ca05917dab34f1	duplicate-pinned-source-input
source-inputs/public/assets/fairy-depot-0.png	public/assets/fairy-depot-0.png	100644	blob	4f06eb6829d7e365f01ffa6890db778ee850e020	128850	c3ca204451ed3bf02e8f95004c1f669f423df5da3d329d544d61a9a20c29d28e	duplicate-pinned-source-input
source-inputs/public/assets/fairy-gate-0.json	public/assets/fairy-gate-0.json	100644	blob	f48a9ae0aec438fc1fb24e3b7b13028ade9dd934	1208	0ffef2c3d0798360fa72082b826ae30aaff339fa40492656e13fe430cf6cce54	duplicate-pinned-source-input
source-inputs/public/assets/fairy-gate-0.png	public/assets/fairy-gate-0.png	100644	blob	df626e50cc46a3a227be5ca2eb7ccd09675d5a92	119323	bcc1b4c497f5cbf2b0b3f6f2cd8494421df63e6d7da69045947ff90e24b03e69	duplicate-pinned-source-input
source-inputs/public/assets/fairy-hq-0.json	public/assets/fairy-hq-0.json	100644	blob	19bc962f59e46b7c65831d074626e149e60a63fa	1024	1ba165beec607f0d947fb386fa8107683d44cea726be45420045263d0b64b3e3	duplicate-pinned-source-input
source-inputs/public/assets/fairy-hq-0.png	public/assets/fairy-hq-0.png	100644	blob	5e93bbdf844b661ad18b35fb9d707306270637e5	200315	e89a09cb4a5384185d8ba542e9c378e68a0ec90470791bf30661d3097b6fd16c	duplicate-pinned-source-input
source-inputs/public/assets/fairy-melee-0.json	public/assets/fairy-melee-0.json	100644	blob	7da4870e9029a85fcef2c4223c62f4daa0212595	17992	cee575dbcce0101318e0c2d3dc26777db2a649825eaaadd894ff24a58ff1a0f9	duplicate-pinned-source-input
source-inputs/public/assets/fairy-melee-0.png	public/assets/fairy-melee-0.png	100644	blob	8865788f17183bd849d695c8fbd7452e71ebcff7	676704	bd06c14cc9342b9f93b4ae06933c14fbe2fab0e0e81b8e0017a5a31ab9c7efd6	duplicate-pinned-source-input
source-inputs/public/assets/fairy-melee-1.json	public/assets/fairy-melee-1.json	100644	blob	67cc9e12c19366788a33ce0daa71cbe8eae210c2	16643	93f21f27ea7a99ab1e624e71485df30961ce59beb6bee49372c4ece84bb080bd	duplicate-pinned-source-input
source-inputs/public/assets/fairy-melee-1.png	public/assets/fairy-melee-1.png	100644	blob	cb205203ec2b5d06f4f08b13fc78be2cf52f0c0f	764618	a87e1f23d3a233439dfeda7a9111dbfe239d16cc3977df42974060e97da1f894	duplicate-pinned-source-input
source-inputs/public/assets/fairy-ranged-0.json	public/assets/fairy-ranged-0.json	100644	blob	1617ef5951ffeebc5ac7705e1f886c134aee7f90	17999	a319561edd9a030cb147c1629ff8cec740bea44bf61618e1ae1c5a597d35aaf2	duplicate-pinned-source-input
source-inputs/public/assets/fairy-ranged-0.png	public/assets/fairy-ranged-0.png	100644	blob	04b125544a5ae4cc8009ef3cf9e65b4c4ecd7d9f	681562	9bfa82a82a1aeb917640a4d7e25950bbd05b7e1d3ac151b07e1ae869e7199d81	duplicate-pinned-source-input
source-inputs/public/assets/fairy-ranged-1.json	public/assets/fairy-ranged-1.json	100644	blob	e3d35e3b81ed2a0bd59ff86f8b15af99d9b672b7	16669	9d88def6a51ffe7fe4e0754735473415798246eabe7bc928d6cbfe9917a0cd2f	duplicate-pinned-source-input
source-inputs/public/assets/fairy-ranged-1.png	public/assets/fairy-ranged-1.png	100644	blob	f9a95c3f275eeb555f2e5573b8339d297221c5cb	760611	2fbc33df93eeb6db8ea509c35bf8832b8a27065b81370697d6a83b736f32d4dc	duplicate-pinned-source-input
source-inputs/public/assets/fairy-siege-0.json	public/assets/fairy-siege-0.json	100644	blob	f33f722e6323f3ba6431f5cb7fab3d35c362b98a	11560	f3db81758a3c3f7e3f2c97a37f81e57e97aa73e8d1ef2604eca68479b5e5d807	duplicate-pinned-source-input
source-inputs/public/assets/fairy-siege-0.png	public/assets/fairy-siege-0.png	100644	blob	9458dc3919f7e17ccbb0e77eeac72c5fec897f62	664680	e3b5099b642a4fbaf297a17c01661f0617a7356e76c2c271a9e2fd82985321ab	duplicate-pinned-source-input
source-inputs/public/assets/fairy-siege-1.json	public/assets/fairy-siege-1.json	100644	blob	cf2a13a6460da5d9d6dd246062a0d25c731fdbdc	11663	e30cfee1be1420ea0fb5dfd7541e3dbef3a5a045c0484c556be2684b7d9f6d56	duplicate-pinned-source-input
source-inputs/public/assets/fairy-siege-1.png	public/assets/fairy-siege-1.png	100644	blob	415cf6bdf7481da3a3e7f96b70564f2e035899fd	621834	5817765d33963c3099406e74f9b55363df43fba8433478167914ab16e0ad7135	duplicate-pinned-source-input
source-inputs/public/assets/fairy-siege-2.json	public/assets/fairy-siege-2.json	100644	blob	a5caa55e1f4c4fd76336d64b1a0791e86a37a431	11677	763767008c4613e8c9a524b86c0361be8a1df19d9d20cd137869d7e21a4dfada	duplicate-pinned-source-input
source-inputs/public/assets/fairy-siege-2.png	public/assets/fairy-siege-2.png	100644	blob	37bd35d1ef10b4c30a6cb5b7180ea8f58532cb33	902546	5f647885dedba404125287b59fddf99458d8c7342cee58295a23a438a1922b20	duplicate-pinned-source-input
source-inputs/public/assets/fairy-spear-0.json	public/assets/fairy-spear-0.json	100644	blob	f518721ac5755638f1ca2b90301354431dacf320	11564	07172d0dd93402de0f20e841cd3291c4954118dff9565856dd87402b9be3bd57	duplicate-pinned-source-input
source-inputs/public/assets/fairy-spear-0.png	public/assets/fairy-spear-0.png	100644	blob	7d6fce104aabcf2765d381ac7262efbe00a20464	466630	15dff2226044a3d6756ba5a987c96e5476bddc9d77f037dc2ab10f80ac37480d	duplicate-pinned-source-input
source-inputs/public/assets/fairy-spear-1.json	public/assets/fairy-spear-1.json	100644	blob	3fe5aa5dbfa8b3c7e329429bb0d355efbed4e25e	11628	bef85fc49dd0c45658ada8f3c13b89462ea30f690c78dbbad7d74c43d9527a5d	duplicate-pinned-source-input
source-inputs/public/assets/fairy-spear-1.png	public/assets/fairy-spear-1.png	100644	blob	ab99c9c131d9583078b0b07111d27746ad7b26a4	505380	efbacb1892294867ae7a6fde86d04f3410b82d5f433efc184e37345e8e74c66b	duplicate-pinned-source-input
source-inputs/public/assets/fairy-spear-2.json	public/assets/fairy-spear-2.json	100644	blob	4bbd2b711d4a71a3f28513b05333f3e6846b569c	11635	180c18b3ef042e7621b6b2e46e5de3f03dd72e5813163403e82e30175e0c2649	duplicate-pinned-source-input
source-inputs/public/assets/fairy-spear-2.png	public/assets/fairy-spear-2.png	100644	blob	26311bdeeb9ea86b59efa57c4569388632670279	626485	8847288870489dec847a34df309f47b916e76b55bb307b33b716d81503a88721	duplicate-pinned-source-input
source-inputs/public/assets/fairy-special-0.json	public/assets/fairy-special-0.json	100644	blob	87f3f542e970713fd8b9c5ba9c06994fd5204a71	18174	38ee77bb9a5299a6f6357afc4e61f02caa3a72a660e607b3051bb15436998cfc	duplicate-pinned-source-input
source-inputs/public/assets/fairy-special-0.png	public/assets/fairy-special-0.png	100644	blob	54e8a9278263ac840a8d8752eb959790e190739a	903327	a7ad5c7348485975bd2f8949da4a6f2e9682f7df04755e246be0aa4f5ed78dea	duplicate-pinned-source-input
source-inputs/public/assets/fairy-special-1.json	public/assets/fairy-special-1.json	100644	blob	7541edd985f3c803889586746b97f6562a1664bd	16846	58fe4b7601cc48bb90bcd90ea03f06932a6e49c4994fd6e11163484490637f6b	duplicate-pinned-source-input
source-inputs/public/assets/fairy-special-1.png	public/assets/fairy-special-1.png	100644	blob	535327b4a2625f8640e65891e522099329c5f305	998730	1097f728985c64018c337a2764ed2b1cfda5a0969c63acccbd2eeb5a4a92bc67	duplicate-pinned-source-input
source-inputs/public/assets/fairy-tower-0.json	public/assets/fairy-tower-0.json	100644	blob	ef36f343735e685748654e7f781e3e856d0a3bff	1035	e81c20f64980cfc06823dec08ae33869150788b259efffd0cb934916d0d77a2d	duplicate-pinned-source-input
source-inputs/public/assets/fairy-tower-0.png	public/assets/fairy-tower-0.png	100644	blob	89d67edca9a751b70f5be204be050cfdf38e9e89	128185	fa0293e62c62509b84077e709d9a6cf1211bbdd40f736ed6ef66e5d71233ee66	duplicate-pinned-source-input
source-inputs/public/assets/fairy-wall-0.json	public/assets/fairy-wall-0.json	100644	blob	ebe431b23468ba7034ee03e1e2debfd1eaf351e6	1015	aeed0177b2fc0de7a6a358397d1db3098ba8508d3f0ceece96890281483df4b9	duplicate-pinned-source-input
source-inputs/public/assets/fairy-wall-0.png	public/assets/fairy-wall-0.png	100644	blob	76a19e0f25bb4f38a3e185dca2b44ae59059aa6c	56815	1c67ee51391eb206c699569f1635745a56e93dc8d22a9e2350ed7821cf7cc4ff	duplicate-pinned-source-input
source-inputs/public/assets/fairy-worker-0.json	public/assets/fairy-worker-0.json	100644	blob	94706c03434d1715c3b71c661cd26a9214c20f29	17897	c91e0a2c3c925f9f5ab6e4b41a07bfbe49b593bb41fc056866516639bdc2c5f7	duplicate-pinned-source-input
source-inputs/public/assets/fairy-worker-0.png	public/assets/fairy-worker-0.png	100644	blob	99c2b2dbbc3b5c5696d377b7e650b97f2cd57f18	592585	7a5f11815ff683fbad358fa54788b150f2af351e547385a816fa227bef15c9c9	duplicate-pinned-source-input
source-inputs/public/assets/fairy-worker-1.json	public/assets/fairy-worker-1.json	100644	blob	db23a565b2f4314b0c8241309173d6522831ed07	16606	e926a679882d687e91ec4d4f4140c80d07bb25a219aa912799e1a1e7280a41d4	duplicate-pinned-source-input
source-inputs/public/assets/fairy-worker-1.png	public/assets/fairy-worker-1.png	100644	blob	165e6f416d3eea975e5f37ff271e45c10a4baeac	687912	d954c068724a3cdb42f7710796d8461f0a60b814486f65d6c455701eb43156c5	duplicate-pinned-source-input
source-inputs/public/assets/flowers.png	public/assets/flowers.png	100644	blob	ad3e345afc81abe9823d3ef5f6276956737d4998	2321	928922da03068328f14924ed4262f96395c75f2df274b9f6020ccf669a645889	duplicate-pinned-source-input
source-inputs/public/assets/manifest.json	public/assets/manifest.json	100644	blob	7a808f43fce081290d108509fc179f1ef51e44fd	465759	bdb079abfd27fc3a77364c0f1032d1b5326374dbe436fc8fca26a758dcdf4143	duplicate-pinned-source-input
source-inputs/public/assets/orc-barracks-0.json	public/assets/orc-barracks-0.json	100644	blob	018167e69c36e993de996ecc0f2c75d93c2a2221	1045	2cc13aaca709cde585341e5df4653b9c92dae175aebdbc6beb04306e769f0622	duplicate-pinned-source-input
source-inputs/public/assets/orc-barracks-0.png	public/assets/orc-barracks-0.png	100644	blob	2e4e19cdc37b3ec10023729c3f23df4171b8d3d9	187705	72db293814ca1f363f40b915a4c1e2471f6374fe6d6e7aaeec1b56ac2ba24590	duplicate-pinned-source-input
source-inputs/public/assets/orc-cavalry-0.json	public/assets/orc-cavalry-0.json	100644	blob	3a705e616bfcfc298a7652814550d52b53043934	11535	efccc9fd1c4c1739b746dee7b76436e126b9a290821472bf68d6c25d68eabd38	duplicate-pinned-source-input
source-inputs/public/assets/orc-cavalry-0.png	public/assets/orc-cavalry-0.png	100644	blob	12a9cd816c9b274a041e88da7aec6257394cfb2d	453913	bea74d74714a618ef3fa1be9fe1a70e1e196f8ec0127d4db0ffccfbfe3d166b1	duplicate-pinned-source-input
source-inputs/public/assets/orc-cavalry-1.json	public/assets/orc-cavalry-1.json	100644	blob	dada8da838e6bedcc817a8230f6a36c54880732c	11597	5604eac6edaa1675a5aa621f69f20213256f9faca06a79c681a45c12f4c3d83b	duplicate-pinned-source-input
source-inputs/public/assets/orc-cavalry-1.png	public/assets/orc-cavalry-1.png	100644	blob	2c6c04bd42583473f398648563b777f02b7fb93d	400878	1c258ecd6eca552e4414d717203107444fe4cfaaee8b1cae18229306f0481464	duplicate-pinned-source-input
source-inputs/public/assets/orc-cavalry-2.json	public/assets/orc-cavalry-2.json	100644	blob	c8a03c911a64d9d4224a248d5b6dbe1ccd98c3b9	11623	d621f0d2e79b6b1e860f18303932ed36643f24840d09d32099f4e880cebee7d0	duplicate-pinned-source-input
source-inputs/public/assets/orc-cavalry-2.png	public/assets/orc-cavalry-2.png	100644	blob	36d9a779b417198ef3b50f93909c15f2d10a2ce5	731192	bb9e88f3de045444bf27b657982aa21f7b9cc17b62a3d2cd9c46b35b0008ae1d	duplicate-pinned-source-input
source-inputs/public/assets/orc-depot-0.json	public/assets/orc-depot-0.json	100644	blob	41914048f36016c5bda58101a41b4d205f5d7d6e	1021	3a46c413ce1a8cb8ed0dd1b241b20d0b38b0830b028402ba1718340cccace650	duplicate-pinned-source-input
source-inputs/public/assets/orc-depot-0.png	public/assets/orc-depot-0.png	100644	blob	8f53b7710a9381390b10082e87be6a7038dcc694	108004	c311a47efa740685f3bab7b7187d26d81555db0748b7ec39b41af2a2e7500bd2	duplicate-pinned-source-input
source-inputs/public/assets/orc-gate-0.json	public/assets/orc-gate-0.json	100644	blob	86b709c7e7b8460caf8ee45d1db668efede227df	1194	9b810e169185105eb29c8a5a0e3d117470de1acc614c70cb93e2d5bd8e7b2eca	duplicate-pinned-source-input
source-inputs/public/assets/orc-gate-0.png	public/assets/orc-gate-0.png	100644	blob	ff795b0a1bcc73f871efab419f4eada7c1cf81f3	107004	0025af6ac7343c7dc79618d383080576f83f6cfc84675a1394e974d9164a3377	duplicate-pinned-source-input
source-inputs/public/assets/orc-hq-0.json	public/assets/orc-hq-0.json	100644	blob	e6a06ee6757e562209e52b1d3eaf43c82fedbbe0	1009	d0167615d53afea2574916fbd27b1821c5ade286c7774f2fb574ab81f0f6b0e3	duplicate-pinned-source-input
source-inputs/public/assets/orc-hq-0.png	public/assets/orc-hq-0.png	100644	blob	8e9e495cc65f33b7de717b069b576ef2f0e1805a	197989	77004af70f77fc1d9ece925b129667f5d1d7c8d99ba041f7d5a870c5dcaebd90	duplicate-pinned-source-input
source-inputs/public/assets/orc-melee-0.json	public/assets/orc-melee-0.json	100644	blob	1af01c4814760d055f8273723d759de6701dbf9c	21260	860ce5305a43aea938a038b8d16d1e0de35f6a33f10e2c1ff29e3245a2a205fe	duplicate-pinned-source-input
source-inputs/public/assets/orc-melee-0.png	public/assets/orc-melee-0.png	100644	blob	bf787823972958d95ba566016e1380463b919fdf	930477	7656821dc40c65e30e71c5401c24ff2209f04c90a66a250c5b7e125bec20d452	duplicate-pinned-source-input
source-inputs/public/assets/orc-melee-1.json	public/assets/orc-melee-1.json	100644	blob	4cee08d5238fa4a3392ff000d5b6a2ca9b415dae	12795	90a12870baf06386d06c7fd21b5fbfff3eb78dcc7ee21f9c9190119d8ced7d52	duplicate-pinned-source-input
source-inputs/public/assets/orc-melee-1.png	public/assets/orc-melee-1.png	100644	blob	e40810dcd5ae342ff9907e043e2c5abd66048089	714649	90a27742141fde5f0f5a5a1a8ca70c6daf21f3edb45c06e5867f0e32ba3e2443	duplicate-pinned-source-input
source-inputs/public/assets/orc-ranged-0.json	public/assets/orc-ranged-0.json	100644	blob	da7cca92499315d7f151700b4a591b196053df8e	21309	5e173c2f70b75085d0d86109e0f725505b084f5b4d4bfff285e0c7ae3b12de1e	duplicate-pinned-source-input
source-inputs/public/assets/orc-ranged-0.png	public/assets/orc-ranged-0.png	100644	blob	14fa6e7d1644ff58d165bf0292f8bc95867fb584	790751	3b0d14933033f6fa34442c7cb0654cef8d77955383c0a742c2d3f61d1f9f0057	duplicate-pinned-source-input
source-inputs/public/assets/orc-ranged-1.json	public/assets/orc-ranged-1.json	100644	blob	2bf40a90631da7045076ce30740ae75d0f283c18	12852	dd623ab4c165598f0d34aebf76baa7276081b566f9e803c112f890fa09d875f6	duplicate-pinned-source-input
source-inputs/public/assets/orc-ranged-1.png	public/assets/orc-ranged-1.png	100644	blob	d1fa954c8fce5646d5f106ebf176fb630559a486	587740	3ae6ca0448e157745883c9167cc35c23dfa915b93c37f2b8ab6a4956858f1473	duplicate-pinned-source-input
source-inputs/public/assets/orc-siege-0.json	public/assets/orc-siege-0.json	100644	blob	6d5e8e47c95551021a3538822026d749644d73ef	11446	86b39c03496cac71f6f40dda700cc82a19e8adac611b4948fcb43b32613c3971	duplicate-pinned-source-input
source-inputs/public/assets/orc-siege-0.png	public/assets/orc-siege-0.png	100644	blob	d6c76046fb2e645c05bbe3272c0953d9199ee1eb	594903	eca4c524f94f938fb3c9fefad50e666d952a7b1fcdb95505ed0da5f869efc1f6	duplicate-pinned-source-input
source-inputs/public/assets/orc-siege-1.json	public/assets/orc-siege-1.json	100644	blob	42af6133ae10d50d689650debcc2781826ae7769	11534	95a77c1c33d59f4e9524d7b45f0bc668e6c07bef9fbe26032738c15db37d3ada	duplicate-pinned-source-input
source-inputs/public/assets/orc-siege-1.png	public/assets/orc-siege-1.png	100644	blob	206522648dd39f0108322280dfbeec4901e1ef20	579525	e361df360aba787f5cc21b62a2b1c9f54978c7a56aa5dde81e0f4cdb78801e92	duplicate-pinned-source-input
source-inputs/public/assets/orc-siege-2.json	public/assets/orc-siege-2.json	100644	blob	30ed1eeb0f9f8c1055af52bb79c8453d0eab532a	11522	5aebf7a13b82ebe95077d0be76bf4a186fd3153eaffeb3d25c0d870f39bffda8	duplicate-pinned-source-input
source-inputs/public/assets/orc-siege-2.png	public/assets/orc-siege-2.png	100644	blob	0c80bdf14ce1f7d3f99cd0f944be495b841097e0	846435	3c1a5acf2af2e41ed970786b4b4c3ca2add70044d953d2b1843db4270157dd86	duplicate-pinned-source-input
source-inputs/public/assets/orc-spear-0.json	public/assets/orc-spear-0.json	100644	blob	177c5d6e7dfdf438d4651353b0c62e65fee4e715	11362	061ed46c263fdc148cf59ac228a5e909f24a81d394eedd49b78bc4ad66005c8e	duplicate-pinned-source-input
source-inputs/public/assets/orc-spear-0.png	public/assets/orc-spear-0.png	100644	blob	43fb81e055425d2a4903d4bce05913c7af8f58b6	464089	af01e1641dce833999f2f78100883e4a2b6e4dd53c6993a704e5e91f5aa3677c	duplicate-pinned-source-input
source-inputs/public/assets/orc-spear-1.json	public/assets/orc-spear-1.json	100644	blob	cdf602d0e0d6dc7a9aa474bd47ae8e7f58b96787	11451	7b7cd29b4e76f1b754315b96dd1458ad3b597400d5618d843fef82d423b06c44	duplicate-pinned-source-input
source-inputs/public/assets/orc-spear-1.png	public/assets/orc-spear-1.png	100644	blob	4930695410b31d496dcac7a4dae15aea5b75387a	392316	f346844a6a7c86d25f0f9746bd88bd14f1eca20e25c37c2756a9ff4171f910c2	duplicate-pinned-source-input
source-inputs/public/assets/orc-spear-2.json	public/assets/orc-spear-2.json	100644	blob	d0ae92083d75e3348bcda8d123de9f91cd97ffdb	11474	f390ecb3d95bbe3a26cf4b5a288f2d9847b723fb4c23687bf420d1adda25e242	duplicate-pinned-source-input
source-inputs/public/assets/orc-spear-2.png	public/assets/orc-spear-2.png	100644	blob	87caf9b7189634bf39a6828f25f5f673877972c2	637591	01361bd2d08effa4a3c1960274603896e9bba3551ed8bb8c613ea09ef2f28c85	duplicate-pinned-source-input
source-inputs/public/assets/orc-special-0.json	public/assets/orc-special-0.json	100644	blob	de2e1a2fb02f7798322c43752ad7547926759c3f	21446	425de3d2c6bfb39da24f130e4fae10edbd2c3479f6147da6ac2e9b174ea5dbb1	duplicate-pinned-source-input
source-inputs/public/assets/orc-special-0.png	public/assets/orc-special-0.png	100644	blob	0cfcb9eca62f6be7659f13b2ae10013c33977b0f	950480	10a72b7cd8c3a22ed4e30a00a5be5ab826d4357a26e947cee7d153ec4ae66a4d	duplicate-pinned-source-input
source-inputs/public/assets/orc-special-1.json	public/assets/orc-special-1.json	100644	blob	a682153943096a9362d9ddd3cf7b7149c060f8f6	12924	97718f49d6251ea79fa0564cda3e7bb1e9fd5e05b12edaa5a9935024ae1432c7	duplicate-pinned-source-input
source-inputs/public/assets/orc-special-1.png	public/assets/orc-special-1.png	100644	blob	5201394512d5a871e22031501cf74c1c73ec33f1	723207	61d1b8f5497e0a7ffd041b0cc23fd69a4231b66edd08e56e729ce54acffa98a2	duplicate-pinned-source-input
source-inputs/public/assets/orc-tower-0.json	public/assets/orc-tower-0.json	100644	blob	3301ea277ac40aeffb130f72670087e8d40d3e7c	1021	2c74a31e276018d22a2d45931c680108668dd3fda98210b2d864d385d9b02587	duplicate-pinned-source-input
source-inputs/public/assets/orc-tower-0.png	public/assets/orc-tower-0.png	100644	blob	bbc89ed95a3fcc64c65af8e8fb1bec2bc7baddc3	152231	4feb489b030830215b82bf797ca5fa51d36f903136a75607f9f9f44b7fefa530	duplicate-pinned-source-input
source-inputs/public/assets/orc-wall-0.json	public/assets/orc-wall-0.json	100644	blob	33bf9c9871c0d7b695c54541b59d27a2cb82d804	1001	d3e2284ab4aa1eef9be64e3705a61fffe7d2fe44c012522bd2cd2096f27af0ff	duplicate-pinned-source-input
source-inputs/public/assets/orc-wall-0.png	public/assets/orc-wall-0.png	100644	blob	1b6be4bece1a01dcf89c478e39bb8f257c713d5b	50391	e00a3add65100b983024253dcc0673a1dde4fddfed46daf03a3018ecf3eefbb5	duplicate-pinned-source-input
source-inputs/public/assets/orc-worker-0.json	public/assets/orc-worker-0.json	100644	blob	e161db3d15ee62b5e0f242cf04fc7560843933c3	21253	e8be9f70666ebd3d6f97250e68aa2a5a30d22f150da34f675c57710dabddd804	duplicate-pinned-source-input
source-inputs/public/assets/orc-worker-0.png	public/assets/orc-worker-0.png	100644	blob	101bf6f13553dada0089a0c7d898f91df020644e	785387	08a7352f26c291e2334c603794ed8877314daa2837fd2e970e036dd1861716be	duplicate-pinned-source-input
source-inputs/public/assets/orc-worker-1.json	public/assets/orc-worker-1.json	100644	blob	3cc150e14d88de7bf733ef86f830b47347b9dd82	12839	ce0cf11a24083db5054fc046e8cc18fc82f58b86cba66f154bc437616492c2d7	duplicate-pinned-source-input
source-inputs/public/assets/orc-worker-1.png	public/assets/orc-worker-1.png	100644	blob	482bda984fc1d19c435a231afaaf89a0e8fe8ae9	600698	9f40978a56b1be3b5a9063dd6b9d8eb94880f6f858c9b92134e31ee6fd342714	duplicate-pinned-source-input
source-inputs/public/assets/ore.png	public/assets/ore.png	100644	blob	db0006dca7f2c5d33d88a8e239efcc8033af061c	8424	553437bd8cff3fb1dd2b2e3470d7ce713c7b7320093923777b837f1e84c2a1d8	duplicate-pinned-source-input
source-inputs/public/assets/portrait-automata.png	public/assets/portrait-automata.png	100644	blob	0bf2c18ce0ee6fd3d28efffa55936161bba87e31	11515	3f5634ea42dc1333711abf910768e3cec7f78f35c96ee702eabee3b31b2deccc	duplicate-pinned-source-input
source-inputs/public/assets/portrait-dwarves.png	public/assets/portrait-dwarves.png	100644	blob	007f56de70de7cc9c6f77f129d9a8c8337dd44e9	7815	b1a45935b10ccadb755c8587ec68033890f36bb7f3fe1372bca0c462b157d7ee	duplicate-pinned-source-input
source-inputs/public/assets/portrait-fairies.png	public/assets/portrait-fairies.png	100644	blob	85ff22e860176c5c7bdcba57d775f851fdf790f1	12748	09fa81ad477dfb7560eeebd984e772b8e3df0fca8426762b5fa43ad7fc399bb9	duplicate-pinned-source-input
source-inputs/public/assets/portrait-orcs.png	public/assets/portrait-orcs.png	100644	blob	fceae80e0b1d46234207f79466b5c06c97c80211	11203	e5e4c504c204867f652eb2444fe5455557e6a5c19727cace79b89a08affde2b7	duplicate-pinned-source-input
source-inputs/public/assets/portrait-tideborn.png	public/assets/portrait-tideborn.png	100644	blob	9fe0169b1409dcd6feffc42a8cc32597ca31d259	8307	c6c0d9c898f891b58ed84466961e2d0d9a3199c86a881d461f47824d1b32941d	duplicate-pinned-source-input
source-inputs/public/assets/portrait-undead.png	public/assets/portrait-undead.png	100644	blob	517307c13bbb6dfdbe177620a804eab3d92df21f	6476	9d525f6e771cf24e31d370cb450c500a0e417d3aafd41df7429de4364017be28	duplicate-pinned-source-input
source-inputs/public/assets/reeds.png	public/assets/reeds.png	100644	blob	b5592c537967775dc31ba4869cda91f7256f623d	4184	0a82434e6174a516b9b88e48f38dfde35179107be7e8e810dc928c18e1b5870c	duplicate-pinned-source-input
source-inputs/public/assets/ruin-pillar.png	public/assets/ruin-pillar.png	100644	blob	5b66c67797ab0ccae9c6c8aca4edbea3add7cde4	8128	b9ac2769d249b0a31e1a14becc47de25c95b7bf4c9239160b8f7b2253447869b	duplicate-pinned-source-input
source-inputs/public/assets/ruin-ring.png	public/assets/ruin-ring.png	100644	blob	0fec90e06d33a6e357d35163486022a7fd584009	25134	364ff2bd129ebfbdade387113eae7dbbbba64aae811ca8bbef5217d881864992	duplicate-pinned-source-input
source-inputs/public/assets/selection-automata-barracks.png	public/assets/selection-automata-barracks.png	100644	blob	3b5a8c43cad874f8b6f84c26555a37409e413834	22767	24f41ddb97b4169f29a63e5c265f8e1c72957c7f390577183cb47e68631943a0	duplicate-pinned-source-input
source-inputs/public/assets/selection-automata-cavalry.png	public/assets/selection-automata-cavalry.png	100644	blob	3cec0d2ed6ba486bcc23daf20c73b49f855982a5	11680	0c548328ead320b5a3bd6c8e9b4ba1fcfb6b2f1f4a1b2be0d4bf6dbd00545e4a	duplicate-pinned-source-input
source-inputs/public/assets/selection-automata-depot.png	public/assets/selection-automata-depot.png	100644	blob	9ba619bc472b97a199b84db990041b72809157e3	19483	4038baf550abc3343e120e8675fca206711dda6c0701e4f56559b96c6692632c	duplicate-pinned-source-input
source-inputs/public/assets/selection-automata-gate.png	public/assets/selection-automata-gate.png	100644	blob	9f7e7290c313394812cfd9d6eeea210c375f3c8d	26527	bae72d46a274207e4fa7a933135b3d7dead162da8312242c9d6e8431ed01589e	duplicate-pinned-source-input
source-inputs/public/assets/selection-automata-hq.png	public/assets/selection-automata-hq.png	100644	blob	5b36910ac7d0b7f323b56bc6b5c18463c4dfc0fe	22280	8c241cd633d214af73872eade496b6c4921b1c8922da5b6c6571ac7b49b09e77	duplicate-pinned-source-input
source-inputs/public/assets/selection-automata-melee.png	public/assets/selection-automata-melee.png	100644	blob	d75125fa6c9223bce1e9a7f2b271f9dc62facca1	7471	c3df68e8a76d5455b19307c8ca62d9f1b02dda557f98c867a37c1be332fa7f8d	duplicate-pinned-source-input
source-inputs/public/assets/selection-automata-ranged.png	public/assets/selection-automata-ranged.png	100644	blob	fbcb51c02fe94323724e998e06a1411221b3a774	6383	e701751f41dff32e15787d1ec6715d9396abc03e0add3cc180790ae9f820b5b2	duplicate-pinned-source-input
source-inputs/public/assets/selection-automata-siege.png	public/assets/selection-automata-siege.png	100644	blob	432469988062a0c03d4b5da3037110f74a99c361	16993	77bb5e9a38d764725c98c64b4106fa0127604c55bf17d72d683589915aade1bc	duplicate-pinned-source-input
source-inputs/public/assets/selection-automata-spear.png	public/assets/selection-automata-spear.png	100644	blob	3f2f31ea1565c45c9d9e116d568379f442cddc6c	8639	790ab69ca009e17bdff7812c17acec0ffb99cc563a2e7555b2d618adf2aee208	duplicate-pinned-source-input
source-inputs/public/assets/selection-automata-special.png	public/assets/selection-automata-special.png	100644	blob	b419dca5bb121bae6d3b27771462dcb65d9a26e7	11453	cc6cda43bb2ac4ad1d637788413fa4ff12e9b6773c103d3daa7f9a53ed9c4e79	duplicate-pinned-source-input
source-inputs/public/assets/selection-automata-tower.png	public/assets/selection-automata-tower.png	100644	blob	95df981c2bb95b0ffd34e96692ca5044e3fd7a93	13362	1885a94df83691c4241cb82fd4d83bd3ce8466a8c08646fa67b9fcc314be2649	duplicate-pinned-source-input
source-inputs/public/assets/selection-automata-wall.png	public/assets/selection-automata-wall.png	100644	blob	d21879a1db7bdf9c3a1a3cd26cac647729a8e2a6	13278	91fd420341279b4b493d8aacef3e3027fce77ce6aaa06dc2c715e8ee212c6f78	duplicate-pinned-source-input
source-inputs/public/assets/selection-automata-worker.png	public/assets/selection-automata-worker.png	100644	blob	1365a2dbd3456368f47d50e79e73d7729a8f1356	6185	cf96eb70957761358b15a4fc906717ea3242d00f9b12ffa2a233414a77e27b27	duplicate-pinned-source-input
source-inputs/public/assets/selection-dwarf-barracks.png	public/assets/selection-dwarf-barracks.png	100644	blob	e15e6a7b1c83dcf61ee57e00b9aa41d4458c93b1	25278	b50a2b23b8eba6f60a2e434e14df466570e35301ba12809b5c80caaa5786d221	duplicate-pinned-source-input
source-inputs/public/assets/selection-dwarf-cavalry.png	public/assets/selection-dwarf-cavalry.png	100644	blob	e76213a4c1a5261a599419daf0d32d638c41cb2d	11692	896e147069b4358bf85fabcb82929b5f2261805150524fa0066c34339883ce1e	duplicate-pinned-source-input
source-inputs/public/assets/selection-dwarf-depot.png	public/assets/selection-dwarf-depot.png	100644	blob	0a0abf962355944a40dbdeb57e7110361e02a8b1	22212	f24cba2f765a0addff707657e33afe7ca580c36446ff994848771ca1215b3edd	duplicate-pinned-source-input
source-inputs/public/assets/selection-dwarf-gate.png	public/assets/selection-dwarf-gate.png	100644	blob	67552304be0001a103bda208c9e359bd1c839ab8	25745	716238d3cd593b7151ae0abc98cbe95c5e4f070e43e1df5ec0fb8af48c957f8d	duplicate-pinned-source-input
source-inputs/public/assets/selection-dwarf-hq.png	public/assets/selection-dwarf-hq.png	100644	blob	32604a9650187bbf9d4c4bc58164dcb65901b3e1	22861	6629e35dda84ab7c807de09d24fe1da196524882434fc22bbff16be877e03b54	duplicate-pinned-source-input
source-inputs/public/assets/selection-dwarf-melee.png	public/assets/selection-dwarf-melee.png	100644	blob	90971855d3d5f17d0e6036815548baee121ec52f	7726	17bce517199188f58125b293438da1ba6551222fbfd300bac5705c0eb44f2c8b	duplicate-pinned-source-input
source-inputs/public/assets/selection-dwarf-ranged.png	public/assets/selection-dwarf-ranged.png	100644	blob	3034fcb530e2d16fb169937487a30c335ce966b7	6849	c357befeca31ec8c4de6279628d62c0b4c632323021834e8a9c4b14c234588aa	duplicate-pinned-source-input
source-inputs/public/assets/selection-dwarf-siege.png	public/assets/selection-dwarf-siege.png	100644	blob	f07a7b003724babeaa44363db89f563912fbe9bd	14340	95e837a56e774bfd2003602f9a5647b3d55ad0b3bd65e17a745f9c33c74b2485	duplicate-pinned-source-input
source-inputs/public/assets/selection-dwarf-spear.png	public/assets/selection-dwarf-spear.png	100644	blob	70994bbdf7ca7d0c1518273458c45c06608b18b4	8624	3c54d66ccd484948cfdf585615a6fc9da35e209adb5674e62b7d35d91b67f9f0	duplicate-pinned-source-input
source-inputs/public/assets/selection-dwarf-special.png	public/assets/selection-dwarf-special.png	100644	blob	e8c8247c811881137ce9ac724d290d35906278a5	8224	8c1c08ea7c16686488aa1557523fd0c972da63e8b1a496c8edefe4fa0bae3038	duplicate-pinned-source-input
source-inputs/public/assets/selection-dwarf-tower.png	public/assets/selection-dwarf-tower.png	100644	blob	4cd819a010e7a5bccc4d06a65296d2f6d9d639c3	24128	003cfdfde405c17086e2bfded3e98b6f057f08ba4bd62e79d433925ae525d89a	duplicate-pinned-source-input
source-inputs/public/assets/selection-dwarf-wall.png	public/assets/selection-dwarf-wall.png	100644	blob	b4ef25077da0cc70417ecf871acbcad2a064ba62	13160	64b263b15f943356a535a0a00a1a3e8875a593d8a9aa83b4b899878d6d0f1ba0	duplicate-pinned-source-input
source-inputs/public/assets/selection-dwarf-worker.png	public/assets/selection-dwarf-worker.png	100644	blob	afead90e940ac7b304a21ac4999eadd6ca4f4195	6021	8d7a0e18a57434c6321a10689f12b129820984fc5b4d4c0ffc3f1473e3812441	duplicate-pinned-source-input
source-inputs/public/assets/selection-economy-caravan.svg	public/assets/selection-economy-caravan.svg	100644	blob	6cbf783bf5a1114f899be6cac884c006bcc1482a	355	a664d6ca2b052c3dc86d9f5eb08d3e0f9829072b1459ad6a1e3c713b96df416e	duplicate-pinned-source-input
source-inputs/public/assets/selection-economy-deep-mine.svg	public/assets/selection-economy-deep-mine.svg	100644	blob	577fab49af9861627f05eca9e87594306c5babe3	270	9e11f307fddd1c6e1d4d3b3c51a636cad83a88a295657262eb1e1e16185e7505	duplicate-pinned-source-input
source-inputs/public/assets/selection-economy-extractor.svg	public/assets/selection-economy-extractor.svg	100644	blob	2e2541e25004bf743f29fe1f8c1bec8c862fa94d	318	a9d69ed4281bff8b3a6ef73e166f2fc8b4302657fed98fcfdbacd230e36e6c88	duplicate-pinned-source-input
source-inputs/public/assets/selection-economy-warehouse.svg	public/assets/selection-economy-warehouse.svg	100644	blob	65d15a84dc29a27944112608ec3fee4d46fe1adc	305	04d3cd858dfb3bdb499b17894484da41871e1c4576266d094f8fd2343bb5843d	duplicate-pinned-source-input
source-inputs/public/assets/selection-fairy-barracks.png	public/assets/selection-fairy-barracks.png	100644	blob	f3d5fff255a3ad184ab5bc9230da5cc4a285ef7c	20510	5e48377ad08f9fc3c9d790ed73cf1b3b3748903506f88b50701a07658e84504f	duplicate-pinned-source-input
source-inputs/public/assets/selection-fairy-cavalry.png	public/assets/selection-fairy-cavalry.png	100644	blob	93644187335b25f38d2cc16330b62830392fb53a	14077	aab3b2dab50d5d95b9bd9ba88118e7e3798abbb039fb9c0283e5acf3c601d234	duplicate-pinned-source-input
source-inputs/public/assets/selection-fairy-depot.png	public/assets/selection-fairy-depot.png	100644	blob	ce925c5a30a9ff5a8921f157ce344d60a413113c	20749	a78fd57c5e7bbf6442f1c8b066ff2d92063cd1e5feb87544798af2c90f75b140	duplicate-pinned-source-input
source-inputs/public/assets/selection-fairy-gate.png	public/assets/selection-fairy-gate.png	100644	blob	8553ac9c0b61e5303d21b86b1fba0dfbe5e04e45	24662	67ae1a480008e1171c97c4b4209feb77eb29d96e7203c5d166dd45634bbec625	duplicate-pinned-source-input
source-inputs/public/assets/selection-fairy-hq.png	public/assets/selection-fairy-hq.png	100644	blob	3aeed89a9730bd4c692d2c339ca272061b3aeeef	25548	b692dda89a723f42a0d5d0d26a57b8566444e2d363dcecf21fac5f103242e277	duplicate-pinned-source-input
source-inputs/public/assets/selection-fairy-melee.png	public/assets/selection-fairy-melee.png	100644	blob	c34f0a3725d13bf1201e7b53e7832bb8146c9644	8932	785f6a574daaadcf1cc1bed1852635279bb44b7364131e2e3f3bce12be819101	duplicate-pinned-source-input
source-inputs/public/assets/selection-fairy-ranged.png	public/assets/selection-fairy-ranged.png	100644	blob	806e96ca3aa82c1ef38187dc45172c4dccd1a232	9115	559c0c5de85b5fada89a95093dcc26d043064c8cea100206b92ca1b52fc4c8df	duplicate-pinned-source-input
source-inputs/public/assets/selection-fairy-siege.png	public/assets/selection-fairy-siege.png	100644	blob	bfed5b1c60e4835f8340db5478ecea1dda163a65	16158	0b614f43306d6e941fb72443580c97683b118d306f6ddbe40018ef5cd5047b0c	duplicate-pinned-source-input
source-inputs/public/assets/selection-fairy-spear.png	public/assets/selection-fairy-spear.png	100644	blob	1c7687615a507e727e1bf10cf3c76e087cba4a7c	10538	02689c13c924469b2a37741ec19f0ee7cdb3fda8a30efa22ae825bb5fde08474	duplicate-pinned-source-input
source-inputs/public/assets/selection-fairy-special.png	public/assets/selection-fairy-special.png	100644	blob	abe17e3b11b0b77365dabf3c6d9e954b98d8d265	12687	51bffd6b8d614c5dc8caf34f6bf46c667944483c32cff8b26c6dfab3272a3e1a	duplicate-pinned-source-input
source-inputs/public/assets/selection-fairy-tower.png	public/assets/selection-fairy-tower.png	100644	blob	5cab439205aeee07c29f6150d6cd52a22ee9129c	16089	390df0b78c14ba48b360e04684ab616441189d957696a0c1493a7c6107d01947	duplicate-pinned-source-input
source-inputs/public/assets/selection-fairy-wall.png	public/assets/selection-fairy-wall.png	100644	blob	a6c9a4cdd12d23352c53a49decce744bca5aa60f	13676	3bdf148d1de42ad26be362a8f24c7765461e5282295e46dd97266dbc90a631cb	duplicate-pinned-source-input
source-inputs/public/assets/selection-fairy-worker.png	public/assets/selection-fairy-worker.png	100644	blob	305488e9eee1af4df920cc4ebdca8aba0a59bc90	8045	3584bae156cb3443c30cc1f4a396872e98da490797b18360d59438d0d32d3947	duplicate-pinned-source-input
source-inputs/public/assets/selection-orc-barracks.png	public/assets/selection-orc-barracks.png	100644	blob	c6e5b26aaa4e005f3730929cdcea27a0cc5ad43d	23958	0dcfa1305234209d008c5010ca02d4eb279c9b8099c2fd8a078b12028fe32c36	duplicate-pinned-source-input
source-inputs/public/assets/selection-orc-cavalry.png	public/assets/selection-orc-cavalry.png	100644	blob	7946340c669954f6cd089b80b564919e7438f54f	13036	9c7d4282432372386ab17eb11e9dc5d62288fc42fd1c3007f46d23558addc5ab	duplicate-pinned-source-input
source-inputs/public/assets/selection-orc-depot.png	public/assets/selection-orc-depot.png	100644	blob	40f824a726866f982dbe9fe88cfb3d2b84039401	20347	2aa6c41c0edb69234dee28a3204e32a3479f874fdcc7ae786a917a3e3b12ab6f	duplicate-pinned-source-input
source-inputs/public/assets/selection-orc-gate.png	public/assets/selection-orc-gate.png	100644	blob	ff14ef53d6c11d1f20111cb5f13a2569f6875270	22556	92d10aa87c544a61a0854a8d0a62f1960a9a41f88f15c1cffcafbacef74751b9	duplicate-pinned-source-input
source-inputs/public/assets/selection-orc-hq.png	public/assets/selection-orc-hq.png	100644	blob	fab2f301e6470acbe65de3e9bc396c10aaf7812c	25199	535f343c0c039cf4054e72df99562216855377516cae938242732b7c4a58cec1	duplicate-pinned-source-input
source-inputs/public/assets/selection-orc-melee.png	public/assets/selection-orc-melee.png	100644	blob	79be365f0950a31aefc4465ce77fd518323c3c1d	11146	6ba55e59b228eebdbcdbc5358208796d77e560e98fd69dd66d4b3c143deffb0f	duplicate-pinned-source-input
source-inputs/public/assets/selection-orc-ranged.png	public/assets/selection-orc-ranged.png	100644	blob	a29f9a85d723a6ce78f23c26edf0f83aae7d942c	10526	f4d5637318ad85f58e92c7c0595461f4e1d9b0664d41ce413b403323ea3e102b	duplicate-pinned-source-input
source-inputs/public/assets/selection-orc-siege.png	public/assets/selection-orc-siege.png	100644	blob	31a763ae67c1f95f60d36f591c1b7134fb71ca53	14705	a35909d570e69e5dabb32aedd382d92a900032b213f5dc9bdf6fd37c9699eafb	duplicate-pinned-source-input
source-inputs/public/assets/selection-orc-spear.png	public/assets/selection-orc-spear.png	100644	blob	07e453f7be56ed0bdf60a9cb92c3d7afaf26cae5	11635	8c880604106db78feaae0669766e418d3798c1097ddec0991757c167c9a7fba6	duplicate-pinned-source-input
source-inputs/public/assets/selection-orc-special.png	public/assets/selection-orc-special.png	100644	blob	1766d86d18ec90ccf1ff47c2715d820330e9bf39	12100	5b66ff29e65061faab8ea0c0aead027bfd7bf50c2bc45030968568a452b7e70c	duplicate-pinned-source-input
source-inputs/public/assets/selection-orc-tower.png	public/assets/selection-orc-tower.png	100644	blob	0d09b468fecd27a5e4e694f86609fe19c253e03e	16244	15089e9a5a4da20d24484e0b44a34b837064974005e2c41767e3ea6f4dcb4fd4	duplicate-pinned-source-input
source-inputs/public/assets/selection-orc-wall.png	public/assets/selection-orc-wall.png	100644	blob	96f979f3055885dbe2513a0796c869ab5882ed75	11488	c92cbbca00672d6e998e73c9db16b149f1acb3cd50d04e8df53077813611b8cd	duplicate-pinned-source-input
source-inputs/public/assets/selection-orc-worker.png	public/assets/selection-orc-worker.png	100644	blob	343c4aecba9e51d0f08b05dee03a3676284f1ea3	9229	45a888e5ece5aea5d87e9961912cee4964edbad9629136f9b50e7d9da90f6b02	duplicate-pinned-source-input
source-inputs/public/assets/selection-tideborn-barracks.png	public/assets/selection-tideborn-barracks.png	100644	blob	fd1c9c3a907c29020baf415caafa307f638cafb0	19697	856a5dcbbfcbed5713fff36b457c87db4d62a844dbdc3bf7758a6c4995368a76	duplicate-pinned-source-input
source-inputs/public/assets/selection-tideborn-cavalry.png	public/assets/selection-tideborn-cavalry.png	100644	blob	e1e60c6b6b0ad1c5175b9161d18d9e3026401889	14732	4014caa03c1748bc9b107f5f922795ebe639a91ac4a66883e3295a2620448b23	duplicate-pinned-source-input
source-inputs/public/assets/selection-tideborn-depot.png	public/assets/selection-tideborn-depot.png	100644	blob	8e46685308f9311ded620463feda3d8b96916e7b	13713	f171e64b81c7894f5e1d137ba2f3803d2ca231f7ba48737cf54f33c1e049bbe4	duplicate-pinned-source-input
source-inputs/public/assets/selection-tideborn-gate.png	public/assets/selection-tideborn-gate.png	100644	blob	c90ed1df668a345736af18bb33f4f633323d380c	26109	4f752d211a6fcb4defef15837dc03db9adf6920334f0d5b82b01ec8aeb9e8c6e	duplicate-pinned-source-input
source-inputs/public/assets/selection-tideborn-hq.png	public/assets/selection-tideborn-hq.png	100644	blob	262b27af5b2d252180b421fea54c839263b233fe	23103	0f5b383c7a3eb1547d70fb1932ed22554b8253cf623dfad545e283097e0d4439	duplicate-pinned-source-input
source-inputs/public/assets/selection-tideborn-melee.png	public/assets/selection-tideborn-melee.png	100644	blob	f47de6446e3b62e8e430e66991ba96dbc702e099	7914	9e8e4e02aeac10aef217c105400fa6c51c3c054a8ae88a496e7a6e56d0ac9b54	duplicate-pinned-source-input
source-inputs/public/assets/selection-tideborn-ranged.png	public/assets/selection-tideborn-ranged.png	100644	blob	bae2a1b9babe1059977620ed7e168b5beaa6033f	7282	a89b505c57a0bcdbcce4b0d641a93236fbbb689edbfd64fa0c8d380c93abf0b5	duplicate-pinned-source-input
source-inputs/public/assets/selection-tideborn-siege.png	public/assets/selection-tideborn-siege.png	100644	blob	f6872e4e0a1b10c2729dbc73f733a1d1cb0fa00f	13025	cad07f4d4b0572d4111622a8e819952009e973e0cd9b0c29dedf5756c2b480fb	duplicate-pinned-source-input
source-inputs/public/assets/selection-tideborn-spear.png	public/assets/selection-tideborn-spear.png	100644	blob	9c19b00c70e3e2cff3080ddfa1e8ac0ef2cb2876	8459	44c5332da70ed4bab6b8306c87959dca634de5ca1a651516440bf65ef8a47ee2	duplicate-pinned-source-input
source-inputs/public/assets/selection-tideborn-special.png	public/assets/selection-tideborn-special.png	100644	blob	7c82da943d5b591484d1ea065e8b62ec03c69225	8268	60e6a68c81b42b4b2e51384de669540c2a28baae5eedcd4d369e5ee49610c97a	duplicate-pinned-source-input
source-inputs/public/assets/selection-tideborn-tower.png	public/assets/selection-tideborn-tower.png	100644	blob	8168c0824ec48cea74d288fb175b885fb3082293	15895	1a263bb5d3f5b0852ebf8ff9ef7fd069d4ae635610d9474df2d023a0b1bc25e5	duplicate-pinned-source-input
source-inputs/public/assets/selection-tideborn-wall.png	public/assets/selection-tideborn-wall.png	100644	blob	7d11d6d32129bc845d22458d0aa45016dc79e106	12564	8bd96c9e53620d22e2d9c705ad4605cc76444e7e329080ef10b51704eac6068f	duplicate-pinned-source-input
source-inputs/public/assets/selection-tideborn-worker.png	public/assets/selection-tideborn-worker.png	100644	blob	b95ee3790186a9a3d0e8e8d4f30ab6a9fcecafa6	6554	e20078769e216033b22b8f688b57c63a29bf412b498eaf75191e6c58226ce393	duplicate-pinned-source-input
source-inputs/public/assets/selection-undead-barracks.png	public/assets/selection-undead-barracks.png	100644	blob	076229a5b18a51e0f1d7323994642cf514597bab	21145	fdfaf9ff57670f6d4463e8bad57125cf625b10fb1ae3153856f077e3b0be7b26	duplicate-pinned-source-input
source-inputs/public/assets/selection-undead-cavalry.png	public/assets/selection-undead-cavalry.png	100644	blob	33553b30e726c386f30e48c0f9c12cbef14a6b2d	11033	72b7b4081a2e2322926f85ccae7392d536858e80dd72c87bc03bc9b4218cbdf8	duplicate-pinned-source-input
source-inputs/public/assets/selection-undead-depot.png	public/assets/selection-undead-depot.png	100644	blob	54b0e0c9ff24a0df944c04eb0816e2252749c412	21632	4a3fc78da085d074f7c5e3d0b97eb810476776b4bc3bed67920b2f74b83c4025	duplicate-pinned-source-input
source-inputs/public/assets/selection-undead-gate.png	public/assets/selection-undead-gate.png	100644	blob	9f385b004b8015949f4ab15a6c0d4378108fb1cc	23063	d160d277bccfbd9fbb0595c0d07ce0152de51588815b25795a609b61d987b9c9	duplicate-pinned-source-input
source-inputs/public/assets/selection-undead-hq.png	public/assets/selection-undead-hq.png	100644	blob	90795563b82e3d88157d1fde3e7153b3cae323ca	19098	c2c153b391c03df6111b21273a06bbf2e38d07c0fb90de76a96789e4c117dd5b	duplicate-pinned-source-input
source-inputs/public/assets/selection-undead-melee.png	public/assets/selection-undead-melee.png	100644	blob	f08023d98121427cfab4a5128a02196fa4b1fd0b	5553	c3fd7ab0466c9cafc040425454bf31932b5f6299a8eb31e04d6e6d132ac74bbd	duplicate-pinned-source-input
source-inputs/public/assets/selection-undead-ranged.png	public/assets/selection-undead-ranged.png	100644	blob	f482d2c0909ac8a9974bd7747767ae994baeea81	5457	6ce3f12dc16aa2def6c37293aab3695d09537356c733c45c41fb26d8f93cc449	duplicate-pinned-source-input
source-inputs/public/assets/selection-undead-siege.png	public/assets/selection-undead-siege.png	100644	blob	c404288ec2e12247ec28c673c08b4134534c8e2f	15597	4ecc948da24a2d8bfbb0dcc65ae50faadf55c2d205a43b83aeca3e5b7b24ce37	duplicate-pinned-source-input
source-inputs/public/assets/selection-undead-spear.png	public/assets/selection-undead-spear.png	100644	blob	559daf17e3e41900616be646246cc12bb7e40613	7682	46a95663af5de7fc2c516f8c64afd5f83bfa6242a0a6a1c415cf85058f9ef038	duplicate-pinned-source-input
source-inputs/public/assets/selection-undead-special.png	public/assets/selection-undead-special.png	100644	blob	ebe6317b37843d5fb6f79be483b93980facfa484	6434	7947c284b876e8390c968eb1405805eacdebfdefd3a089dbddf3e5a7f7678a3a	duplicate-pinned-source-input
source-inputs/public/assets/selection-undead-tower.png	public/assets/selection-undead-tower.png	100644	blob	3df2260ed9b0bd8a7972f6f50946822e6865b21b	15902	a43e46fc1d18c117c1ac98f18995d95e773d98ad048193c82ecf117d138044fa	duplicate-pinned-source-input
source-inputs/public/assets/selection-undead-wall.png	public/assets/selection-undead-wall.png	100644	blob	2608f783c6ed1bfac535bc1eab293a1a257f6222	12279	b44f8e5ae489613a2856bc7397e5e221ae18d373505df415158aabed95123512	duplicate-pinned-source-input
source-inputs/public/assets/selection-undead-worker.png	public/assets/selection-undead-worker.png	100644	blob	f58b34ebd993971451c75cb98d7982467ca62028	5234	af4a3196cf0078f8b1425e44be17245a94354237d1277298396d98b8afb28fb9	duplicate-pinned-source-input
source-inputs/public/assets/stump.png	public/assets/stump.png	100644	blob	30928178fcc50bed413a670c55d39b6f0fa3ed43	3570	b39caf3de1fe41f8eebe169cc78455b207c91fd21e36bdb80456af9a09dd85e3	duplicate-pinned-source-input
source-inputs/public/assets/tideborn-barracks-0.json	public/assets/tideborn-barracks-0.json	100644	blob	c794fd8c0583b686b2c48b0307782a97c50dded5	1078	d33cd6a7ba14b1adf690ee25828e7c617fe2497d7a156e05a345cba3a8a8ff5e	duplicate-pinned-source-input
source-inputs/public/assets/tideborn-barracks-0.png	public/assets/tideborn-barracks-0.png	100644	blob	3bbda0c25e0eade48f3da3d30953b9746ee829a1	144464	a2a8dc32f3bbb301d448acd2d8d3d8603cef6f91fb18ae3ba51c98c89030f579	duplicate-pinned-source-input
source-inputs/public/assets/tideborn-cavalry-0.json	public/assets/tideborn-cavalry-0.json	100644	blob	34e54c56b7e2ab2a81a9e0022b4fbd3e07f88a24	11969	7d83a235e5cc367ece0785ebe431e8a192ef515db427e74ed9f5348e1c815614	duplicate-pinned-source-input
source-inputs/public/assets/tideborn-cavalry-0.png	public/assets/tideborn-cavalry-0.png	100644	blob	862b2f3b49e43d7481da4b607de8a6212997f381	536175	f1778b8cd979329c0e4256509805520d582724302598f12e094fe0545fd017c8	duplicate-pinned-source-input
source-inputs/public/assets/tideborn-cavalry-1.json	public/assets/tideborn-cavalry-1.json	100644	blob	e946bdfbab7a641fe5b756d4b9c51e4a981b41a4	12045	99e1975f629ab590489a5ac1c0498e8cd91e2426c2bb6a9a405c20e16a69e6c8	duplicate-pinned-source-input
source-inputs/public/assets/tideborn-cavalry-1.png	public/assets/tideborn-cavalry-1.png	100644	blob	1734665e564d9c2d9c1119590a506383499fafc7	500073	6274554197f30398c10b150150655a6b47427c897704ce1c98b02c2ae9736d9d	duplicate-pinned-source-input
source-inputs/public/assets/tideborn-cavalry-2.json	public/assets/tideborn-cavalry-2.json	100644	blob	3ca9f4d619cd3d89d36af7e4ac5453acfef59945	12052	5b24c643e15f254c526dbbb9a58b6cefb7a206f13cec3e1df73a76c34f8384ca	duplicate-pinned-source-input
source-inputs/public/assets/tideborn-cavalry-2.png	public/assets/tideborn-cavalry-2.png	100644	blob	31ab81d374078b2c7dc4fe51b16b7f4eec9bc8d2	849886	9851bbb2bce05dbee0fe657986c7f2a686ca70ce592bbaa95b820f0cebf2bdd4	duplicate-pinned-source-input
source-inputs/public/assets/tideborn-depot-0.json	public/assets/tideborn-depot-0.json	100644	blob	7b803752a1b5352816b0be57bb452f36a1c4dafd	1049	cc85997df8e48df053ba8ffb3331e44038336297876f42b769badda1d0562366	duplicate-pinned-source-input
source-inputs/public/assets/tideborn-depot-0.png	public/assets/tideborn-depot-0.png	100644	blob	e4d49b172fb038d699bd534e1f5de8185d390c95	77529	58b9feee381a7cfb8af773c3d3c10b46bbeb92a9ce093ed35f4819c74b559ac0	duplicate-pinned-source-input
source-inputs/public/assets/tideborn-gate-0.json	public/assets/tideborn-gate-0.json	100644	blob	270a831460d520ade10f545b34bd55f4b5acc052	1229	b65cd6a0802b477a720e490502a5b34480de8844e400bb4ed6e812665e925435	duplicate-pinned-source-input
source-inputs/public/assets/tideborn-gate-0.png	public/assets/tideborn-gate-0.png	100644	blob	79fa414ad8c3c2aed3187795d9520114bc3b4770	126037	f162210e314c368fc6da4aa79300b6991d918c1fa3f062d15a635c3321ccc3db	duplicate-pinned-source-input
source-inputs/public/assets/tideborn-hq-0.json	public/assets/tideborn-hq-0.json	100644	blob	c9509586bd5bb2f5a02e8d2b2eebb7d442d6494d	1042	84a63048af9cb0b0fb91f7a18cfc9e7e37186282d3a5986fd7bdcad75a555e8b	duplicate-pinned-source-input
source-inputs/public/assets/tideborn-hq-0.png	public/assets/tideborn-hq-0.png	100644	blob	5f721b7ff9bb651f3315e3eec1ec65fc5f32bff5	164923	6016eefcecda5030c47b2ec39964ff9d1f1d4d5b75f8143f94f72c3db18563c7	duplicate-pinned-source-input
source-inputs/public/assets/tideborn-melee-0.json	public/assets/tideborn-melee-0.json	100644	blob	48c3495e0f68563b1bc34346ee4780adc8f00107	18099	da841894e77615d15b069371d49abe9d38a9373f361b941a8420ac242131bf93	duplicate-pinned-source-input
source-inputs/public/assets/tideborn-melee-0.png	public/assets/tideborn-melee-0.png	100644	blob	2194b47bf48a87eda01887c5a2e6c661bec6d0c4	593770	7cb9206fcf683a0aaefc31d82e70ab44f7cc149625f450ed77e9026fa057c202	duplicate-pinned-source-input
source-inputs/public/assets/tideborn-melee-1.json	public/assets/tideborn-melee-1.json	100644	blob	65d6fcf1c2b88e041243ade74f86aba62ff0fcd0	16791	2a6fa7dff36cfce0a0e3fce596268d8c3590c015f0ff250604ce01fb303f1194	duplicate-pinned-source-input
source-inputs/public/assets/tideborn-melee-1.png	public/assets/tideborn-melee-1.png	100644	blob	c60cb7d3fd9fd6721d26000330cb47392d304ab3	712139	aadf4230b4bec86c3898295bf8f5f965ebefea73863e7b9e72991decfde79d9d	duplicate-pinned-source-input
source-inputs/public/assets/tideborn-ranged-0.json	public/assets/tideborn-ranged-0.json	100644	blob	d1eae44d409e8318efdaeb37107606dd6ab28177	18200	1cefaf135662f4c6b32a71f31f68a9c347992c2ddd50b09611dcb01987c32163	duplicate-pinned-source-input
source-inputs/public/assets/tideborn-ranged-0.png	public/assets/tideborn-ranged-0.png	100644	blob	1050ca7c4262736c8be802f6fbd8bca10d8943ad	545737	9ffd12c9542f2334f334d1caf4751dd124b13b3a81537f18556464352523bfc5	duplicate-pinned-source-input
source-inputs/public/assets/tideborn-ranged-1.json	public/assets/tideborn-ranged-1.json	100644	blob	a97b0c225801f472c4937c5d024c2ef9e57beb9e	16875	97ef5bea8a98170656ae47dd35dc621925409814fbb09db1f1caa4dd3e8a9c23	duplicate-pinned-source-input
source-inputs/public/assets/tideborn-ranged-1.png	public/assets/tideborn-ranged-1.png	100644	blob	dc8f114ae1edaac7bf5d5315e4962c1d662fe03b	553003	3991d949a318602eea759cdf5af815d117319f0426047ffe0848e90de396bde1	duplicate-pinned-source-input
source-inputs/public/assets/tideborn-siege-0.json	public/assets/tideborn-siege-0.json	100644	blob	13884bc81dc655ff7a223b02940b25d66d86cb6d	11791	85f5a0337850cc3bf018ecbbb861ce04baa4920c81b92fe228850423a3544e0b	duplicate-pinned-source-input
source-inputs/public/assets/tideborn-siege-0.png	public/assets/tideborn-siege-0.png	100644	blob	da46ee1a760ae2c66275f0dc5be82e131ec51029	546125	77eac8a1989e94ff21793e004e31c8d347e20b8326b2d1b96dc24794a5d459c5	duplicate-pinned-source-input
source-inputs/public/assets/tideborn-siege-1.json	public/assets/tideborn-siege-1.json	100644	blob	e9289acc7879ac98fb04ce960b5c2982feff792f	11873	b1967514882eea5a81429eb874ae731cfebb112287cc54d668807f38005e5d70	duplicate-pinned-source-input
source-inputs/public/assets/tideborn-siege-1.png	public/assets/tideborn-siege-1.png	100644	blob	3e88cc5c47f70ee0afbffc189c8219ba7038298e	530328	cb6d888e27ec2d387492c4762f498bb1c1f83f7fe3abe86352cd65c469f116e9	duplicate-pinned-source-input
source-inputs/public/assets/tideborn-siege-2.json	public/assets/tideborn-siege-2.json	100644	blob	f7525aae9a0c4872a01de677d59cf2672bed88dd	11830	d0fefeca7f630fde84ca8dd7fc3514315d33138ffc517a2357a6e5aeaf149c36	duplicate-pinned-source-input
source-inputs/public/assets/tideborn-siege-2.png	public/assets/tideborn-siege-2.png	100644	blob	bcf083df8f116f6aa9ccd3c5173893730c74f979	809967	7dd1bbe016ce6ac9c6d89aa5b5885dfd89bed0b978ac54cb07d91b013eb6be1a	duplicate-pinned-source-input
source-inputs/public/assets/tideborn-spear-0.json	public/assets/tideborn-spear-0.json	100644	blob	77fd404b01ea08685946ae36f07afe934aac6f18	11747	2a3643ac69b9b0df4c48f3884950a55c6b9d1abaa610e00ffcc7defb1937d5bd	duplicate-pinned-source-input
source-inputs/public/assets/tideborn-spear-0.png	public/assets/tideborn-spear-0.png	100644	blob	808f2216411611d3b464e27953059a13e8220c7e	371203	e2ecce1fe8f01c90d82108e52de9fff60200c398e608e55b4d04f81c3bb72f20	duplicate-pinned-source-input
source-inputs/public/assets/tideborn-spear-1.json	public/assets/tideborn-spear-1.json	100644	blob	b123e025ff5c45b0923a68dd34acc4c00dd6c8e8	11807	f602af34d91740f22bb5671284ed792787579b3cc96b3a213353f8b75eb95c9b	duplicate-pinned-source-input
source-inputs/public/assets/tideborn-spear-1.png	public/assets/tideborn-spear-1.png	100644	blob	284e4e204263d24a3c29f0677f520b48a54a210c	319695	da5e9cfa005767be5630cf32040ab41c0ec44fcbcbff07f64506dd55f9988335	duplicate-pinned-source-input
source-inputs/public/assets/tideborn-spear-2.json	public/assets/tideborn-spear-2.json	100644	blob	53a3dedb28beab8e69f97523b273dda7c18e858a	11802	745a9f6e8599a3d146d8397641b6bc30b0307f1e130e71bf6d239aadfb56a70c	duplicate-pinned-source-input
source-inputs/public/assets/tideborn-spear-2.png	public/assets/tideborn-spear-2.png	100644	blob	8a87bbaefd6025ae2462adbfeff56aa74da75763	507923	b96494a5310167d076abb0c29184e3b13af7f8a5f544960a9c9b81d4a85979fa	duplicate-pinned-source-input
source-inputs/public/assets/tideborn-special-0.json	public/assets/tideborn-special-0.json	100644	blob	d1361f00578f8dd078f0627330488765733ee62a	18361	1e53f42bb6cd4d7229552fd70418097096c57e51fa7e8b360ea5d69d4edfcc27	duplicate-pinned-source-input
source-inputs/public/assets/tideborn-special-0.png	public/assets/tideborn-special-0.png	100644	blob	aac8f641b0b8506eff669d5254140baa5ece7737	685036	7bf04bcbe13d71c4e8916f26f80ac93748287273f7f19a343ba0a5b2294bb469	duplicate-pinned-source-input
source-inputs/public/assets/tideborn-special-1.json	public/assets/tideborn-special-1.json	100644	blob	a4dfd37d92682da1346f7b5725db2d1e25576899	17007	dd859aec7fad9b7a03ce04687177d15432b2803017c040a825ab0af2f254d7af	duplicate-pinned-source-input
source-inputs/public/assets/tideborn-special-1.png	public/assets/tideborn-special-1.png	100644	blob	fb222be2e47f8c7446759206b09d365ca81807bc	699428	7367b69d0bf339452aaaef7ad3b8b619578e9c16c6bad3bbed13faee7ee710df	duplicate-pinned-source-input
source-inputs/public/assets/tideborn-tower-0.json	public/assets/tideborn-tower-0.json	100644	blob	22ddcb7bae714c7eab1105590ac2c6ee20254b76	1053	c2e61f4d0addef7c0d6d94ef1ac762e3a34b5129d7eff455699dd98f7c5b859c	duplicate-pinned-source-input
source-inputs/public/assets/tideborn-tower-0.png	public/assets/tideborn-tower-0.png	100644	blob	7a3b4dcf34d068c81b5fb68a4e5f3d79a9e016c7	89636	48862bb8ceba3d3f80a41894887f5ed2201c48b2491f6acbffe67f347747e70f	duplicate-pinned-source-input
source-inputs/public/assets/tideborn-wall-0.json	public/assets/tideborn-wall-0.json	100644	blob	2c6714893bab5e72274672d7403f528ac922d2d5	1031	bb73935843e2a1ed25d61f9bbafbb5b74503e196eedfc3d75aed650deaca52cb	duplicate-pinned-source-input
source-inputs/public/assets/tideborn-wall-0.png	public/assets/tideborn-wall-0.png	100644	blob	eaeecd95e086b5d0ca7147e157dcc710cf9ae9e8	57456	a50a0f865159332b873950c468f2e3fcb78ea2fe2db20f6dda9ece491d72d0a8	duplicate-pinned-source-input
source-inputs/public/assets/tideborn-worker-0.json	public/assets/tideborn-worker-0.json	100644	blob	8ec610224c4676bdc1d988c9112d2166f722f337	18200	42437ba62f11785cc44495a15a021f52e93549465556551518e234ec48285ad9	duplicate-pinned-source-input
source-inputs/public/assets/tideborn-worker-0.png	public/assets/tideborn-worker-0.png	100644	blob	afb88c86158c428c1592f66e5a24168b4e14ae12	515181	5b26b7627c7188a43219b4f85d039aab00aa344b57ddcb2b4374df2b1d4d477b	duplicate-pinned-source-input
source-inputs/public/assets/tideborn-worker-1.json	public/assets/tideborn-worker-1.json	100644	blob	751de4f9b8cac96cd82cd7ac509779f333411602	16890	8719e8fda8556476816f3b2081cbcc4b7379335e88e03db2c4890a5b170322d2	duplicate-pinned-source-input
source-inputs/public/assets/tideborn-worker-1.png	public/assets/tideborn-worker-1.png	100644	blob	4c8034a27d6897451fc41dd0b859eaaa74950622	552913	b596351455150db3db6ff56912dfa48a4be07bd44be32cb6a1084fa7e6103fcb	duplicate-pinned-source-input
source-inputs/public/assets/tile-bridge.png	public/assets/tile-bridge.png	100644	blob	946b1fac9d65394ef670d4305b53bdc0546641f0	4274	79a5f6288e6120b2c9e785668fe93a7fa8ddca7b2a536fefd2eab4a3612a5826	duplicate-pinned-source-input
source-inputs/public/assets/tile-dirt-0.png	public/assets/tile-dirt-0.png	100644	blob	c33dbc5d322c425aaa17356bb05f1aedecc74f39	2901	de4dfc72ff3df28b4ed9b1e124af58a88654eed061b3ee1821a95774dea5a10d	duplicate-pinned-source-input
source-inputs/public/assets/tile-dirt-1.png	public/assets/tile-dirt-1.png	100644	blob	d76111fcc1515d564a20705ecd93965c0d3c7f36	2881	a061c5307c95c34176bf451e1ee717c1f499dc06d4c77ba403a5dcf5457d9437	duplicate-pinned-source-input
source-inputs/public/assets/tile-dirt-2.png	public/assets/tile-dirt-2.png	100644	blob	29bc4527ab578c3f37f75a12b9b74e5aff57b093	2902	c950d2f0884eaa712cd09d1a2b6c9459da947e06c117c2fafbe4ecb59f31daae	duplicate-pinned-source-input
source-inputs/public/assets/tile-grass-0.png	public/assets/tile-grass-0.png	100644	blob	46ff11f291491043a5df5e57f9274471e5c3d2f6	2729	1a11812b2c5d28f3d9de578120407e07590142914fbd96225d945003a0a40b8e	duplicate-pinned-source-input
source-inputs/public/assets/tile-grass-1.png	public/assets/tile-grass-1.png	100644	blob	2c42e9ffd115e4dceb269def7db388fe2a07df14	2707	5e522708615eca208610cc75f2d070e2858dc43dfb57f814581593d1a495761e	duplicate-pinned-source-input
source-inputs/public/assets/tile-grass-2.png	public/assets/tile-grass-2.png	100644	blob	823d625a88aa924be70b69bf991ade3777311b82	2735	edd2f6e08c0365625f3ebdac0490d97bf952e2720056533373bdb2106520fa7d	duplicate-pinned-source-input
source-inputs/public/assets/tile-grass-3.png	public/assets/tile-grass-3.png	100644	blob	7bc1041628de233960d4e9804ea31d1a3daa68f9	2742	cde4679f3ca3baf7309a029f1f290953400133e98c10a772d9da0c9afd2a14b9	duplicate-pinned-source-input
source-inputs/public/assets/tile-mud.png	public/assets/tile-mud.png	100644	blob	a0160d7f6ac1accc9de25cfe2dcb1a731d17cc84	3186	5d3d9cae76c022e23b873ae15778159d55b2cc1f00eb7f9da26771b1f61e666d	duplicate-pinned-source-input
source-inputs/public/assets/tile-rock.png	public/assets/tile-rock.png	100644	blob	194571cc524ac9263df13c8116fc693c30833baf	3741	6ea17de05d440ee3804d1788bc72ebd02d4bfdc32ef17690153625ff9c0518ee	duplicate-pinned-source-input
source-inputs/public/assets/tile-shallows.png	public/assets/tile-shallows.png	100644	blob	4c342b9ad6dc97734ba1d8e80a63cef3a1e5d727	3416	4793ce80f9b2f7f3d6af37b7b5e1c1c9182feab55ee76e4281f68ae85708f94d	duplicate-pinned-source-input
source-inputs/public/assets/tile-stone.png	public/assets/tile-stone.png	100644	blob	48cdf15c28eb644ce27ebdead3ec1dfa02bc5ad0	3622	a0ce2378745035a1b0a6c7c1a063a7ea7e9dcb5175dbadfc68fa28e20c7b3540	duplicate-pinned-source-input
source-inputs/public/assets/tile-water.png	public/assets/tile-water.png	100644	blob	e7b9ac8ba308f4b0a306f9cbea7aba2abc7c46fe	3232	2793378395e6652c93cba7c8662111088617e1b4f91bbec622702b2f02bbb389	duplicate-pinned-source-input
source-inputs/public/assets/tree-oak.png	public/assets/tree-oak.png	100644	blob	5ae0a5fa9c295bb5eb68f3b9c0849432002676b2	38095	e1f0d5ffac7d5070bfcd84f5e66287c5f80d88a0a007bd8107a26f48d45a299e	duplicate-pinned-source-input
source-inputs/public/assets/tree-pine.png	public/assets/tree-pine.png	100644	blob	367cbd1de7728c15ccb69be1456b1fabb0c4eea3	26537	7504aaa25c5ff13212782cf20f5ecafc82a0f271b36ce7199af98dc01f3b499c	duplicate-pinned-source-input
source-inputs/public/assets/ui-halt.png	public/assets/ui-halt.png	100644	blob	aaac3d149da6882407f199faa3bb15176a1188b8	16553	c94e6065a73fb61c04755674f7a6460a4df7063dabeb45af88dea57ed3e34ca7	duplicate-pinned-source-input
source-inputs/public/assets/ui-hold.png	public/assets/ui-hold.png	100644	blob	4e74a46c3b90db0e26e3d895f5a86475b5f82388	17455	ce5c62e38b3717def645407b75688d810714e97b0e4f8f46167faf7d59db159a	duplicate-pinned-source-input
source-inputs/public/assets/undead-barracks-0.json	public/assets/undead-barracks-0.json	100644	blob	475068384451de4b2617b0ddd5d6caaaa94c21bd	1062	6084a18369a23e97daa5a7f09784f3107604fa5bfffcca84ab6027ade065bc28	duplicate-pinned-source-input
source-inputs/public/assets/undead-barracks-0.png	public/assets/undead-barracks-0.png	100644	blob	584a0e26106c07859e969278e2b59081c5493314	158818	a190915ef3b84997ca338fe13ddb2d7c4e6afcb964d39b615c7cca01bd942614	duplicate-pinned-source-input
source-inputs/public/assets/undead-cavalry-0.json	public/assets/undead-cavalry-0.json	100644	blob	2941d51c002ff563b586204ce5986ac9c51b0f63	11666	907d42670f2d80b641aeb3b71303029e66ded636af3d0700ac5e477ad5f428d1	duplicate-pinned-source-input
source-inputs/public/assets/undead-cavalry-0.png	public/assets/undead-cavalry-0.png	100644	blob	047cdb932d9305fa867ac3dec91d60c422e752fd	428576	486b9af722d49bdc927415627468c099a60216624665ee543343b91eb9ab0a4d	duplicate-pinned-source-input
source-inputs/public/assets/undead-cavalry-1.json	public/assets/undead-cavalry-1.json	100644	blob	fb59fc8b876885d2dffb87a29b74d70f3cefc2b4	11764	39009112743b37247f4cdba4d9b3cf2a8415050ce24db0e28f72c803480c07cb	duplicate-pinned-source-input
source-inputs/public/assets/undead-cavalry-1.png	public/assets/undead-cavalry-1.png	100644	blob	708e447b578e4379ce15876cf7d388eda6105cb9	404554	39e2743763bbaf589b85c8ff733b8648ec28f8c4c61888bd4af029636c9770be	duplicate-pinned-source-input
source-inputs/public/assets/undead-cavalry-2.json	public/assets/undead-cavalry-2.json	100644	blob	8fc7eb8be8a631ecaa46eb8d36d0fb3bc6a359b9	11780	f23d759a4c85d85c99d551af4c7178c93514e1b639a4c6066eb4859d68462b27	duplicate-pinned-source-input
source-inputs/public/assets/undead-cavalry-2.png	public/assets/undead-cavalry-2.png	100644	blob	c79352699187d5200969a695e84ea091f31a007a	676560	57f56a2f5cf6978fff3c32c29f6aea9ac71e845e1d2ad2c61a08eb964a1a1c9d	duplicate-pinned-source-input
source-inputs/public/assets/undead-depot-0.json	public/assets/undead-depot-0.json	100644	blob	2c8bb0950fb41d6b4858ef53aeafc82ce53ee32b	1041	5ed04e5b73c17a211fa21e2e48424c37e333f3f18aefae749a84bf724e398ea0	duplicate-pinned-source-input
source-inputs/public/assets/undead-depot-0.png	public/assets/undead-depot-0.png	100644	blob	2814b6f8d5433a8038f5cb816f70fdefa1ff42f2	100032	a682afc5068facf3c545651b94cce276f8821e6365d0c4c112b8bb0f51b4271e	duplicate-pinned-source-input
source-inputs/public/assets/undead-gate-0.json	public/assets/undead-gate-0.json	100644	blob	d48ea40e7390bfeaddaae6f2f3555869b6e3bbdc	1215	f37c0337a397c83a8e83cf6df5be0bd650261c778e070f3662ed7608344835a3	duplicate-pinned-source-input
source-inputs/public/assets/undead-gate-0.png	public/assets/undead-gate-0.png	100644	blob	b427b15b86a22c4769686478a85828beda9e69c8	118175	5a17631421e9a1e962716c51a22442f5203b5102517424e1f80d403983fdd932	duplicate-pinned-source-input
source-inputs/public/assets/undead-hq-0.json	public/assets/undead-hq-0.json	100644	blob	5d73820c0c3b039337570445102a8387b6fedb7b	1026	348b089289ffc6436204a04b958daabe3baed8f9c84be6af6ac87d742e0db888	duplicate-pinned-source-input
source-inputs/public/assets/undead-hq-0.png	public/assets/undead-hq-0.png	100644	blob	5f049c6dbccdd181d3ac36b0965d2966fdfe08df	166946	058245f51101298c76ee471939e227e64ead55080a71045b5fd7f0196ddda6c3	duplicate-pinned-source-input
source-inputs/public/assets/undead-melee-0.json	public/assets/undead-melee-0.json	100644	blob	e0caad8ec6ad8f6c62a8b64832c1f29a90866c47	17897	a32679d39bd796c8f13b9686ef7e374981deaa092eb1e5a96247056137e8315b	duplicate-pinned-source-input
source-inputs/public/assets/undead-melee-0.png	public/assets/undead-melee-0.png	100644	blob	e1af90f83b31d389266afae87e2c62d9ffc72bb4	432899	b311349554120cbe564ab5b72ee958038adadee98b746e7100e99389dedf14e5	duplicate-pinned-source-input
source-inputs/public/assets/undead-melee-1.json	public/assets/undead-melee-1.json	100644	blob	54449568f09f0d0e8c8a56ca05ff50cb29bf3651	16607	7a85d7e50cc8f9abcbb28283a93c3e562440ad8e7a0743027ac4db5faa2547eb	duplicate-pinned-source-input
source-inputs/public/assets/undead-melee-1.png	public/assets/undead-melee-1.png	100644	blob	72c36fda6770b86f98a9b8f56bc775797c26f400	500544	4bd48bf653da4d536f25ff69484b3e95087670e53623632a7ddc0981ee7f8c53	duplicate-pinned-source-input
source-inputs/public/assets/undead-ranged-0.json	public/assets/undead-ranged-0.json	100644	blob	f1ce742958638396b1a5e7fbf612c513336c9105	17998	d8fd7ba62fc6136cd3fd2540d5e3ccf493e037ff479edff47abdbec972addfb5	duplicate-pinned-source-input
source-inputs/public/assets/undead-ranged-0.png	public/assets/undead-ranged-0.png	100644	blob	45b3254cd0648c166ef288e447f0138271c4c83b	453025	1aaf6c9608d844acd9ac691b612de5f4fbe7cd70c2af97d5511a71dc8ec15228	duplicate-pinned-source-input
source-inputs/public/assets/undead-ranged-1.json	public/assets/undead-ranged-1.json	100644	blob	d77da799569e825ca4e92d69fb741215db0f667c	16692	5f049fd40ea65f6f1f0a41788ecb0b590f70daada26654e0ef5deaff30780562	duplicate-pinned-source-input
source-inputs/public/assets/undead-ranged-1.png	public/assets/undead-ranged-1.png	100644	blob	32414835c80d22de54e5933b01915d0771e43620	478282	3710ea263efc33e9a728b9086b8b95deac98ba9c27dd5167cc8ee68e84cee7d2	duplicate-pinned-source-input
source-inputs/public/assets/undead-siege-0.json	public/assets/undead-siege-0.json	100644	blob	2ece882df8de1b4ed1005be2d9612e97dc9d10b1	11641	b0dc51990097cf084aaaf1b8355567008b88a8b646bd1abc2e720e8346ef9b05	duplicate-pinned-source-input
source-inputs/public/assets/undead-siege-0.png	public/assets/undead-siege-0.png	100644	blob	4fc2be27f0bcf6bfc1cb7497912c744d66633892	698414	b1cc935025ca95d19dfc24c568175f59e9eb992659d6c0a307b66b548ea75f1b	duplicate-pinned-source-input
source-inputs/public/assets/undead-siege-1.json	public/assets/undead-siege-1.json	100644	blob	8c80afbb2a544beef0bfb85db6e6035998b75788	11725	d9ff980a658ee0fc1645a98df187b0c86e7dd2fbc46e3b0ce555a78fc2c29aea	duplicate-pinned-source-input
source-inputs/public/assets/undead-siege-1.png	public/assets/undead-siege-1.png	100644	blob	ce4f125f056885281c7e82752072742785474049	673231	548cb446eb576e6737366950a924cf442d1971bdce6a0051020a59642d46d57a	duplicate-pinned-source-input
source-inputs/public/assets/undead-siege-2.json	public/assets/undead-siege-2.json	100644	blob	1aeb53b473af1a6c52ae27046def5dff3f51e9b5	11699	f74e45850b99db0480e15a3e6c1ed98d59f4780750c8371c0a5e165b8f37f2a2	duplicate-pinned-source-input
source-inputs/public/assets/undead-siege-2.png	public/assets/undead-siege-2.png	100644	blob	9fb20c9e9e537f11f5fa2563cfde5e454bbdbd21	894390	aebb5f1a450be650be17704774bf745fff5d8961c2e932880e4a7f5755b2e51d	duplicate-pinned-source-input
source-inputs/public/assets/undead-spear-0.json	public/assets/undead-spear-0.json	100644	blob	8dd1bc1069b5309f25764c8c34311710dadd94b9	11587	86904c0a67854b5355f8b00f7ffb7a0e067ffcc061a1bdb470410c8211d09f68	duplicate-pinned-source-input
source-inputs/public/assets/undead-spear-0.png	public/assets/undead-spear-0.png	100644	blob	19fd2439ad870412239bbf408ffe12c45d580336	330603	e4c1c949b2c59de091bec82234c01d5afc505baf03f8a7c7894309ea80014107	duplicate-pinned-source-input
source-inputs/public/assets/undead-spear-1.json	public/assets/undead-spear-1.json	100644	blob	63b2af9a6e8e0a762c44fcf3c618c589364c1bae	11654	b4bbd801590fac0a776912a7fa33a83cb66fea10451c574438edeaacd201c468	duplicate-pinned-source-input
source-inputs/public/assets/undead-spear-1.png	public/assets/undead-spear-1.png	100644	blob	8a70ef4e1443485f1276f107e1c6f25358a66712	303164	04503af6f842f4064f639a4a1997950877fc3694fa0f65a480444fd749fae72c	duplicate-pinned-source-input
source-inputs/public/assets/undead-spear-2.json	public/assets/undead-spear-2.json	100644	blob	8c7520d582986be177e11782b157ab5b5c7c58e7	11661	6ed684aaae2f992a53468d068d47e3cbd979d240861c7b6ea4f0ec66f2279479	duplicate-pinned-source-input
source-inputs/public/assets/undead-spear-2.png	public/assets/undead-spear-2.png	100644	blob	099c4e86dc6832cbaa2e5a0c3d405b808ce5a075	456314	a8f5b21a7f2f92c0b1ec8b30c774275daede2d8825b97248b2c5ad331071bdb8	duplicate-pinned-source-input
source-inputs/public/assets/undead-special-0.json	public/assets/undead-special-0.json	100644	blob	86ea6f184035b6ad3ca3a94e3a4b4b2ed44cfa67	18189	ed443e105ca0a0cb3e6c02bf5a66c70232feba874a414a8992f1de7414e4ebb6	duplicate-pinned-source-input
source-inputs/public/assets/undead-special-0.png	public/assets/undead-special-0.png	100644	blob	c4d42a3e1a8fb67df6b19bfe3e61be73916f8e3b	537734	60a28b98fec7aed26ff518996e77960248d14e5a28c1ee84f6287a12ecf71baa	duplicate-pinned-source-input
source-inputs/public/assets/undead-special-1.json	public/assets/undead-special-1.json	100644	blob	5cbcb1379cbec908ac37a764080a33ef16baa8c0	16866	8431c3f14ba3ed28e7d12dc50334b6ec71489e1ff6fd7cc3f0eb5bf494d4b797	duplicate-pinned-source-input
source-inputs/public/assets/undead-special-1.png	public/assets/undead-special-1.png	100644	blob	45becc3ca65f9ae4ad3249b10cec351c68d83f38	571481	3725edc2e0f96836511af472e30da6814bd4fc6e88f61ffe379827a0e25aaa68	duplicate-pinned-source-input
source-inputs/public/assets/undead-tower-0.json	public/assets/undead-tower-0.json	100644	blob	74937c4e1c0d6b823c1d3e2d3f827475b95b6cb2	1041	446e9d3a6e5311b4bbf00c8b59d0383351a7424a191248573ba9a7d0c1b7bc24	duplicate-pinned-source-input
source-inputs/public/assets/undead-tower-0.png	public/assets/undead-tower-0.png	100644	blob	b33af89cf071fcb5490ef4b852dbdb1f9a1e37ab	118768	be9813d4079fe4257ec8acb67336e0b93615ff0d87cd72275946bec97024a6c4	duplicate-pinned-source-input
source-inputs/public/assets/undead-wall-0.json	public/assets/undead-wall-0.json	100644	blob	a84e06b2882f3c5f1652afbeb17fa835076aee3f	1021	f4621481c271671434bb25124242a8575e399842da4a26071c175b51fb184e02	duplicate-pinned-source-input
source-inputs/public/assets/undead-wall-0.png	public/assets/undead-wall-0.png	100644	blob	0b32cf7334fb91849e8ca4a4b18717a70d8e21c7	53024	964de25ccf50a09ee507597beb2f2bbaee7c452cec94f43ba6cad5bede7ef6f8	duplicate-pinned-source-input
source-inputs/public/assets/undead-worker-0.json	public/assets/undead-worker-0.json	100644	blob	7552fb69cbfb1412641150cead0c47f3c7f6e1db	17998	8ab259904abf20816c7387ff7eba6f6e6b03ef0d479f6639c2eadd030242f335	duplicate-pinned-source-input
source-inputs/public/assets/undead-worker-0.png	public/assets/undead-worker-0.png	100644	blob	993dde098112c00d70c51ae4fe4aec950e8f684f	426068	750efbb89cda3f5da0e9521e19c5963568bcc5d65b2d85d6ab9ef6b92e4c5ab6	duplicate-pinned-source-input
source-inputs/public/assets/undead-worker-1.json	public/assets/undead-worker-1.json	100644	blob	094ae7238c22246f02b2ec5c59231bf24202f4c5	16701	d1a0ab24ba8d06b2039ff74e0f646e7ff55d2a941f8ef5fc789edcf06698ce4f	duplicate-pinned-source-input
source-inputs/public/assets/undead-worker-1.png	public/assets/undead-worker-1.png	100644	blob	0966ca74872c8d972ad828b47062954ecefe10e0	479862	bb843792d4e028c7aceb3d6fc88032ce4c19de7c8547a5a1738081f04511943d	duplicate-pinned-source-input
source-inputs/public/favicon.ico	public/favicon.ico	100644	blob	82fa500660fbf8a022166b806cb5cdb372ad83d5	32038	5e0bf0f72488bc693d779cd7a3ebc7fdfca8db9916a6e3e0811fff59113253c2	duplicate-pinned-source-input
source-inputs/public/mods/lantern/banner.svg	public/mods/lantern/banner.svg	100644	blob	1a27c567ffa6857583350f919cd138301ac5bbf9	3298	38ad6913b00fa37c4bd623fd2326de5c0a53c48325132701edeab6638d1b2dde	duplicate-pinned-source-input
source-inputs/public/mods/lantern/duelist.svg	public/mods/lantern/duelist.svg	100644	blob	e0aea9357eb34b8e36b12a3df5728dbd4eeabca7	4022	aa5b231f3114661719024cdd582e8fe43cc7373a35d8f648acc9956ad8ca3734	duplicate-pinned-source-input
source-inputs/public/mods/lantern/manifest.json	public/mods/lantern/manifest.json	100644	blob	7d4e4fcc9043a4dceef066b495c575d3efabe0cb	16273	16aa9ffecf85b2268408b6ebf276d9a442e1fa15f9e91bdcdfe9219e2aa2e418	duplicate-pinned-source-input
source-inputs/public/mods/lantern/sentinel.svg	public/mods/lantern/sentinel.svg	100644	blob	50318d0ccc990a7e007191f1304a2eba48cf33dc	4490	691d89942ef0a41ae1eaff2e5e9c6df280b11b454313937f8b3747a1eedcec26	duplicate-pinned-source-input
source-inputs/scripts/build-server.mjs	scripts/build-server.mjs	100644	blob	d648ab1d333766ef251d7c59d07b6eecbb92e542	992	6f036a184206640a48f503915fa08d267109a7c408aa4e97837bb2eab8d137bd	duplicate-pinned-source-input
source-inputs/scripts/controls-proof/README.md	scripts/controls-proof/README.md	100644	blob	4f06cea57a9117465f89a6ff6baf1be887e3bfbf	5931	f3a5613c33df9dcce5f0fde87edd73516c47581edbc8567891f52816212caad0	duplicate-pinned-source-input
source-inputs/scripts/controls-proof/browser-common.mjs	scripts/controls-proof/browser-common.mjs	100644	blob	047bcb6923c1b11cb36cd67cc119a259c657a4c5	14866	2991d6048f9c5717ac1287a40ca67290c301e1f581d1f6dd769eddded61b5ae9	duplicate-pinned-source-input
source-inputs/scripts/controls-proof/canonical.vitest.config.ts	scripts/controls-proof/canonical.vitest.config.ts	100644	blob	fb4011e56add1af4a36846873d13a557bedc2abe	696	91a2e9b662de3326c9c0cf5ef3dd185201ae6d58ad42dba6b630dc36088684eb	duplicate-pinned-source-input
source-inputs/scripts/controls-proof/display.mjs	scripts/controls-proof/display.mjs	100644	blob	bb455cafd6daf4b507859a7b5954460da4cf8287	18817	2004434a4471bc4d9e308b727fe3347f9c8e0a41f21f9cc79c7420985690573e	duplicate-pinned-source-input
source-inputs/scripts/controls-proof/gamepad.mjs	scripts/controls-proof/gamepad.mjs	100644	blob	557c10177bd398a77aed9c184c76ae801be1d75d	16687	f4e485df5c57db140f8ef9609a149e8eda2459ae7bd9fb500e453caf38b2d6d9	duplicate-pinned-source-input
source-inputs/scripts/controls-proof/mounted.test.ts	scripts/controls-proof/mounted.test.ts	100644	blob	777ac8ad663fff7da0c059b6d52888160b50aed9	25974	6e0be030bb1ee17b777a939ad2c5db32254ba0afbee4c84894cb824e71b57524	duplicate-pinned-source-input
source-inputs/scripts/controls-proof/mounted.vitest.config.ts	scripts/controls-proof/mounted.vitest.config.ts	100644	blob	7418137a81cb09c1c5616a44a33b2d6e0fa02c5a	1905	70747a11d65c1394b7a0a8af6f172fef8446146a35ae2b8eb99f2754fba41c50	duplicate-pinned-source-input
source-inputs/scripts/controls-proof/prepare.mjs	scripts/controls-proof/prepare.mjs	100644	blob	22cc4433b3bc86a60e26ce59a9cb140ec002047b	3712	55481a03847949346e813bb363bfadd5eeb67b4d93daa4886f5279218a45befd	duplicate-pinned-source-input
source-inputs/scripts/controls-proof/run.mjs	scripts/controls-proof/run.mjs	100644	blob	26dde0baa2c50f4dff5ed4da4e6938751b0baed4	8306	5133148ac5f7bb2a07949b1cbff05417b05b6c181f738d1fa9785e48211c08c9	duplicate-pinned-source-input
source-inputs/scripts/controls-proof/saves.mjs	scripts/controls-proof/saves.mjs	100644	blob	023964954ab28517c949b6fba4068baed96acb32	17507	1d2c600b3906dff1953efc7d8645aa5f5b18ad56ceebcb17a798e48548b72d41	duplicate-pinned-source-input
source-inputs/scripts/controls-proof/schema.ts	scripts/controls-proof/schema.ts	100644	blob	d3ca5540ebfc0b11c930063f0e20d6a5055ad015	1752	caca6c41bf574f1f0274541d48452e64bc0bcb348f78e2fd615275d8fd2a7579	duplicate-pinned-source-input
source-inputs/scripts/controls-proof/verify-native.ts	scripts/controls-proof/verify-native.ts	100644	blob	0ae802ab7b544e5484ac2f780cab017834e1ff0b	17879	55b95c28ffb588727cbb4232b3bf8af7b25fc1d5fd541fb7344ae69991480784	duplicate-pinned-source-input
source-inputs/scripts/minimap-alerts/level-scenario.ts	scripts/minimap-alerts/level-scenario.ts	100644	blob	c15aa388c738bda22c3db7f1bf760d1f015d04e0	5741	9babcca0b92499d4d8315b0df55bf233518af502689264008cd058791ecd9f1b	duplicate-pinned-source-input
source-inputs/scripts/minimap-alerts/verify-native-export.ts	scripts/minimap-alerts/verify-native-export.ts	100644	blob	a2128d5919983b81a74117b3e1c54a54c06b6b9e	2549	f2403333ac8609f8665453063aaa410fa86a4a2725e33ba74b75ca7c3b76735f	duplicate-pinned-source-input
source-inputs/scripts/modes/README.md	scripts/modes/README.md	100644	blob	cb248ca75a6df51a1d04c0dbdfafa0e0a53b12d0	5006	9f1e1e6a723f7359e8484ad24e56370787afdd2038d24465cda3a6e8478cf3a3	duplicate-pinned-source-input
source-inputs/scripts/modes/browser-entry.ts	scripts/modes/browser-entry.ts	100644	blob	5bb4a1381e6b5c02719bd736027687d2c63b93e0	1951	f467b6e8559539cab03e5b37576309028dfd3789ae174d9741b4c7b5fc09c778	duplicate-pinned-source-input
source-inputs/scripts/modes/prepare.mjs	scripts/modes/prepare.mjs	100644	blob	f6e6bf7985d2fdbb4fc8cb15f97f597496497d59	4868	361c1ad1ab3ea15efa96298a75fec96b57047e0ce355e48f645ed2cb86d45a4a	duplicate-pinned-source-input
source-inputs/scripts/modes/proof-common.mjs	scripts/modes/proof-common.mjs	100644	blob	73bc52222441a02c9da0e6bbdd7afd50a835cda3	4302	0af3f241b7dafe11a4f487dfd47e82e5c9710c8fbd44ab1a2784bc8862a57dfe	duplicate-pinned-source-input
source-inputs/scripts/modes/reproduce-survival-neutralization.mjs	scripts/modes/reproduce-survival-neutralization.mjs	100644	blob	b21b7732f72de191cca9f1f7259c2601a30be3b6	8667	10c5256d457592a168071e7d5ce379f3e783bbe6d0404e9749ce0006e2ccbb82	duplicate-pinned-source-input
source-inputs/scripts/modes/run.mjs	scripts/modes/run.mjs	100644	blob	4b96de10ec41c5901c3a73550dfe7bbed46dfb22	7495	d7e86ed777b44b9b55e8b08cf145533c485b59f8b99cd56b3d66024984c8c694	duplicate-pinned-source-input
source-inputs/scripts/modes/verify-runtime.ts	scripts/modes/verify-runtime.ts	100644	blob	b239b3353c799332bad9d072e68e7bf770cbffd2	10245	b1a053307c4fdc45fcc3e12414ca7b2b12ff689fa8aa955ce9c07330f01f82ed	duplicate-pinned-source-input
source-inputs/scripts/tournaments/smoke.json	scripts/tournaments/smoke.json	100644	blob	aaa5b6cc7af3313ecfd0e3bf71eacf5bc0080120	549	0edac1fffb1dd72b4d1273c51ec3bf9710ee85a54fecaa75720517390156916f	duplicate-pinned-source-input
source-inputs/scripts/verify_assembled_modes.mjs	scripts/verify_assembled_modes.mjs	100644	blob	7701f66a784c9c23d7be3b484e1800c72ca1f467	18424	ad1f74fca75fc88ce25f6d68dd207080e2632767d9872bd2f9db46aea88af872	duplicate-pinned-source-input
source-inputs/scripts/verify_minimap_levels.mjs	scripts/verify_minimap_levels.mjs	100644	blob	ddf2b774434cbc2ed457cfe2de4edd76d4368e29	15730	7120a6e1bbda87a78594ca0f741c74ebae37d725abe02291325e5bd0c20bc117	duplicate-pinned-source-input
source-inputs/src/cli/main.ts	src/cli/main.ts	100644	blob	c811141cd1a04f3b75971a35ab343db5ba7fcdcf	1956	08758af144ae1285bf62cd7fc7f935f901649414709acd80172f2037b327c418	duplicate-pinned-source-input
source-inputs/src/cli/session.ts	src/cli/session.ts	100644	blob	1545d57e12bdbaa65663e0a10d4557ba239be28a	5521	838b35ecf6db2c13f7fdab7d592b4bd91fb5bb549e86f7cf79432744e42d9b78	duplicate-pinned-source-input
source-inputs/src/content-art/lantern/banner.svg	src/content-art/lantern/banner.svg	100644	blob	1a27c567ffa6857583350f919cd138301ac5bbf9	3298	38ad6913b00fa37c4bd623fd2326de5c0a53c48325132701edeab6638d1b2dde	duplicate-pinned-source-input
source-inputs/src/content-art/lantern/duelist.svg	src/content-art/lantern/duelist.svg	100644	blob	e0aea9357eb34b8e36b12a3df5728dbd4eeabca7	4022	aa5b231f3114661719024cdd582e8fe43cc7373a35d8f648acc9956ad8ca3734	duplicate-pinned-source-input
source-inputs/src/content-art/lantern/sentinel.svg	src/content-art/lantern/sentinel.svg	100644	blob	50318d0ccc990a7e007191f1304a2eba48cf33dc	4490	691d89942ef0a41ae1eaff2e5e9c6df280b11b454313937f8b3747a1eedcec26	duplicate-pinned-source-input
source-inputs/src/core/ai-policy.ts	src/core/ai-policy.ts	100644	blob	ebe8e5e440e0d4a2e57b3f414c3926b309c84333	7629	1dc343542d2cef97f22f608c53d01bc1d61ed6296918f98ced75e1c27fe8a75d	duplicate-pinned-source-input
source-inputs/src/core/ally-directives.ts	src/core/ally-directives.ts	100644	blob	ddf6d87dc43cddf29a0103725cb2e77e01742acf	8140	2111264d57817395be56aa4df2f100c635d37a1433ed5ce0c70a5aa99d4a920b	duplicate-pinned-source-input
source-inputs/src/core/campaign.ts	src/core/campaign.ts	100644	blob	2754a8bb0235eb50d10ca1845248ff3f9a04f92a	21128	a665195656aab067bdbe9ab8246a7e6c45e574e2fecdfa839d3eb5d32a975b4b	duplicate-pinned-source-input
source-inputs/src/core/coach.ts	src/core/coach.ts	100644	blob	62cfdb26831276ab019d9f9fe979b246a7266361	14110	a1635f435afe307f249467ee66f8dc3950e6b82256b29d1f102f93eb633681a0	duplicate-pinned-source-input
source-inputs/src/core/combat-targets.ts	src/core/combat-targets.ts	100644	blob	d36e65a202117e5042a2cc239c686fa079c8d65d	480	424cb615d968b5906ad28b36e91e8224a2df20d27fb67da501667dd2851670f9	duplicate-pinned-source-input
source-inputs/src/core/commander-rules.ts	src/core/commander-rules.ts	100644	blob	7eeb7275461c46a030b3ca25ae6a5f30700f0a70	814	027b1854af6d8087803e1becde0986dbfdafa9f9cc753ca870dc548aa3e61406	duplicate-pinned-source-input
source-inputs/src/core/commands.ts	src/core/commands.ts	100644	blob	015c105bf25a4ebc0370885bd1fdcc0162e7f788	7202	efd360936cb2dc168402299eea06eda1c50247c79ad675237a0a7a7318dd4632	duplicate-pinned-source-input
source-inputs/src/core/conquest-types.ts	src/core/conquest-types.ts	100644	blob	b5a9903211dbb8cda30299e7b05fd9ab4e89e82f	1799	5fe40ad55e5dd88a9be244f8686365437da80a1f3844a554fb493ea19a7c64bb	duplicate-pinned-source-input
source-inputs/src/core/conquest.ts	src/core/conquest.ts	100644	blob	c9009cff827d4fc5fce39031236c270cb27de476	30402	4c92201f8a238de44bd8122f7770c6b697b40bd32dfc31d4319f96dc8f8ed068	duplicate-pinned-source-input
source-inputs/src/core/content-registry.ts	src/core/content-registry.ts	100644	blob	b2a5b51c77b93bb89bd3f71a305aeef068045a5f	30993	4f3b9211160320723f18264d7c6ca4719ce3988c68a4c50facb5d3c610d368d6	duplicate-pinned-source-input
source-inputs/src/core/content.ts	src/core/content.ts	100644	blob	ca4cc141f293f9ad57481734a23c9d0478b5f0af	19805	4495966583a38f122f23f40c8cfbc0c7655b00cc463b37efdf26a0c9b0a86160	duplicate-pinned-source-input
source-inputs/src/core/economy-cargo.ts	src/core/economy-cargo.ts	100644	blob	584f67d63d2a273dc9213f58561ac1250c4e401a	23563	1d929d274af8a2c7c6910618eea2416da5d57b7eee27b47678dffeca8eab7d91	duplicate-pinned-source-input
source-inputs/src/core/economy-common.ts	src/core/economy-common.ts	100644	blob	67d79db8a07dd267bba079abe2ef2edca6edb828	2811	d5adaa331a64a608b5d31047c5079c96b812db457216419674e669f9736e4c0f	duplicate-pinned-source-input
source-inputs/src/core/economy-definitions.ts	src/core/economy-definitions.ts	100644	blob	c6f44eb4f460e2bc2955030ee7101273b010b06b	2157	410d6169bbcfdf73b67dd311382889107f67b491288bbaa939a27f51ff8328de	duplicate-pinned-source-input
source-inputs/src/core/economy-types.ts	src/core/economy-types.ts	100644	blob	18a184cccf64d728ad4920bb9fb8d04d77a123c0	4490	11189ee79d0d06e92fc5dfd8d6b3a9cfd0c9e4db9fc31c4eb1d940cc1715e1a7	duplicate-pinned-source-input
source-inputs/src/core/economy-validation.ts	src/core/economy-validation.ts	100644	blob	0cd965de34270ec2219a664fe6ca7c724dbe46f0	13682	1c38f411439772f07e9170e4273689ec587c8390f5813e17f2cc5b82c19e5c59	duplicate-pinned-source-input
source-inputs/src/core/economy.ts	src/core/economy.ts	100644	blob	52ceac30dfb832b40bbda0476b3c4a9a66c06538	20782	0ed27188846137326c76e0816c64fb518c525943e1e7d696c05bfb8a676df831	duplicate-pinned-source-input
source-inputs/src/core/environment.ts	src/core/environment.ts	100644	blob	7798f87ff3915fdb19de0f58cd9bdc04666d4a91	17025	5d27a76df2284a776606cefed781f4e8cfa44fbf5f14c869c450da66ce64f8dd	duplicate-pinned-source-input
source-inputs/src/core/example-mod.ts	src/core/example-mod.ts	100644	blob	b7eccb50bf9f07ff6d0a6576df43fb46f0e75f42	2499	f5e4e84913ea80e57f2d41192adb9853835ba6bbea40bf043ea62744cefb525f	duplicate-pinned-source-input
source-inputs/src/core/faction-systems-content.ts	src/core/faction-systems-content.ts	100644	blob	032567fb21df3060505792ed3a0dc5ec9f148869	3429	bed461a7f9d0ab1acc1100e0a20c9bb0c2ddec399de40790634e12a2c109b139	duplicate-pinned-source-input
source-inputs/src/core/faction-systems.ts	src/core/faction-systems.ts	100644	blob	cf674b5bbc407b96a03e3c6c06ef27614a1ec49f	23438	6ab56f94a7d2dc1ac33e866caad29e1ab9b97914150fdf99cc737e79c21dd9fa	duplicate-pinned-source-input
source-inputs/src/core/geometry.ts	src/core/geometry.ts	100644	blob	2d89f949fed6750eeb7c83f0dbef6bb61299f2c0	4909	d01cb8c5003443415cd43bef63dd087dad7238b1e82732222a1f6bb0bbccd283	duplicate-pinned-source-input
source-inputs/src/core/history-hooks.ts	src/core/history-hooks.ts	100644	blob	570f9217701d66b7a3f2d76beec29991b96f1860	1158	56a53b84aa389f3ccf189f72df2ecf2d632677f8a664b49fc16865e46bdf6f82	duplicate-pinned-source-input
source-inputs/src/core/legacy-content-v3.ts	src/core/legacy-content-v3.ts	100644	blob	32694fc4671dfbe367ad9e64fd0be150e17faadb	15430	cf6f2540ea86570aad6896324d54870c11130816f64048cb9a567d8e7c2132c7	duplicate-pinned-source-input
source-inputs/src/core/maps.ts	src/core/maps.ts	100644	blob	9e4b6be668dc7c0b82af9a54f25617bbc7cd2f98	13683	ef8e28bbbbb04478082b428ace10b9613fc8b7d3baa99315555684246890f195	duplicate-pinned-source-input
source-inputs/src/core/match-rules.ts	src/core/match-rules.ts	100644	blob	4330ac8acae9f57ae704802e9d78be250e452199	18173	b31abb0ff8df8ecacaaa76ea6fafb2f87ff88f57f071389a74193538f4e534d5	duplicate-pinned-source-input
source-inputs/src/core/navigation.ts	src/core/navigation.ts	100644	blob	a1042429825cb86cae90a6c840276e4a2795bb64	9590	27924b6c886d55ee2288a61101e2fa2f34853f6a20241e770c9c50c5d9c796a0	duplicate-pinned-source-input
source-inputs/src/core/neutral-world.ts	src/core/neutral-world.ts	100644	blob	a0546b7ad86148d14755dc7b5c431004c3fd822b	16579	bf44c385259716251f014819c275d046579cf4a5fb905ea59efe924bc9eacc54	duplicate-pinned-source-input
source-inputs/src/core/objectives.ts	src/core/objectives.ts	100644	blob	f2f6d61e4757a4165f3106fc0a3d76f401442aeb	11262	89dac4b2a27a06681f64d82fa3c0d39dad4e2f27b3633720e9ca3cd3ccf23d6c	duplicate-pinned-source-input
source-inputs/src/core/observation.ts	src/core/observation.ts	100644	blob	0d9879edfbcbec472394e870040d0931dd8dcb85	8808	793e9b7219eae2dd313ef0c3e27723402442ed250de891049076b589a40f1a30	duplicate-pinned-source-input
source-inputs/src/core/planning.ts	src/core/planning.ts	100644	blob	e3079b65c020f6a30f0d64d4e6d054b3f55afb68	27860	6064f6ee2a99ed2a887318c55153372249bfd450a40ce58a9f6dfb03d21604e5	duplicate-pinned-source-input
source-inputs/src/core/presentation-observation.ts	src/core/presentation-observation.ts	100644	blob	ceba79a94dff200305baaa310d3bf94466145031	432	892844e45c0990685b897a110eb4a0ad4d3be9ee345b5e7dc5eb1225fccd5562	duplicate-pinned-source-input
source-inputs/src/core/progression.ts	src/core/progression.ts	100644	blob	9000c760df9d353004010e289f085687e8241e43	2307	baf7bfd7bfca212a09d7f13f2c5188eff4ccd15985e8542a92209777f57527b7	duplicate-pinned-source-input
source-inputs/src/core/replays.ts	src/core/replays.ts	100644	blob	7983a32e9bd2b8ad4ce986724bc6304c4b921b9d	16630	c7d57a1df6536dee13fbbb35c58f4128fac1589e46f7fd62b296ce11804f1c17	duplicate-pinned-source-input
source-inputs/src/core/saves.ts	src/core/saves.ts	100644	blob	1bc86d419b56585120d8c68c02a61c1b3a7ef580	48856	2059e49775401d44813a02c3628de3055c3d7d944d4f887cf7a3639c145197c7	duplicate-pinned-source-input
source-inputs/src/core/scenario-geometry.ts	src/core/scenario-geometry.ts	100644	blob	2badead6a24707d86783a2a3d57d8d7b17cc9d02	4266	3f3213e385346a6977354896273edf80242823b6dfbfaf44bed04bc77e617645	duplicate-pinned-source-input
source-inputs/src/core/scenario-recordings.ts	src/core/scenario-recordings.ts	100644	blob	dd6c40620bddb97497dad7fbccef2192d3913f31	9224	311652f4b4505849928efe4ed4bf7e4d9641ab71716ecb37cc3d363e5f8f2780	duplicate-pinned-source-input
source-inputs/src/core/scenario-types.ts	src/core/scenario-types.ts	100644	blob	d7e654216924d426fcb8f25b70011f674b3bacf7	5389	53659ab5bf18d5911da4dc38bee037f346ec68cab09a166b0d8efeaa1b265143	duplicate-pinned-source-input
source-inputs/src/core/scenario-validation.ts	src/core/scenario-validation.ts	100644	blob	950b130e3f87b18ae934ded1427d42b95a637ca8	21406	13c8183ecb993f10e06a722cbfde8b3269453930833b3ef957493a7dcbc09e69	duplicate-pinned-source-input
source-inputs/src/core/scenarios.ts	src/core/scenarios.ts	100644	blob	764c6440781e15df344c42310863dbb1919168cf	39183	b5b6910d0974cde13818d5c9ef72485451a1d73b3c48068bfbb3ec5144aca710	duplicate-pinned-source-input
source-inputs/src/core/session-storage.ts	src/core/session-storage.ts	100644	blob	afde5240ed363387188a41131bdd8bea816f7cd1	12012	c3a9f04a0abc7bc29338b08bc1f7e65e7669002908ada7ba18836481b1f47c7e	duplicate-pinned-source-input
source-inputs/src/core/simulation.ts	src/core/simulation.ts	100644	blob	66bd44db02798f07467f888ab1193b06b52f364d	106228	e301c65d0352ffe648a5bc4ee6acbda1f562164deacdfe60f8f3b03e7bdccf35	duplicate-pinned-source-input
source-inputs/src/core/specialist-content.ts	src/core/specialist-content.ts	100644	blob	d5cb1dde95647badd1f26ec3bc1ec71d426eaba6	6564	1a1cbb10836291795c51388e6401c672e23b311632b80e56e12a2b2e3a59817a	duplicate-pinned-source-input
source-inputs/src/core/specialist-systems.ts	src/core/specialist-systems.ts	100644	blob	4fee97d105bce9581710ce4720013e1a36c67152	22241	96644ada58215b32650d5e5d23643c784e1e08f49109a8ddc9bcc01145ded6c5	duplicate-pinned-source-input
source-inputs/src/core/specialist-types.ts	src/core/specialist-types.ts	100644	blob	7559635ac2c687be99bf190b9d6b766ce88c796a	2303	b5ebc37625668d5bf416e4f21a65e28b1eae7e25a49c2f1a9b08129d3d65a549	duplicate-pinned-source-input
source-inputs/src/core/specialist-validation.ts	src/core/specialist-validation.ts	100644	blob	86459b5b96e159bd72e929f2978e6cc101d3403d	17272	47cc77f0006046c0c3d849caee9994627b8b299f2e39b1eea15b153d1835d79b	duplicate-pinned-source-input
source-inputs/src/core/tactics.ts	src/core/tactics.ts	100644	blob	b5052c62671aa875caa9215655683d40d2c8a5dd	18531	31e5e81e058e83bf94181c1c7203e1022d64aa0d8f715fb1e0082f04173c9797	duplicate-pinned-source-input
source-inputs/src/core/team-ai.ts	src/core/team-ai.ts	100644	blob	7ccf72ae132da963b0ac4d1845cf6518df7d59a4	25877	246afca59757266635d823fbd943d72ef500db0bab3385107da4f7ca930836b2	duplicate-pinned-source-input
source-inputs/src/core/types.ts	src/core/types.ts	100644	blob	d396b72d5342db148a3c6e1af9dd95eed83a729d	8433	9f2c6c337d2dd6669c1cd8dbee30c01c89c41de3d9caf962d57854310fe8dd33	duplicate-pinned-source-input
source-inputs/src/core/unit-progression.ts	src/core/unit-progression.ts	100644	blob	9a4dc3f1b10c990f8f5b3e5bbbb5d8e079b721c3	8821	bd29a33226eac4122b63217904f13d40f17ce629d50e0c1f5eb56c443c72095a	duplicate-pinned-source-input
source-inputs/src/core/versions.ts	src/core/versions.ts	100644	blob	b47ecb908513fa9594b3189296df37b23fad34f2	346	a8b20be0fb9abd0895fed0d4ad1c7612910f2d31bf9c12c85fd8a432c0ba3f24	duplicate-pinned-source-input
source-inputs/src/core/world-actions.ts	src/core/world-actions.ts	100644	blob	b813aeeb36775f5912e61712cfecd68adeaaea0d	7889	83b8c7dd2376a49811095ba731ee8df34121e72cfe4c3eea1ff16c31d99d4238	duplicate-pinned-source-input
source-inputs/src/core/world-map.ts	src/core/world-map.ts	100644	blob	13ffd364d2f0a704b2b4903938774afcc4913bea	14404	51af55ec2bd0cee6e7dc7caf2f934e60e9a7a046daeb1d3d71e478c8be7c0dd2	duplicate-pinned-source-input
source-inputs/src/core/world-types.ts	src/core/world-types.ts	100644	blob	17a047c228e5ec2a7ae620e4486266df99a43388	2038	d0802170c228c886cc92959e01c1c1c4e358243809d8d476b4457159490dad8c	duplicate-pinned-source-input
source-inputs/src/core/world-validation.ts	src/core/world-validation.ts	100644	blob	d750649d11826c62544632a0ab06d685bb2950fd	7607	27d49a7c87a69f1e6a37ff22be85b50884dba6d1b1014529413776e2a7529374	duplicate-pinned-source-input
source-inputs/src/editor/document.ts	src/editor/document.ts	100644	blob	73b4d990a7ae8c0fdcd9c0247ef49c01e240554e	3047	a746ef361a300a614c6fc8cc4449b67f168815f00edb8b361a1f2c50a1d230c4	duplicate-pinned-source-input
source-inputs/src/editor/editor-app.ts	src/editor/editor-app.ts	100644	blob	8f2602777075073720388a41c2cd32e99add80a0	99	fdc568dd878819ed713cf6ac76c2a0ab51dcf43674778deeb282eb95d2c73e93	duplicate-pinned-source-input
source-inputs/src/editor/launch.ts	src/editor/launch.ts	100644	blob	50f4847b233c509ec02c6a728ee71943726ca5de	1089	ac9616db3574b021530252af717817046c168188262f2a38352b8d727eab653b	duplicate-pinned-source-input
source-inputs/src/editor/map-package.ts	src/editor/map-package.ts	100644	blob	8e9ef3b064220eaa18338bdf56046170901e537d	22883	8a08f3e875a121b601700aa7aa31eb31185cf8f4b6bba5b6cb0d59354ef0d921	duplicate-pinned-source-input
source-inputs/src/editor/package-validation.ts	src/editor/package-validation.ts	100644	blob	afd7bf863777d68cefcbf4d712d202f5dbce320b	677	a01739b75da643c91f86b7ee60088c8d020721e306b3c7f93705dcd94171004b	duplicate-pinned-source-input
source-inputs/src/editor/scenario-package.ts	src/editor/scenario-package.ts	100644	blob	e9fbdfd1aa7f11f9be7f1675b08b9ed17a617530	24306	74f6b8bb2d5d7ec7659f46b2cd23106ea323e9b57d55311206bb87791279a077	duplicate-pinned-source-input
source-inputs/src/game/Appearance.ts	src/game/Appearance.ts	100644	blob	1f4bfdc6909a89494f727f455baaf1f6618aa81c	4298	56ef6e567518f90e9bbf403c41e74838741248c04a9e6f1919e154d0bb17558d	duplicate-pinned-source-input
source-inputs/src/game/ArtRuntime.ts	src/game/ArtRuntime.ts	100644	blob	efa12c1eabd0d7323e206180eb21e3f860c41aaf	9400	ac0df5d1203a4dc44b905b5791a8c447f19e7aabb1b388b50e6abc950c1ff239	duplicate-pinned-source-input
source-inputs/src/game/Controls.ts	src/game/Controls.ts	100644	blob	d90533ab98fc0364b41f7c1c73f8840821ccf63d	12074	1efe5f374a6a662ea24fb26b91dec35acabcd7b958b791d859628b6a25df9c03	duplicate-pinned-source-input
source-inputs/src/game/Cosmetics.ts	src/game/Cosmetics.ts	100644	blob	dfa9a38b0fd4ef0539655ab48a418c61bf4bfd79	5323	8fbead76b858138228699e02b07f5322b3d0a5bf9e3e5b287971ec096053ee29	duplicate-pinned-source-input
source-inputs/src/game/FactionOverlay.ts	src/game/FactionOverlay.ts	100644	blob	30bf586d182b40990d6ce7f0f9fec9a2dc450b72	2796	aa7e997fe5521a6a4f44e5fd14d7ba7ae4d2ec3288004cecec4dcbc099bafed2	duplicate-pinned-source-input
source-inputs/src/game/GameAudio.ts	src/game/GameAudio.ts	100644	blob	00837a909eea9ab8bfd74cbb66e7eaf9ee06b0b7	6151	2f9d8e5325829a84931cde0cf7f904a1f9b720213f48e9352a56cfc31080f6d9	duplicate-pinned-source-input
source-inputs/src/game/GameScene.ts	src/game/GameScene.ts	100644	blob	aa971ebe1efa4c595c188c7fc943f3ee8e81c06f	62102	2f6372937635cdb54367445eb22355d79f33a94ff75604180ff9b2848422cdec	duplicate-pinned-source-input
source-inputs/src/game/Gamepad.ts	src/game/Gamepad.ts	100644	blob	d79b8c3a9f73c8e28d8af713409cc980db648061	7765	d78b066da6ed1183b40d6ca50e9e1b91528b2481a8e3d6f6a0daef57f6ba35ee	duplicate-pinned-source-input
source-inputs/src/game/ObjectiveMarkers.ts	src/game/ObjectiveMarkers.ts	100644	blob	f31885d65bf2ea4fde9ba77fb17dabc4ba8d9233	3005	bbe0aeeaba8afbe892965a32539bc85332b45de16d287af421c75566c0095a03	duplicate-pinned-source-input
source-inputs/src/game/PlanningSession.ts	src/game/PlanningSession.ts	100644	blob	b8e409b41bece65d718ad76b2769c2499441aebf	12929	54254577b02b2204e69f0d99bb0d51ea4930e596b62336bd28d203d00e78565c	duplicate-pinned-source-input
source-inputs/src/game/ScenarioOverlay.ts	src/game/ScenarioOverlay.ts	100644	blob	fbacd053cd1142a31c39f3c45d8784528e7c293a	2598	6e7f1051503426ca8a98eef050592125cc00e5122d7898a093795562e7d56dc3	duplicate-pinned-source-input
source-inputs/src/game/TacticsOverlay.ts	src/game/TacticsOverlay.ts	100644	blob	653d2761b7d36b0a9a86a33d4a23473fcb4fd9b3	4332	d18bd35850f9af09a6c02d7a7549033fdfb5d8b492d939b87e5f8767f5148d7a	duplicate-pinned-source-input
source-inputs/src/main.ts	src/main.ts	100644	blob	2035c932e7c2b9fc1bfa00c5881050ac7f036986	47424	4b3de6a2c62517819e56d81e20f96aa10c8bfde8cd58ea70aa516fd84f0abda7	duplicate-pinned-source-input
source-inputs/src/online/client.ts	src/online/client.ts	100644	blob	ff8cc721b57ab6ced15c3b4e9b03aad314f8ea6c	16286	5564377fb45ca04a86bab9ea25025de2194c0dfdd1ca75ca835109711b46a72a	duplicate-pinned-source-input
source-inputs/src/online/community-client.ts	src/online/community-client.ts	100644	blob	5a3b0a9213fbd89d0d05f9074fcac0cc6e7b129f	20361	732ce711cc18119969100c98ea1a9f52899f5761bcfc057e48618d55081cdfc6	duplicate-pinned-source-input
source-inputs/src/online/competition-client.ts	src/online/competition-client.ts	100644	blob	5800d4b017039fae4790ddff8a353b4cc6eca0e7	1434	75f88a94e281550bfe87e5546dca24efe694c19747841c81648f00d922c6dab6	duplicate-pinned-source-input
source-inputs/src/online/competitions.ts	src/online/competitions.ts	100644	blob	7973376ba3820295ea3c8bc7f9ff6f52256616b8	1869	e1e1a51653e2eb0e2c7d9c4a7f04b18ea03cf26e49a56bcb78d8cdb710cc9bad	duplicate-pinned-source-input
source-inputs/src/online/cosmetic-client.ts	src/online/cosmetic-client.ts	100644	blob	d58b93ec068624965f64cd6c821f988b0273b3c6	1076	77a609233607c3efb6c9986083282f4cbe7ab28e764aecec9f7571cb7c611cb0	duplicate-pinned-source-input
source-inputs/src/online/cosmetics.ts	src/online/cosmetics.ts	100644	blob	e00846d012cdb5367f89a7a795a3b592c90ecd85	1388	411d139e5d90ebf390fc227fce6b0b961b746d1c9ec2782003d006b88ebc5685	duplicate-pinned-source-input
source-inputs/src/online/protocol.ts	src/online/protocol.ts	100644	blob	366eba126e985af87cd95f58ee9d5bcd8cfd8a30	2630	0ad3ac461e5be93e277a468bdd860b4c111282c219b0d1f7b381f22fd494030c	duplicate-pinned-source-input
source-inputs/src/online/render-state.ts	src/online/render-state.ts	100644	blob	03727463845f76b5892fd305204fd28f121fa1e1	16508	1a48afcd1023c9c3f2270dcaf3c50d8a01eaffaf2dee9e7f511bcc528dba9621	duplicate-pinned-source-input
source-inputs/src/qa/performance.ts	src/qa/performance.ts	100644	blob	d0a0481c22b881ec4b8a4d1510787d0e83dc76bf	9336	5f6b929e1761f903b5770d902482b3cc946fcd05af698e8a8fd3ccb0135aadb3	duplicate-pinned-source-input
source-inputs/src/scenarios/campaigns.ts	src/scenarios/campaigns.ts	100644	blob	c15452bb5e216e6e2f566383dfcb2ae3e45cf3eb	60270	5b651b94b6cbd30e7667e4745a65ceb53b7fde886754382a099a648588384c2a	duplicate-pinned-source-input
source-inputs/src/scenarios/conquest-world.ts	src/scenarios/conquest-world.ts	100644	blob	82cf7bdc26291710da1d32213bbf8575da7e93e3	5295	b5a64d47ba13d5ed2b523a0ec781ac07f45bafbc1569d0bd3aed3d12cf74271c	duplicate-pinned-source-input
source-inputs/src/scenarios/demo.ts	src/scenarios/demo.ts	100644	blob	b2e1f344e37843cdbc9982186ccfeed638e7a7e9	28988	eaaebb087bad8414e2267d17dd999636379205f2440b4ab065326390adfbc87f	duplicate-pinned-source-input
source-inputs/src/server/campaign-verification.ts	src/server/campaign-verification.ts	100644	blob	e567a6b466cc6d26a0396b954a3c20a93dc3cb6d	3186	786e60e4db0d65dcaadf7f6d8bb3aa1af9633cc27d5a36374ae70f07f71a6c27	duplicate-pinned-source-input
source-inputs/src/server/canonical-campaign.ts	src/server/canonical-campaign.ts	100644	blob	65ea92ba980614e92b9a76d053b54d55848bd9a8	647	bf87aa9996a58ddceb7e097069b4f971324f49e44a035a8c1768ea226f1703bf	duplicate-pinned-source-input
source-inputs/src/server/community-http.ts	src/server/community-http.ts	100644	blob	27cc15b97e86b67497a4fe579045b354fcd0bb23	2917	78f2ba78db245eed7de9ab69a802c17fa3487b312b6d9b5630a13c44035d5e6f	duplicate-pinned-source-input
source-inputs/src/server/community-packages.ts	src/server/community-packages.ts	100644	blob	a93643da6c8572b59f708c4db88c19bcbfb24218	21198	53f1c2c77f53ec5b5a0c6523c37822b1b32f54016fdd8cbd0b9e6618394cc697	duplicate-pinned-source-input
source-inputs/src/server/competitions.ts	src/server/competitions.ts	100644	blob	09d5acac55d06bcd47b8da7edddfecef54cc43ba	6390	9fd84d853f45e132299521341071e8958310e9634fed2d01976bdaf576d222da	duplicate-pinned-source-input
source-inputs/src/server/cosmetics.ts	src/server/cosmetics.ts	100644	blob	e32bd3b02d5623c762e46935e384ea1fe0399edb	5449	04ac51920d6a853310d4bf647b14c9901bd453a29e9854da18bc27b1efa74320	duplicate-pinned-source-input
source-inputs/src/server/main.ts	src/server/main.ts	100644	blob	72bfab71412af5e8bc98baebb224c52f9a8bfc79	1129	51363f67f3e7b1829e6e20d346c561b7dcdeb2ba223fb7f1d9de28ad19c379ac	duplicate-pinned-source-input
source-inputs/src/server/server.ts	src/server/server.ts	100644	blob	c44e339200e49edfd0862386864d2dc64e63b608	50662	6cee3a6770a2e692ca4ad3ad155c3b06cf6f9116b43460f1eefe7eb7572a1f65	duplicate-pinned-source-input
source-inputs/src/server/store.ts	src/server/store.ts	100644	blob	912728e2ecdb80fd4159811b6cf5e3877a659963	10118	94b40c5f2c40f97e12d69bce63110795eed2a44f72e2c05903a8a7e8efe9fa04	duplicate-pinned-source-input
source-inputs/src/server/team-view.ts	src/server/team-view.ts	100644	blob	b00e45e8d71f4b3419354ed5218c6f33b2c14cbe	5481	ac53d33a6595b1576e1ddbe3b03ade7ba762d3fa53dd90ec76e5f1036da3bee4	duplicate-pinned-source-input
source-inputs/src/server/views.ts	src/server/views.ts	100644	blob	fcc5d11d1bb09595d0103cc2ae8e5e3c457c2826	2864	fef071fb8d6f0729914abe1238206ef67179d59246f65e043d38e753f2e29578	duplicate-pinned-source-input
source-inputs/src/tournament/client.ts	src/tournament/client.ts	100644	blob	3d65cea3460a9cd1f51aee6ad3881ab02149e780	1160	bc0e471e7d7c66bff6128a180216cff70b86950529dc986e001e00dcba5d835d	duplicate-pinned-source-input
source-inputs/src/tournament/main.ts	src/tournament/main.ts	100644	blob	657c0d3537f8500e1e255d5670b258e435b9c96f	2016	033a940fd11d36d1ed9cc56c1a55e397fab9d6bd828d79b8b38c91d529b351cb	duplicate-pinned-source-input
source-inputs/src/tournament/report.ts	src/tournament/report.ts	100644	blob	a5d8a7b2b6ed80950039be588a9f328251b659f4	17919	1408626ba8a11dabd4a696839cfad78d8b3b145397781a1995dedb60fad9d18e	duplicate-pinned-source-input
source-inputs/src/tournament/runner.ts	src/tournament/runner.ts	100644	blob	e8d69c78817a221a34c14e196287cb63a6283b45	15537	9c5b772cbabdbb727993cd1c59c3afb5ac159af9165df942a5b6ae0da17b004d	duplicate-pinned-source-input
source-inputs/src/tournament/service.ts	src/tournament/service.ts	100644	blob	b0ae3c60ecae4f2dc7961dea6100f99bc4efbab7	11854	d3fbe79245f74d54ea36b94d475f2becfabc7b4242a90aabebfbb99e06189988	duplicate-pinned-source-input
source-inputs/src/tournament/types.ts	src/tournament/types.ts	100644	blob	984bb63853dbb9991d39cd8a8d4076acc91211e9	3747	3df76bf918d47dcf8b56b3202f7914e4851253b72cce0b87233c76509520f4f7	duplicate-pinned-source-input
source-inputs/src/ui/AllyDirectives.ts	src/ui/AllyDirectives.ts	100644	blob	91e8e72f0204d188ef6cafb6cae01212693c57ed	13907	0840941d20017782c868290904c35483ae0a3ad8708a982a10829efc9bfbd3f9	duplicate-pinned-source-input
source-inputs/src/ui/CommunityBrowser.ts	src/ui/CommunityBrowser.ts	100644	blob	f0c2a528046e3f58ee39f91224c943c30a44a201	15717	697b8e9c50b7284eeeebe49624261b2b03ce869ef9f478e866be6014e23ca78e	duplicate-pinned-source-input
source-inputs/src/ui/CompetitionTools.ts	src/ui/CompetitionTools.ts	100644	blob	9b8d600b61378a0a49e7bafe1607fd4ff27f8819	12649	f9f0d92164339e27b7fd88b334dfd0e021d1149406f0ca507b23deb73fd23ef6	duplicate-pinned-source-input
source-inputs/src/ui/ConquestTools.ts	src/ui/ConquestTools.ts	100644	blob	e95c0755220ccd731a28771ce7c7394fbcd2f41c	14303	d0b34eec76c1744d7ffdd8de34b2fb1e294c6750e06e9ea831060d1743d143b3	duplicate-pinned-source-input
source-inputs/src/ui/CosmeticTools.ts	src/ui/CosmeticTools.ts	100644	blob	ca567837b5e8a9eeb2f0263041de915157ce9670	9273	c3650284bf657671bbca92649762a076cf5771130be321452ceb3e436db4ff0b	duplicate-pinned-source-input
source-inputs/src/ui/DisplaySettings.ts	src/ui/DisplaySettings.ts	100644	blob	4831454aeb2e22ba2b652a329447702e1663d80b	9179	57c3ded44211c36aca439212464366643fa53a403d266c629d5a3db16e48b30d	duplicate-pinned-source-input
source-inputs/src/ui/EconomyTools.ts	src/ui/EconomyTools.ts	100644	blob	9fff351ee119e5829b180ed858a773b73e944641	46363	974158dcb1c95a154d59da153a342685297d049bfa099cef134180a6925571c5	duplicate-pinned-source-input
source-inputs/src/ui/EditorTools.ts	src/ui/EditorTools.ts	100644	blob	1460ac84fa856092ba39c7d813fdfd7c06aa0cd2	27384	9c76e9efbd37ddebad3417b42070bf2fc51f562aaae96183408c0d834d3429d4	duplicate-pinned-source-input
source-inputs/src/ui/FactionTools.ts	src/ui/FactionTools.ts	100644	blob	6ea854b762c1d52b57995785b339a216a3f7eed7	24097	452c9964d4cae1495412811fc6ee5f600cea30675cfac234efe9d2b8e9648b7b	duplicate-pinned-source-input
source-inputs/src/ui/Hud.ts	src/ui/Hud.ts	100644	blob	67b675db8de1733d3eb3fb45da75d395720f0eae	46307	827031c3c49dab942e00a11cd6531d633f351c9c2884ab1c704e187f81368828	duplicate-pinned-source-input
source-inputs/src/ui/MatchRules.ts	src/ui/MatchRules.ts	100644	blob	c765c364f58f0245651fa1ee2c01c48637444f9f	14930	d8405bf18da57e1993d68355188d124f93d92124bc06f2d3b0191ff007554707	duplicate-pinned-source-input
source-inputs/src/ui/MinimapAlerts.ts	src/ui/MinimapAlerts.ts	100644	blob	f02f552d0cd2495c8bd717cb0793c3e73dea28f0	4447	691591e60637391289ba5714b630250f8e25aadc7a8b414a8ded324710b5aad3	duplicate-pinned-source-input
source-inputs/src/ui/ModLibrary.ts	src/ui/ModLibrary.ts	100644	blob	8445d23b035c0894d6855e00f3a175ba28680913	7688	cd4121a4b25e9ccbc64e1166dc63a872c9de13f7b8756bb0c51b2579f2199a8e	duplicate-pinned-source-input
source-inputs/src/ui/ObjectivePanel.ts	src/ui/ObjectivePanel.ts	100644	blob	bd3b0cd36086deed07c2d9d5a22d6cff695a75ab	18698	80c1e8b73c3baf9e8d1cf4fac5ff3cdabdea195e4ea4fc2892960c40395d5a15	duplicate-pinned-source-input
source-inputs/src/ui/OnlineLobby.ts	src/ui/OnlineLobby.ts	100644	blob	fead68062dd4cacc5b34a1724e66e6b7e5b8fba6	29283	91b8e98d7a3ec977186da829e7ba8aca7b3ddfead1fcf603e58a66bc672d597b	duplicate-pinned-source-input
source-inputs/src/ui/PlanningTools.ts	src/ui/PlanningTools.ts	100644	blob	f7e1f3742d1f5fda6fe9277c61f2bb88d5f128db	23381	6247d23bc23d2f8d0fa128315bbce3bbc7172c49946049f7b0fc536b953a94e7	duplicate-pinned-source-input
source-inputs/src/ui/PracticeCoach.ts	src/ui/PracticeCoach.ts	100644	blob	353fdd5cc262fc20daa7024e980d0a34acbf6950	9027	089ba4d8c7324b80957da2e7637985cab115d323f9f1eec733356b0df3382175	duplicate-pinned-source-input
source-inputs/src/ui/ScenarioAuthoring.ts	src/ui/ScenarioAuthoring.ts	100644	blob	c4287ddf9aa8b48294c2130ac558dfb7c96348d7	43646	0ad2833c71d6b76a4f09ac31fdc5cf93f90e72a39e255681bf6cfb95732e7d16	duplicate-pinned-source-input
source-inputs/src/ui/ScenarioCampaignHost.ts	src/ui/ScenarioCampaignHost.ts	100644	blob	0b6d1829f49adf9de8c103323ad9036cecc031a8	16640	352725a6ba02836a0f6e95894dbbb17cf703ef68f6b5e53b0b6553187a4b4a53	duplicate-pinned-source-input
source-inputs/src/ui/ScenarioTools.ts	src/ui/ScenarioTools.ts	100644	blob	407501221101ab254ccf2fc02242ec005ad10f6c	12159	4eef03cbffcd9bf434c2684b0649fe86cd9b0a591eb50012fd24ba32df2e1176	duplicate-pinned-source-input
source-inputs/src/ui/SessionTools.ts	src/ui/SessionTools.ts	100644	blob	99fd33dd6c3ced8ee5b8157daf4f30bfd555a44c	47196	e1e36fec742ba8fb0533abdb6a908ab2a8c9574649e435068efbf5d53575db1a	duplicate-pinned-source-input
source-inputs/src/ui/SkirmishOptions.ts	src/ui/SkirmishOptions.ts	100644	blob	75d9a0c08180cc362023d9540c9da0e495a060a4	6413	e8c9ea0133a4913dc3cc77e0b9c2d0c33fa8d8373882d5656627cc78e20ba58a	duplicate-pinned-source-input
source-inputs/src/ui/SkirmishRoster.ts	src/ui/SkirmishRoster.ts	100644	blob	f811b3c5fff944b4e65b592dab7bedee5094f27e	18764	a27fada09e0234323afbd3972d2ae833db7783ede34901418b27ec5f7ec8204d	duplicate-pinned-source-input
source-inputs/src/ui/TacticsTools.ts	src/ui/TacticsTools.ts	100644	blob	300edac6a1d55c3f7f714e6729b91b5b7da3ab25	18409	e70b9bc289c7ac320e90f30fafe52f680d017b46476b3c7210e788fc2fd838c1	duplicate-pinned-source-input
source-inputs/src/ui/TeamAITools.ts	src/ui/TeamAITools.ts	100644	blob	0f5a76a9020460cb5f4fe15a9c69f02282120b14	2824	c4bdeb35140acedbcb6b46d3a3c8d48551863210381ff8485b899851c5a2a543	duplicate-pinned-source-input
source-inputs/src/ui/TechnologyTree.ts	src/ui/TechnologyTree.ts	100644	blob	1f5acb990bec79746525e3d5c7338eaf0eb72e36	4596	eed79508f6a16891e1cc16f4d822d4f46e05af5ed6b8c1b0ccd333bf03d78694	duplicate-pinned-source-input
source-inputs/src/ui/Tooltip.ts	src/ui/Tooltip.ts	100644	blob	25db46d7c37ce626d4d21f770c5919b6d348e091	1440	7e4304346dd61c3e1024358e6081bf6b8298ff0758ea9776c8d48111fc8c236d	duplicate-pinned-source-input
source-inputs/src/ui/TournamentDashboard.ts	src/ui/TournamentDashboard.ts	100644	blob	09a95a8e4251fc2b5df9f5acc5e1ee4cab2e4142	25690	e6f39eb2fc9256803fb2448d73f8db2cf88ded1923da237951a3d432462af065	duplicate-pinned-source-input
source-inputs/src/ui/WorldTools.ts	src/ui/WorldTools.ts	100644	blob	08615b73ae1a0d5b404d2c51a463b6185d140389	8644	de578d72a8aaad99ad25bbe5b01dddf61fa4981eaeac999dcbc4975c3abe449c	duplicate-pinned-source-input
source-inputs/src/ui/availability.ts	src/ui/availability.ts	100644	blob	816b4b1a5cb2db5ccc6929af77a8a6b39880f813	1902	40926116445d719dafe63c5ca763a63ffba67718129a88734ec6448366c5185d	duplicate-pinned-source-input
source-inputs/src/ui/community-browser.css	src/ui/community-browser.css	100644	blob	72fa856ae51341be279fa337fcfa158d00138409	2561	3b59f418c756254240c2385a97553140534f8dfa2a6f7b253fdae2c7814cc5a0	duplicate-pinned-source-input
source-inputs/src/ui/competition-tools.css	src/ui/competition-tools.css	100644	blob	bcb002ca54e71cc3dfd01f6dfaff2ff6260b1feb	2256	8a485b28d3f10fe73acac5f722e2fd3e0d397b5cb322a8702c0e8206aa7dbd89	duplicate-pinned-source-input
source-inputs/src/ui/conquest-tools.css	src/ui/conquest-tools.css	100644	blob	9363b91ffa4ce6c05a648e9578ee1ba257dc3f97	1454	e1163a46326d5d151d0d475643a32f6f0b2c049d7bbbc348262671718612028d	duplicate-pinned-source-input
source-inputs/src/ui/cosmetic-tools.css	src/ui/cosmetic-tools.css	100644	blob	7491acfdf08df269c85c6c0e2d3d7cb5c9caf604	1878	8935b7c6b5283c2437c2161bd4dde29a256ad0412a19488571fe42a62a7f2fd5	duplicate-pinned-source-input
source-inputs/src/ui/display-settings.css	src/ui/display-settings.css	100644	blob	f94ee7a14d14d8837ce3657a775bfe2fd90a5f89	4313	1dfd7358288814861ad67e2350fdf8d74310932f286634cb8e9eb68ac392f65d	duplicate-pinned-source-input
source-inputs/src/ui/economy-tools.css	src/ui/economy-tools.css	100644	blob	d2df35c848790679c5b504d697952ea07bef57d5	3242	79ed95fec17ad4767b5f53b6b0189c3233ae9db59ec311bfff0838a3ffa25e60	duplicate-pinned-source-input
source-inputs/src/ui/editor-tools.css	src/ui/editor-tools.css	100644	blob	485e202a6459789bcc9c2271abc13f0eb5bf8f2d	3362	43c624286ad5d55870714e3651d855d672e073e4d5731c1e06f2a086c432c05f	duplicate-pinned-source-input
source-inputs/src/ui/faction-tools.css	src/ui/faction-tools.css	100644	blob	40fce6ac98b1217dbe3228425d7bebc713bff4b5	2385	8d4891cc6c9fae47476f475a25db3ba545079dbc1dae734ab7e568fa802c0935	duplicate-pinned-source-input
source-inputs/src/ui/match-rules.css	src/ui/match-rules.css	100644	blob	92aa2c65032b25ab2a5b95bd89c0db24f4a8904a	1651	b3288d9224c955e769340c4996f41ef50fc5aaab68956a48240dec0cb8856277	duplicate-pinned-source-input
source-inputs/src/ui/minimap-alerts.css	src/ui/minimap-alerts.css	100644	blob	0eec783f6f5e36f9046916320924b22b8ed897e8	518	f7487266a24d54979f2febd467eafd2f2976d40dc8dd91269fc99f57deb6a9d0	duplicate-pinned-source-input
source-inputs/src/ui/mod-library.css	src/ui/mod-library.css	100644	blob	13e81d7b226953e7cd8ff21cc2854c6ffe7965fe	3572	3020b8216ea43b65915e1b08e569141f54aa9fcda48b101a11cd40ba0716ffe2	duplicate-pinned-source-input
source-inputs/src/ui/objective-panel.css	src/ui/objective-panel.css	100644	blob	99252b4b04b283e58096d8713398db4db2d2ea29	2205	a563bdd6f9ad6b127d0d7fbaa11e1f8303f1e0b3d02d0fcc0e895769df300c1b	duplicate-pinned-source-input
source-inputs/src/ui/online-lobby.css	src/ui/online-lobby.css	100644	blob	028e7e92f2710e0807ad03eb78791ce6b3200d9c	3684	00d70536f7cc4c0afeecfec4aa1e2c43c1764d3db9b9140bbc90045ee7f9d7cd	duplicate-pinned-source-input
source-inputs/src/ui/practice-coach.css	src/ui/practice-coach.css	100644	blob	5b82ea5db9219f7193533387b7027a49aff0cac4	2124	80f91504b074ae5f58c609a1dd4a4553d0887b620f4f1d2e6afaf331a2e66038	duplicate-pinned-source-input
source-inputs/src/ui/scenario-authoring.css	src/ui/scenario-authoring.css	100644	blob	adfc8391fe85d89e12a127ba1e9a3d7c5b95a1fb	2330	eea9015230e1f68c3630da0bb1b0402e76761552a3ac2e3487247b9e317cd91a	duplicate-pinned-source-input
source-inputs/src/ui/scenario-host.css	src/ui/scenario-host.css	100644	blob	b9dc1dcd2744042f8ae349860c9735075c56841b	577	ce52c1746e915916f49e90dbfa1d6b2ab44d18d9e9536ff56e047787f8cf788c	duplicate-pinned-source-input
source-inputs/src/ui/scenario-tools.css	src/ui/scenario-tools.css	100644	blob	f066a78534dfc80ccc1b68a9811f0393a50d9c8f	1549	31742caf61a193e43ae7a6cd3ad3e6b8969f61968077eb7caed0add0e6573403	duplicate-pinned-source-input
source-inputs/src/ui/session-tools.css	src/ui/session-tools.css	100644	blob	310dd65973b3050c34bb1e1b49ce23c707dcb573	5593	3ffabda15f8f82c7b9f94540e9a69b968baf400ed5a55c95617562c351642cff	duplicate-pinned-source-input
source-inputs/src/ui/skirmish-roster.css	src/ui/skirmish-roster.css	100644	blob	26fe90f95585aab9da964e5c9167978c6d6e8a97	4621	1a81c18ded6ff3c0071db1410d1e716cb5e35e579ed7ef8adaba541080028387	duplicate-pinned-source-input
source-inputs/src/ui/specialist-ui.css	src/ui/specialist-ui.css	100644	blob	a7d164c0fd2e376b098dc39f7a5e35e6fa783c44	547	e6e04cf3412b9cc6cc751959f70663b1dc7b22d26902d5518b66ce4306ebc236	duplicate-pinned-source-input
source-inputs/src/ui/style.css	src/ui/style.css	100644	blob	3d53344907a05aa669a30e880329014cdef67d3a	25034	c38377862db672c6b40cdb2859ced14837ca166a42d327c285d45f44da0a3f9d	duplicate-pinned-source-input
source-inputs/src/ui/tactics-tools.css	src/ui/tactics-tools.css	100644	blob	c89313fcd8fb8a780d5d6759c8111a322a67db24	2483	35ab8a586ac2eeafb5f32b4afb62272328cd79d8df9b0e8a1b58b47e86f0d4f8	duplicate-pinned-source-input
source-inputs/src/ui/tournament-dashboard.css	src/ui/tournament-dashboard.css	100644	blob	56793023bbed459b44e4e41bbbaa91085a3d86e5	4201	071667fd29d795a307d43a6067616f6fdfbb3a3556252d29a406e57f2e2a8137	duplicate-pinned-source-input
source-inputs/src/ui/world-tools.css	src/ui/world-tools.css	100644	blob	16cbf6afb052e5cc2e4408f052422388a2506e54	1194	c3aab924fe100e8e204855ccdd4c28cf1dbad0872174d30acf17d5289f986cb5	duplicate-pinned-source-input
source-inputs/src/vite-env.d.ts	src/vite-env.d.ts	100644	blob	11f02fe2a0061d6e6e1f271b21da95423b448b32	38	65996936fbb042915f7b74a200fcdde7e410f32a669b1ab9597cfaa4b0faddb5	duplicate-pinned-source-input
source-inputs/tests/appearance.test.ts	tests/appearance.test.ts	100644	blob	2048a97416ce8abcca6be825a66640addc4513f7	3304	e5cb73f18f5b842273973349746637e7b2aa64ca1f47781628c70c82698fbb78	duplicate-pinned-source-input
source-inputs/tests/display-settings.test.ts	tests/display-settings.test.ts	100644	blob	951f2d4b402e61670ae6171c19b71f0d63874690	10605	7cc74d62d0173b838f2f3e166e0d4c0c7bfbeabb2e0b55761b4fa3ab2fcce76d	duplicate-pinned-source-input
source-inputs/tests/gamepad.test.ts	tests/gamepad.test.ts	100644	blob	e8bde429814b230e94f40f637eed11017e893672	12830	dd343ca6eaa5c666a3d66d1924dc7a651b489170114e44c953828b21a513b1e9	duplicate-pinned-source-input
source-inputs/tests/minimap-alerts.test.ts	tests/minimap-alerts.test.ts	100644	blob	fe54f524993c741583032a837266de188cf3837c	5852	e2e66abe7d177b19dfc63b9e25cab2585df432e76ba079b0a2d06bae38b289ff	duplicate-pinned-source-input
source-inputs/tests/minimap-level-focus.test.ts	tests/minimap-level-focus.test.ts	100644	blob	9113bc961097dc8ac59141ea9e69c025f5505aa5	13982	e04057896c2dcb2018d6742765481fd8aab34fe7ed12ea0251cc1f08c45e9140	duplicate-pinned-source-input
source-inputs/tests/session-storage.test.ts	tests/session-storage.test.ts	100644	blob	f1b53dc764d77b0f419fa087a14888ae8b928b36	4624	ddf4f2e4b4d24e0352bd1de5474eed13ef271cdeb1fdd94681b501f698e925c7	duplicate-pinned-source-input
source-inputs/tests/session-tools.test.ts	tests/session-tools.test.ts	100644	blob	4075da8261397754f70e5956aee833e1280725f6	45589	f62f148942a57177dc9444c716c3598762e644559c403b94cc82dc391b94110e	duplicate-pinned-source-input
source-inputs/tsconfig.json	tsconfig.json	100644	blob	37a2d05abbb4fa020593bc834987f034d9edd016	243	097f624958954274dab46f515239454a6d50b5bc92fe21d6bb8407d636b17264	duplicate-pinned-source-input
source-inputs/vite.config.ts	vite.config.ts	100644	blob	655a649464f9bc28f5766044f489cbfc352767b6	1273	07ecab9f882157c91a59b4c67c84f85c9c3b21e357039a3cb28346aa56165289	duplicate-pinned-source-input
source-inputs/vitest.config.ts	vitest.config.ts	100644	blob	26b9a209e63c90d1d2231643222b5fa15a2a3c40	116	c2c9ee7cefe55e153af12ea8b44612dabec23fa0f12c0953afc396f901dfafac	duplicate-pinned-source-input
proof/dist/assets/automata-barracks-0.json	public/assets/automata-barracks-0.json	100644	blob	8fb2032413658b856debbeeac44e0fa6fa0fa721	1078	70b9f4d1387070b6406c9603a5e37cd202bd1af7dea1035cc93e56be825053c4	duplicate-pinned-public-dist-asset
proof/dist/assets/automata-barracks-0.png	public/assets/automata-barracks-0.png	100644	blob	6ee7ebe5e7e9e3e20cdcce4b3e5687ca6a6c4b0b	151835	94332226d3be7a380bd1da4ed03cbbaf8ce46cef1d4859d21ab2d23cd4a0b1ad	duplicate-pinned-public-dist-asset
proof/dist/assets/automata-cavalry-0.json	public/assets/automata-cavalry-0.json	100644	blob	915ae8dde9fa3496b05e990e35796abeb9caba1a	11946	ec48439b013c274335fa2295cc0f38dea0faf4b94aad19d9f92fe40d90f47acf	duplicate-pinned-public-dist-asset
proof/dist/assets/automata-cavalry-0.png	public/assets/automata-cavalry-0.png	100644	blob	9bf556b06aa6e5f2510675f89cdcb0c718b2ea05	478467	636ce9f1a0af3fa2f76089edb094a6c7b06f3516f5343193735ddbaf1717dc91	duplicate-pinned-public-dist-asset
proof/dist/assets/automata-cavalry-1.json	public/assets/automata-cavalry-1.json	100644	blob	40048576c8a75de041c97f135f64bda91895de5c	11997	58c5674215a7a55c9e49ee6360c9389f0dbed0e93b3a06e0ae7e9c19b1c58503	duplicate-pinned-public-dist-asset
proof/dist/assets/automata-cavalry-1.png	public/assets/automata-cavalry-1.png	100644	blob	18d9b8b447de514746618aab9dedc249f6f929a0	447679	df0ec6ab43375b886af3d6197b515aad5b8f65cb48ce6e7c47ebcc7e6feca93b	duplicate-pinned-public-dist-asset
proof/dist/assets/automata-cavalry-2.json	public/assets/automata-cavalry-2.json	100644	blob	fe9941aa645ec3f17ac18b0e13bb5fd7ffeadea0	11956	a425053f25a05a9508d1dc48916ef2fabad8e5a6c84829fa72509ecde62643f2	duplicate-pinned-public-dist-asset
proof/dist/assets/automata-cavalry-2.png	public/assets/automata-cavalry-2.png	100644	blob	0a33500bb06734833c6e4f273c9308f9a70d0bc6	673476	f8e70839b2b8b912c8d5c0475d9a898d3746e5f06dc0af274ed46873e8103f97	duplicate-pinned-public-dist-asset
proof/dist/assets/automata-depot-0.json	public/assets/automata-depot-0.json	100644	blob	0ec60f460a5d5c5757ac67ed56c0386c2fed63d5	1053	a8d1b7c8481318df833fb6c5183195ee8a583b36903747f028ce56195d04d50c	duplicate-pinned-public-dist-asset
proof/dist/assets/automata-depot-0.png	public/assets/automata-depot-0.png	100644	blob	9cfeb491ad0d80a0e6a41b55aca472e29346a3e2	82550	ddf5b1d72e1cc1e4b63bf086f5513412d0ad607ffb5921040879b3b4ebd4c28f	duplicate-pinned-public-dist-asset
proof/dist/assets/automata-gate-0.json	public/assets/automata-gate-0.json	100644	blob	b671b87bdefb1c23d030999a159681bba0f8cd58	1229	a74f9785317d60ab3113b215c09334857c8ad099c28a1dce8f2f244c1146fe7e	duplicate-pinned-public-dist-asset
proof/dist/assets/automata-gate-0.png	public/assets/automata-gate-0.png	100644	blob	fbbee8a18e3272d60ae3bb2702b933f728a672d7	132628	0e89b977feff6c1a4c8c20dc6ef6f86aeb76e986be2fc87a82564d691a7c0635	duplicate-pinned-public-dist-asset
proof/dist/assets/automata-hq-0.json	public/assets/automata-hq-0.json	100644	blob	be127555ebc6e015b3ccb76063e0a0106c03526d	1042	6a7d721422f38cf29f430feede7bc9a18a19df99ef04346521dfb3ea63c0187d	duplicate-pinned-public-dist-asset
proof/dist/assets/automata-hq-0.png	public/assets/automata-hq-0.png	100644	blob	92d8a385077f7b7f13e457aead5b90241efcfb71	165881	dc4d017b44199b1cee48f1993aeaca9a9f0e9fde6d6292668636987ccd3e1420	duplicate-pinned-public-dist-asset
proof/dist/assets/automata-melee-0.json	public/assets/automata-melee-0.json	100644	blob	9236eab8bedb805bd1d7fe192d83060f4e3e0ad8	18099	46e803ed7636f75916076aa571aea8d554ca6c3f69dd1f44fc460626399cf836	duplicate-pinned-public-dist-asset
proof/dist/assets/automata-melee-0.png	public/assets/automata-melee-0.png	100644	blob	0b2e2edd830d81ec633b0c54c16046e332988cd3	560226	399356ab33452e5a16c1539f31dbdb545992d2b6eb54304c7910b3362c66ce1a	duplicate-pinned-public-dist-asset
proof/dist/assets/automata-melee-1.json	public/assets/automata-melee-1.json	100644	blob	836c4d89dcf81ec6dc2624992cf7310d49b54af0	16791	4bd3c5b9dfd3d806cbb5db0486f4ebe25a7637d8a32e29d74ce0e522979f2be2	duplicate-pinned-public-dist-asset
proof/dist/assets/automata-melee-1.png	public/assets/automata-melee-1.png	100644	blob	4a7490983a457b50150c096b0551bde4eb9077d5	590134	3fc12bff7883f338276696ff725b2c90cdd7905cfc334eeb9e818ad77011bf3a	duplicate-pinned-public-dist-asset
proof/dist/assets/automata-ranged-0.json	public/assets/automata-ranged-0.json	100644	blob	25f025053c2c5109132ceaf7a86a3802e7afd4e6	18200	321abfa391fac2090e74a71627811e08c703f1571a17f3a088c0612dddbb7f57	duplicate-pinned-public-dist-asset
proof/dist/assets/automata-ranged-0.png	public/assets/automata-ranged-0.png	100644	blob	9c181dcd12f9f54b37062e5178f646a117a18e7c	502302	96c368a4e3399a1439b5de8c16da72ed11f3c86c6db67541d400d11cb11ca1a6	duplicate-pinned-public-dist-asset
proof/dist/assets/automata-ranged-1.json	public/assets/automata-ranged-1.json	100644	blob	5509c1b1c86ad64232393a914ca72fb00606e3d3	16875	99506af608431738467c49d15b0512f787f079c4cf045de4ae6099cfdc1b171a	duplicate-pinned-public-dist-asset
proof/dist/assets/automata-ranged-1.png	public/assets/automata-ranged-1.png	100644	blob	059b159bf89fd789dab58a36eb550e51eb8f5c3c	509322	da2fe55f331d07907fddfdec92692fed8d970c218882e49820b628b3c20c1cc4	duplicate-pinned-public-dist-asset
proof/dist/assets/automata-siege-0.json	public/assets/automata-siege-0.json	100644	blob	34cdf738c915938fb1866798467f4dd251241dd1	11839	e66dbde3d7045aa2d70043e3711cb4231f2a5c259df2d0ee2499dbc1d995a87e	duplicate-pinned-public-dist-asset
proof/dist/assets/automata-siege-0.png	public/assets/automata-siege-0.png	100644	blob	2fc68dd1b4c4233399f647c95f90c47505ed7254	614799	7d5bd66f0e63a5ce4623c9db75bd290b4f9eb3d7e469ddff00de38daca3e8cf5	duplicate-pinned-public-dist-asset
proof/dist/assets/automata-siege-1.json	public/assets/automata-siege-1.json	100644	blob	1bb9287a97bf8c3ac1bd7fd5cc5be4c3d560d3dc	11909	c1c639d6ee3ff1cc9bb5c1d3f92beab763a22aecadf68e0067683b9494b0736e	duplicate-pinned-public-dist-asset
proof/dist/assets/automata-siege-1.png	public/assets/automata-siege-1.png	100644	blob	c376b54cc5eb0b715e7ca3f2a8c0ff9d71484480	594588	fa65ba0e63e008ff36c7ce84a8f48e5fbc3e80212bbe790978aaf463deb6b90a	duplicate-pinned-public-dist-asset
proof/dist/assets/automata-siege-2.json	public/assets/automata-siege-2.json	100644	blob	ee2ab3e877ac9918767250eb0ff9065e46423266	11878	61f2a6d633f6b392afd0b00b7824a6961606e25dae5cf07570ccfd49791e4b77	duplicate-pinned-public-dist-asset
proof/dist/assets/automata-siege-2.png	public/assets/automata-siege-2.png	100644	blob	b0ce2147f9f6361b62bbeb73a90c0601e035e310	945428	17a8ba932e2a017838d95c781d095747b398407899c3d935f71428e8c8d17429	duplicate-pinned-public-dist-asset
proof/dist/assets/automata-spear-0.json	public/assets/automata-spear-0.json	100644	blob	ce959845d501bea5d1c6154c3199eed0c1876046	11747	f71e9a43071cb47b2b01c239a635bda316a7b853b18d4738bb8173c397dd076e	duplicate-pinned-public-dist-asset
proof/dist/assets/automata-spear-0.png	public/assets/automata-spear-0.png	100644	blob	9c4bcb8e49f3618b67103862dce3578d728612e0	382800	27ae2e2df44d766adc903fe1136abf50cd9a7567cc92732e3edb89f3bc56ad96	duplicate-pinned-public-dist-asset
proof/dist/assets/automata-spear-1.json	public/assets/automata-spear-1.json	100644	blob	fabc68c2161b40ab3b47dee1ecebb03e031d06fa	11808	a7f3c4f4591015934768433b112ee88fc079de0c2f5462d5f2540292e176586b	duplicate-pinned-public-dist-asset
proof/dist/assets/automata-spear-1.png	public/assets/automata-spear-1.png	100644	blob	8610a82b52956da9aca7e2bb4917dd1c53ec36da	348476	e882f54b1c2bc986ce6d122747c7fe9b81cd435c4e6e6b00eb3f8482533d235c	duplicate-pinned-public-dist-asset
proof/dist/assets/automata-spear-2.json	public/assets/automata-spear-2.json	100644	blob	29016704a0eb73e06ba102eed195443ab5982b1b	11812	bf7c1ede8a249e756ef66af74087630b1e78061a76fa9322f938812ee3914b6b	duplicate-pinned-public-dist-asset
proof/dist/assets/automata-spear-2.png	public/assets/automata-spear-2.png	100644	blob	3dff2145968b450cef9a42fe809d348a89616b67	538564	805ea88baff318d8beec8dcd6cb7703a73bc82588e853d3a34d85472e2f45964	duplicate-pinned-public-dist-asset
proof/dist/assets/automata-special-0.json	public/assets/automata-special-0.json	100644	blob	3724b53eac32c50f294853a348203c518aa61e35	18405	9b107adce7b6df36eb8406bd249417e84f6db6600b242a12250d85c02de2ed66	duplicate-pinned-public-dist-asset
proof/dist/assets/automata-special-0.png	public/assets/automata-special-0.png	100644	blob	878d0c7d61b9c20f98ec008d9c3d8a41ca22c794	834919	455397925866e6eb42d3b755bcfa61b5c15518d6cc63cc1eb9996297e8fd88c1	duplicate-pinned-public-dist-asset
proof/dist/assets/automata-special-1.json	public/assets/automata-special-1.json	100644	blob	65cecc92f28bc934f7f46fb7b46d03b97ae0bcdf	17080	39d06bf4c75996ba22f4c5ce7e3c5b7a2464569fa624c2dc776053638e23c8b9	duplicate-pinned-public-dist-asset
proof/dist/assets/automata-special-1.png	public/assets/automata-special-1.png	100644	blob	8b3af05a33aa0457836ac12c05a57313aa7fabc1	890003	4a212608c6d9ac1ae8deb44c87d9ba44a27ea43aa4c681c39654565949b929c9	duplicate-pinned-public-dist-asset
proof/dist/assets/automata-tower-0.json	public/assets/automata-tower-0.json	100644	blob	9340e8fb2ceb010f922480b70bb2a32e88aed887	1053	fb2410e5c6cc07a375a89349d96d0d327327271e82eeabc744a3cb33cc511a06	duplicate-pinned-public-dist-asset
proof/dist/assets/automata-tower-0.png	public/assets/automata-tower-0.png	100644	blob	d76894f942af94a50a2c2ae4a13b63a645f6901f	77540	47743ef45a68157e0ec1e386f50738dc6ab7c703335dc67469adac90ddb8e2da	duplicate-pinned-public-dist-asset
proof/dist/assets/automata-wall-0.json	public/assets/automata-wall-0.json	100644	blob	2dcd6cc25d4f176980263782bf0077d4bd29c7f2	1031	7a31cf3763d70480970699cd3002aec89d03d48cd1ac698cd515f2643d64f4c1	duplicate-pinned-public-dist-asset
proof/dist/assets/automata-wall-0.png	public/assets/automata-wall-0.png	100644	blob	9f51cd6a9f05de2a817d10a842eea4f9b7be7ddd	59240	15af8ea52b07b5c86154083521bdfd519a87edc9719d1bd59a6440b8e8ab697c	duplicate-pinned-public-dist-asset
proof/dist/assets/automata-worker-0.json	public/assets/automata-worker-0.json	100644	blob	d61240c12fc2dd88ffd1b29f41dd7156ab8d50a2	18200	da40677719e3b4e46ec2b88722088ef9329597f94e1fe586f6f2df3e126c436a	duplicate-pinned-public-dist-asset
proof/dist/assets/automata-worker-0.png	public/assets/automata-worker-0.png	100644	blob	ca44c53737db5230f003528c96602065fb272327	459977	c2599cad58be8f7042c16d3c1c81712b132f43d1b967235c2b4d51c06e092448	duplicate-pinned-public-dist-asset
proof/dist/assets/automata-worker-1.json	public/assets/automata-worker-1.json	100644	blob	cd07a087798139d01f5133917a4de140c9a96935	16887	9682314f9d1e04f0f6d8d7b5eeadeed02880f89fef710f032408f022149f94b9	duplicate-pinned-public-dist-asset
proof/dist/assets/automata-worker-1.png	public/assets/automata-worker-1.png	100644	blob	0dd5ffcc5aed0d804328410a6dc1284b07118b02	526894	0f9cf1b9d338b79ed3eae76d4600701f9ab18d8b45ef342c39b96127034f85d2	duplicate-pinned-public-dist-asset
proof/dist/assets/crystal.png	public/assets/crystal.png	100644	blob	38e6dd3ca8d9cffe7830095fca8cd4db6e7b4ac2	5732	dec66998267d66464e2118f90d018ed8a18d014587bf536a1466ab3fed4434cf	duplicate-pinned-public-dist-asset
proof/dist/assets/dwarf-barracks-0.json	public/assets/dwarf-barracks-0.json	100644	blob	efc82aecaca2d7365053902cbef5e08fab71c937	1055	29d5cef66cfa679bc39844d732cbd3d90e8ee0058364ff4e27bacd19c980a81a	duplicate-pinned-public-dist-asset
proof/dist/assets/dwarf-barracks-0.png	public/assets/dwarf-barracks-0.png	100644	blob	836851a3adaf8afc9cfd02ef34bd57117a911894	170423	046f38f6efaf405765d724d7d92eafebc95b982cba1088c009079dc0134fe6dc	duplicate-pinned-public-dist-asset
proof/dist/assets/dwarf-cavalry-0.json	public/assets/dwarf-cavalry-0.json	100644	blob	e45aa83bb00b43b324ed3f3b4ff773f43c25ae68	11587	ae6fb8e454949aa7b292a9665e95626f8be13b7ce5fe323f18a866b535bd0ade	duplicate-pinned-public-dist-asset
proof/dist/assets/dwarf-cavalry-0.png	public/assets/dwarf-cavalry-0.png	100644	blob	bbb93f31baff4b8b4204b4b5a4ed11c526ebb35b	405393	7a8866335cb2f4a2704f1a0dd72b408bbdb082820d3dd35787e1fec58f4bb94f	duplicate-pinned-public-dist-asset
proof/dist/assets/dwarf-cavalry-1.json	public/assets/dwarf-cavalry-1.json	100644	blob	3e469b63e9d3497f18a848e5c7ba292b81ce25d9	11687	e190f032e0ae4232b438b38943ee309db487e41dc195e0ea4e808a9034cb6b51	duplicate-pinned-public-dist-asset
proof/dist/assets/dwarf-cavalry-1.png	public/assets/dwarf-cavalry-1.png	100644	blob	226e3c14c449019000ceb23f648f21f59e4b5d76	370186	61b4fee9cb5815901a173395705c0f8289017d6095d549f86e5f84b736651d65	duplicate-pinned-public-dist-asset
proof/dist/assets/dwarf-cavalry-2.json	public/assets/dwarf-cavalry-2.json	100644	blob	1ff7f383725a9b10cfd1276f944df978a79b8144	11703	f015a3214d537ec13e25131603ec1c140d1c209f91349b870c335ffb2b3c4375	duplicate-pinned-public-dist-asset
proof/dist/assets/dwarf-cavalry-2.png	public/assets/dwarf-cavalry-2.png	100644	blob	507fc3cab22e7e6c981df1de2a306fcbb86d9cce	667858	1aec788f8afce27bdce4742fa7bb8cb7ac13baebb07932a14d149573d3064c95	duplicate-pinned-public-dist-asset
proof/dist/assets/dwarf-depot-0.json	public/assets/dwarf-depot-0.json	100644	blob	a7f330ecd2f7421b403f6c4f3e4a245af193314d	1035	72f13d910516f45d220ec1c5b971da029fa618ceb7c6e45638b2875929a39e6a	duplicate-pinned-public-dist-asset
proof/dist/assets/dwarf-depot-0.png	public/assets/dwarf-depot-0.png	100644	blob	8423f12f3cfeef9826fdad76f4ea1375260de45f	95928	c67fe6b9db6b3335ad58cfdc85b4096ea5311cf4dbc8400ceecea47cf23b06b3	duplicate-pinned-public-dist-asset
proof/dist/assets/dwarf-gate-0.json	public/assets/dwarf-gate-0.json	100644	blob	c4f6d056bc1df5705ce2e882049f0a03c74af7fd	1208	626c61c4b3b6ccf9c0a109651a488b3368435c871bd92ad8bdd7713cbea33a84	duplicate-pinned-public-dist-asset
proof/dist/assets/dwarf-gate-0.png	public/assets/dwarf-gate-0.png	100644	blob	44943c747a88cf1ac0618b7d8489cd6557736e1d	123813	93a6439578a9406ba4f7d7ed7bc208aebadd6a26d94209348dcf96ed18e3fcd4	duplicate-pinned-public-dist-asset
proof/dist/assets/dwarf-hq-0.json	public/assets/dwarf-hq-0.json	100644	blob	2486aecb0db84adb9fa03a790396b711d7962d5d	1019	2e5b995d35a3519be7fecb8af9283a3fadddb52455c3e1596c7f5f239cd55476	duplicate-pinned-public-dist-asset
proof/dist/assets/dwarf-hq-0.png	public/assets/dwarf-hq-0.png	100644	blob	f2a6eb034a29bf230be53f86bdc84faeb8ca0086	172700	579dc05bf1f1fc52c08b0fcf1e5d871bddccb15e291dc4b30e610115c93d6145	duplicate-pinned-public-dist-asset
proof/dist/assets/dwarf-melee-0.json	public/assets/dwarf-melee-0.json	100644	blob	6988f3a640dc43dec97a60972cb08bd27bf5d506	17796	3c7ff6d6498de687ff2ac5c7fa1b6ff2d2a2c7b27aafde7bcc1007d9c649f476	duplicate-pinned-public-dist-asset
proof/dist/assets/dwarf-melee-0.png	public/assets/dwarf-melee-0.png	100644	blob	91702198b9e60c423cffe404f361f73583f9c933	546594	965b0d70462026a591d369bc0088b7234cae7bf89a302094c1963ea6282ed90a	duplicate-pinned-public-dist-asset
proof/dist/assets/dwarf-melee-1.json	public/assets/dwarf-melee-1.json	100644	blob	e4c74bf14bd9ad038c127d2d55f7bb9ecca90bbe	16514	46ecebbfab8e06bc666a107a5b9ff115287c9960d3ee329cbf370a48ba22f9d5	duplicate-pinned-public-dist-asset
proof/dist/assets/dwarf-melee-1.png	public/assets/dwarf-melee-1.png	100644	blob	23febba923f04b58cb3e8e5396a23d45a395cf71	630206	b920d98208bdbc697d5a12c703519fa0f21af2515874e3638bb4042343a6ba09	duplicate-pinned-public-dist-asset
proof/dist/assets/dwarf-ranged-0.json	public/assets/dwarf-ranged-0.json	100644	blob	52cce08bda61017979a095449641f60f8524a202	17897	4e78f6595344dfeff91829e255f2ce0a84c77fbe5fd88c0c55c8bd87e128cbcc	duplicate-pinned-public-dist-asset
proof/dist/assets/dwarf-ranged-0.png	public/assets/dwarf-ranged-0.png	100644	blob	4d24f70b59cf3d48d54d524f036ca34c383009a7	499354	5f580d9b349b887a7d27f5576ff60159e15d694c5e5bb00937ccdfb209af860e	duplicate-pinned-public-dist-asset
proof/dist/assets/dwarf-ranged-1.json	public/assets/dwarf-ranged-1.json	100644	blob	af0d7286b409f8c32be601ed85bd1ea9ce96b549	16599	2b4623b86175880a3792c1dbd9f311d7855136a0aaae37b173f98186a82f2d63	duplicate-pinned-public-dist-asset
proof/dist/assets/dwarf-ranged-1.png	public/assets/dwarf-ranged-1.png	100644	blob	9e6541779a20d3220a160fdd43cc6abe4f50fd12	485019	7ed9c141c5d401cc040ff8c474e7d64822f5c3c7d9e6c318e5b1cfb0fabe7f68	duplicate-pinned-public-dist-asset
proof/dist/assets/dwarf-siege-0.json	public/assets/dwarf-siege-0.json	100644	blob	ffa5da3dc8a95323ebf9dbc0a19545bd74af89da	11544	ed6d384e51ca9fe5405080946261024e129f0e3fe3dfb9508d581bb562a8edf7	duplicate-pinned-public-dist-asset
proof/dist/assets/dwarf-siege-0.png	public/assets/dwarf-siege-0.png	100644	blob	036be934781c99817edaeeedd39f37ad81dc928d	625866	5d5da3ac82f497e13a6b0ff8e9d884554ad51c34ee96b723510e6b572dc8f0f2	duplicate-pinned-public-dist-asset
proof/dist/assets/dwarf-siege-1.json	public/assets/dwarf-siege-1.json	100644	blob	92a31753e5ac432e097f91aea838b536a3878076	11640	0d853e33bd8977acdb96ffacf4edd382920023b9d89d846b1bed83b10cd59b43	duplicate-pinned-public-dist-asset
proof/dist/assets/dwarf-siege-1.png	public/assets/dwarf-siege-1.png	100644	blob	66e4ea51f4632454d381bc8ef352ef3b255a2492	616167	1902307230bde33f2e709a48bb9761053e61957b1252fcb1ea27b74961920897	duplicate-pinned-public-dist-asset
proof/dist/assets/dwarf-siege-2.json	public/assets/dwarf-siege-2.json	100644	blob	bd97067c1d7f11c02ec33e518a41a1f223aefc81	11636	bb7e8c29deb73f21681e8a2fac9f9be71c3f9ac783dc513c5bf6260140eb6379	duplicate-pinned-public-dist-asset
proof/dist/assets/dwarf-siege-2.png	public/assets/dwarf-siege-2.png	100644	blob	82c6f16c5989661fd8e3c080243b1c89449cf17a	857366	1ef924a939ecb3848ec727cbcd19c4b994e6cf531bb9704a6a8df32ede02b270	duplicate-pinned-public-dist-asset
proof/dist/assets/dwarf-spear-0.json	public/assets/dwarf-spear-0.json	100644	blob	e7be37ce8671a1bfd83a8cb2ea9a7d0ad715fd28	11522	fb22711e83dad1f9372e606a3612bfc8702725972f75ed480596e0f86a3b2839	duplicate-pinned-public-dist-asset
proof/dist/assets/dwarf-spear-0.png	public/assets/dwarf-spear-0.png	100644	blob	e48960b103f22919973742eef86558885f33e8c0	346715	ea05f6bf1cda9e9d769d8664f099e5a1530e226ba1c18c824628ff8e1ad2f5c5	duplicate-pinned-public-dist-asset
proof/dist/assets/dwarf-spear-1.json	public/assets/dwarf-spear-1.json	100644	blob	8ce7e890deb93be55e106d11f940e65c685e690c	11593	d1a4c523f1ae26aa038f5832a3c3dd2bddd920ecb0eb632a2f9365809f45370c	duplicate-pinned-public-dist-asset
proof/dist/assets/dwarf-spear-1.png	public/assets/dwarf-spear-1.png	100644	blob	29911f2f9201e4cf6ab81e08feda636c7da9c6b4	291180	61e75a22afb89d47fb611edacd6bb7dc615e70d8504ebbec2d2a92c2f62fea53	duplicate-pinned-public-dist-asset
proof/dist/assets/dwarf-spear-2.json	public/assets/dwarf-spear-2.json	100644	blob	f712e8ebac0bcf7a9cb86efb42689f8e26ccd1ec	11603	e4d456508db2e846a741a1da4375a48c71a7e54ae27d2fa88e9c78691d636d55	duplicate-pinned-public-dist-asset
proof/dist/assets/dwarf-spear-2.png	public/assets/dwarf-spear-2.png	100644	blob	10a683fe8d6cd6285b8494cde6df1290a9e94593	486707	07b0d3aee6ea50bb7acda824d657dfbc0bdeb08f3682e69964ca0c9260f10df5	duplicate-pinned-public-dist-asset
proof/dist/assets/dwarf-special-0.json	public/assets/dwarf-special-0.json	100644	blob	cf626759d401c841e94da516a7d619f1d5952496	17998	eb22024ad0def6128ab4730f749834277bcc27e14dfd3e0f14cf09c306ead6e7	duplicate-pinned-public-dist-asset
proof/dist/assets/dwarf-special-0.png	public/assets/dwarf-special-0.png	100644	blob	ee82a0498e243f2356e2d50fa5ae26933b6975ee	530986	383f11d183468fc7c38dc21dd40e875857c81941bbae323ae85dbed3525dc29a	duplicate-pinned-public-dist-asset
proof/dist/assets/dwarf-special-1.json	public/assets/dwarf-special-1.json	100644	blob	b05cb182d8a609b73454d6a55b17a28c97b00380	16718	5fd049797cd5526f1d6d2c491b7d61df77a28c4f5d58d3e6e20ac8fe5d038dd2	duplicate-pinned-public-dist-asset
proof/dist/assets/dwarf-special-1.png	public/assets/dwarf-special-1.png	100644	blob	cf00ab4f1fc017545ed87985656bf107dc8e0f8f	740922	0c3e8dc441a82681e5952454dec617bb1a7bb6aa317af96cdb38d9eda2d0693e	duplicate-pinned-public-dist-asset
proof/dist/assets/dwarf-tower-0.json	public/assets/dwarf-tower-0.json	100644	blob	5a9cc37feefcb6e7c8dd674ea9d880cceb29bbf3	1035	34b0d308a7ef1ddf20124637425a47bb39d2f10a4c32f0960f7de4c7199b9a26	duplicate-pinned-public-dist-asset
proof/dist/assets/dwarf-tower-0.png	public/assets/dwarf-tower-0.png	100644	blob	8256d06417d6a30d952402054e80269677068477	121902	741162b5540f3aa0770d0d88f335faca0ae5aa22208dd8be9404bdadb89e54f9	duplicate-pinned-public-dist-asset
proof/dist/assets/dwarf-wall-0.json	public/assets/dwarf-wall-0.json	100644	blob	172312dc19aafb88eebec86068a469ff70d24d2b	1015	947036018a91debce10567642c9359ecedb611564cb9fa4a180b012c855b985a	duplicate-pinned-public-dist-asset
proof/dist/assets/dwarf-wall-0.png	public/assets/dwarf-wall-0.png	100644	blob	b6b25b637ce4b54669f7161c2e626d7c9fef12f9	55216	61c87ffc42e235afcc35fb91e5ea4c8aedefb466f36041f4200393913d2f9757	duplicate-pinned-public-dist-asset
proof/dist/assets/dwarf-worker-0.json	public/assets/dwarf-worker-0.json	100644	blob	ad96222428d93be539d897317078d889b6eaca98	17897	0da1bbb15b96b34e459a858a8235c08fb127d8967b03e01804eb9d947019e827	duplicate-pinned-public-dist-asset
proof/dist/assets/dwarf-worker-0.png	public/assets/dwarf-worker-0.png	100644	blob	f307ace3cd9b11fc8ba4d407fae1d546d59db66d	471972	2644d99b66a5d9eed08aee38d72a7a39cc3fb939fc765dd309c969d0667ddbe2	duplicate-pinned-public-dist-asset
proof/dist/assets/dwarf-worker-1.json	public/assets/dwarf-worker-1.json	100644	blob	9d4d36fba39a11afc29506e107c735a1a341dd66	16606	85b245297e078c414df96604fda6760e493884c4c7cb684bc4c2fc7095da475f	duplicate-pinned-public-dist-asset
proof/dist/assets/dwarf-worker-1.png	public/assets/dwarf-worker-1.png	100644	blob	2d42e3342747179a9bffe720155f7199a45bcdca	508717	f719f45f4b49c048302e4705a73e1087bc7034f0f5c2db508dd507f29d505700	duplicate-pinned-public-dist-asset
proof/dist/assets/fairy-barracks-0.json	public/assets/fairy-barracks-0.json	100644	blob	9cb9ee9fa086367b887d1c5e0cc123c9e59691a8	1060	d01c2d6a308a0f3ee8038dbbb91cd52216f4f05742b04b0a1f590002bc5729d5	duplicate-pinned-public-dist-asset
proof/dist/assets/fairy-barracks-0.png	public/assets/fairy-barracks-0.png	100644	blob	95a8281ee0093642df9e8701e4d2201c6eb8df73	174724	e749ee84aca2ce6b8f9e88397075de7c932dbce304fd37b1f9bcd48e7bc9924f	duplicate-pinned-public-dist-asset
proof/dist/assets/fairy-cavalry-0.json	public/assets/fairy-cavalry-0.json	100644	blob	3c5c36a99b722c8d4aed4d951e014a0e463e3620	11694	9e15a6b5e9412cceb4a5e7d8e899b96a4759582df944487fa7df4da02c5d7631	duplicate-pinned-public-dist-asset
proof/dist/assets/fairy-cavalry-0.png	public/assets/fairy-cavalry-0.png	100644	blob	4478975283a1796f5ea3ce6a15b418bd7e2e84a2	550510	65a6b200b99e1cf7fbeace712faabf0e0c22189f10cb1eb6188a3a4bbe8ff01f	duplicate-pinned-public-dist-asset
proof/dist/assets/fairy-cavalry-1.json	public/assets/fairy-cavalry-1.json	100644	blob	a5e0aa51820f460e3c0f46da73dafdc5703dec1e	11754	26241c7837e105fca0cd028735d41d2a329df8f55b3e68e6cb4e08c903dddb8d	duplicate-pinned-public-dist-asset
proof/dist/assets/fairy-cavalry-1.png	public/assets/fairy-cavalry-1.png	100644	blob	2a9ad0031af682591a3e6428ab66051c8ffd864f	583903	1c7f297a4c289217425cc60c32f6604f50a05c6b8274de7f2e86b8aced2f4301	duplicate-pinned-public-dist-asset
proof/dist/assets/fairy-cavalry-2.json	public/assets/fairy-cavalry-2.json	100644	blob	a23476817d57503e15a1806d9112d439ab231385	11776	e93f3fa08e006927575c7d50d1c0f696ef3dd0f653a8b0e66569ecac31e748b2	duplicate-pinned-public-dist-asset
proof/dist/assets/fairy-cavalry-2.png	public/assets/fairy-cavalry-2.png	100644	blob	53561819b9d4a0a2a6046508b71d6f9fcf01e3bf	830687	764b797a8221382bf505bd0e02dad42d96daeae780c151ed0b48319d91d463b0	duplicate-pinned-public-dist-asset
proof/dist/assets/fairy-depot-0.json	public/assets/fairy-depot-0.json	100644	blob	556ac0881b596f976b0d8ec12080d3e990dd1f01	1035	996d71d8db22bd092eb6f048bf612fab50ec81793f7eb008f4ca05917dab34f1	duplicate-pinned-public-dist-asset
proof/dist/assets/fairy-depot-0.png	public/assets/fairy-depot-0.png	100644	blob	4f06eb6829d7e365f01ffa6890db778ee850e020	128850	c3ca204451ed3bf02e8f95004c1f669f423df5da3d329d544d61a9a20c29d28e	duplicate-pinned-public-dist-asset
proof/dist/assets/fairy-gate-0.json	public/assets/fairy-gate-0.json	100644	blob	f48a9ae0aec438fc1fb24e3b7b13028ade9dd934	1208	0ffef2c3d0798360fa72082b826ae30aaff339fa40492656e13fe430cf6cce54	duplicate-pinned-public-dist-asset
proof/dist/assets/fairy-gate-0.png	public/assets/fairy-gate-0.png	100644	blob	df626e50cc46a3a227be5ca2eb7ccd09675d5a92	119323	bcc1b4c497f5cbf2b0b3f6f2cd8494421df63e6d7da69045947ff90e24b03e69	duplicate-pinned-public-dist-asset
proof/dist/assets/fairy-hq-0.json	public/assets/fairy-hq-0.json	100644	blob	19bc962f59e46b7c65831d074626e149e60a63fa	1024	1ba165beec607f0d947fb386fa8107683d44cea726be45420045263d0b64b3e3	duplicate-pinned-public-dist-asset
proof/dist/assets/fairy-hq-0.png	public/assets/fairy-hq-0.png	100644	blob	5e93bbdf844b661ad18b35fb9d707306270637e5	200315	e89a09cb4a5384185d8ba542e9c378e68a0ec90470791bf30661d3097b6fd16c	duplicate-pinned-public-dist-asset
proof/dist/assets/fairy-melee-0.json	public/assets/fairy-melee-0.json	100644	blob	7da4870e9029a85fcef2c4223c62f4daa0212595	17992	cee575dbcce0101318e0c2d3dc26777db2a649825eaaadd894ff24a58ff1a0f9	duplicate-pinned-public-dist-asset
proof/dist/assets/fairy-melee-0.png	public/assets/fairy-melee-0.png	100644	blob	8865788f17183bd849d695c8fbd7452e71ebcff7	676704	bd06c14cc9342b9f93b4ae06933c14fbe2fab0e0e81b8e0017a5a31ab9c7efd6	duplicate-pinned-public-dist-asset
proof/dist/assets/fairy-melee-1.json	public/assets/fairy-melee-1.json	100644	blob	67cc9e12c19366788a33ce0daa71cbe8eae210c2	16643	93f21f27ea7a99ab1e624e71485df30961ce59beb6bee49372c4ece84bb080bd	duplicate-pinned-public-dist-asset
proof/dist/assets/fairy-melee-1.png	public/assets/fairy-melee-1.png	100644	blob	cb205203ec2b5d06f4f08b13fc78be2cf52f0c0f	764618	a87e1f23d3a233439dfeda7a9111dbfe239d16cc3977df42974060e97da1f894	duplicate-pinned-public-dist-asset
proof/dist/assets/fairy-ranged-0.json	public/assets/fairy-ranged-0.json	100644	blob	1617ef5951ffeebc5ac7705e1f886c134aee7f90	17999	a319561edd9a030cb147c1629ff8cec740bea44bf61618e1ae1c5a597d35aaf2	duplicate-pinned-public-dist-asset
proof/dist/assets/fairy-ranged-0.png	public/assets/fairy-ranged-0.png	100644	blob	04b125544a5ae4cc8009ef3cf9e65b4c4ecd7d9f	681562	9bfa82a82a1aeb917640a4d7e25950bbd05b7e1d3ac151b07e1ae869e7199d81	duplicate-pinned-public-dist-asset
proof/dist/assets/fairy-ranged-1.json	public/assets/fairy-ranged-1.json	100644	blob	e3d35e3b81ed2a0bd59ff86f8b15af99d9b672b7	16669	9d88def6a51ffe7fe4e0754735473415798246eabe7bc928d6cbfe9917a0cd2f	duplicate-pinned-public-dist-asset
proof/dist/assets/fairy-ranged-1.png	public/assets/fairy-ranged-1.png	100644	blob	f9a95c3f275eeb555f2e5573b8339d297221c5cb	760611	2fbc33df93eeb6db8ea509c35bf8832b8a27065b81370697d6a83b736f32d4dc	duplicate-pinned-public-dist-asset
proof/dist/assets/fairy-siege-0.json	public/assets/fairy-siege-0.json	100644	blob	f33f722e6323f3ba6431f5cb7fab3d35c362b98a	11560	f3db81758a3c3f7e3f2c97a37f81e57e97aa73e8d1ef2604eca68479b5e5d807	duplicate-pinned-public-dist-asset
proof/dist/assets/fairy-siege-0.png	public/assets/fairy-siege-0.png	100644	blob	9458dc3919f7e17ccbb0e77eeac72c5fec897f62	664680	e3b5099b642a4fbaf297a17c01661f0617a7356e76c2c271a9e2fd82985321ab	duplicate-pinned-public-dist-asset
proof/dist/assets/fairy-siege-1.json	public/assets/fairy-siege-1.json	100644	blob	cf2a13a6460da5d9d6dd246062a0d25c731fdbdc	11663	e30cfee1be1420ea0fb5dfd7541e3dbef3a5a045c0484c556be2684b7d9f6d56	duplicate-pinned-public-dist-asset
proof/dist/assets/fairy-siege-1.png	public/assets/fairy-siege-1.png	100644	blob	415cf6bdf7481da3a3e7f96b70564f2e035899fd	621834	5817765d33963c3099406e74f9b55363df43fba8433478167914ab16e0ad7135	duplicate-pinned-public-dist-asset
proof/dist/assets/fairy-siege-2.json	public/assets/fairy-siege-2.json	100644	blob	a5caa55e1f4c4fd76336d64b1a0791e86a37a431	11677	763767008c4613e8c9a524b86c0361be8a1df19d9d20cd137869d7e21a4dfada	duplicate-pinned-public-dist-asset
proof/dist/assets/fairy-siege-2.png	public/assets/fairy-siege-2.png	100644	blob	37bd35d1ef10b4c30a6cb5b7180ea8f58532cb33	902546	5f647885dedba404125287b59fddf99458d8c7342cee58295a23a438a1922b20	duplicate-pinned-public-dist-asset
proof/dist/assets/fairy-spear-0.json	public/assets/fairy-spear-0.json	100644	blob	f518721ac5755638f1ca2b90301354431dacf320	11564	07172d0dd93402de0f20e841cd3291c4954118dff9565856dd87402b9be3bd57	duplicate-pinned-public-dist-asset
proof/dist/assets/fairy-spear-0.png	public/assets/fairy-spear-0.png	100644	blob	7d6fce104aabcf2765d381ac7262efbe00a20464	466630	15dff2226044a3d6756ba5a987c96e5476bddc9d77f037dc2ab10f80ac37480d	duplicate-pinned-public-dist-asset
proof/dist/assets/fairy-spear-1.json	public/assets/fairy-spear-1.json	100644	blob	3fe5aa5dbfa8b3c7e329429bb0d355efbed4e25e	11628	bef85fc49dd0c45658ada8f3c13b89462ea30f690c78dbbad7d74c43d9527a5d	duplicate-pinned-public-dist-asset
proof/dist/assets/fairy-spear-1.png	public/assets/fairy-spear-1.png	100644	blob	ab99c9c131d9583078b0b07111d27746ad7b26a4	505380	efbacb1892294867ae7a6fde86d04f3410b82d5f433efc184e37345e8e74c66b	duplicate-pinned-public-dist-asset
proof/dist/assets/fairy-spear-2.json	public/assets/fairy-spear-2.json	100644	blob	4bbd2b711d4a71a3f28513b05333f3e6846b569c	11635	180c18b3ef042e7621b6b2e46e5de3f03dd72e5813163403e82e30175e0c2649	duplicate-pinned-public-dist-asset
proof/dist/assets/fairy-spear-2.png	public/assets/fairy-spear-2.png	100644	blob	26311bdeeb9ea86b59efa57c4569388632670279	626485	8847288870489dec847a34df309f47b916e76b55bb307b33b716d81503a88721	duplicate-pinned-public-dist-asset
proof/dist/assets/fairy-special-0.json	public/assets/fairy-special-0.json	100644	blob	87f3f542e970713fd8b9c5ba9c06994fd5204a71	18174	38ee77bb9a5299a6f6357afc4e61f02caa3a72a660e607b3051bb15436998cfc	duplicate-pinned-public-dist-asset
proof/dist/assets/fairy-special-0.png	public/assets/fairy-special-0.png	100644	blob	54e8a9278263ac840a8d8752eb959790e190739a	903327	a7ad5c7348485975bd2f8949da4a6f2e9682f7df04755e246be0aa4f5ed78dea	duplicate-pinned-public-dist-asset
proof/dist/assets/fairy-special-1.json	public/assets/fairy-special-1.json	100644	blob	7541edd985f3c803889586746b97f6562a1664bd	16846	58fe4b7601cc48bb90bcd90ea03f06932a6e49c4994fd6e11163484490637f6b	duplicate-pinned-public-dist-asset
proof/dist/assets/fairy-special-1.png	public/assets/fairy-special-1.png	100644	blob	535327b4a2625f8640e65891e522099329c5f305	998730	1097f728985c64018c337a2764ed2b1cfda5a0969c63acccbd2eeb5a4a92bc67	duplicate-pinned-public-dist-asset
proof/dist/assets/fairy-tower-0.json	public/assets/fairy-tower-0.json	100644	blob	ef36f343735e685748654e7f781e3e856d0a3bff	1035	e81c20f64980cfc06823dec08ae33869150788b259efffd0cb934916d0d77a2d	duplicate-pinned-public-dist-asset
proof/dist/assets/fairy-tower-0.png	public/assets/fairy-tower-0.png	100644	blob	89d67edca9a751b70f5be204be050cfdf38e9e89	128185	fa0293e62c62509b84077e709d9a6cf1211bbdd40f736ed6ef66e5d71233ee66	duplicate-pinned-public-dist-asset
proof/dist/assets/fairy-wall-0.json	public/assets/fairy-wall-0.json	100644	blob	ebe431b23468ba7034ee03e1e2debfd1eaf351e6	1015	aeed0177b2fc0de7a6a358397d1db3098ba8508d3f0ceece96890281483df4b9	duplicate-pinned-public-dist-asset
proof/dist/assets/fairy-wall-0.png	public/assets/fairy-wall-0.png	100644	blob	76a19e0f25bb4f38a3e185dca2b44ae59059aa6c	56815	1c67ee51391eb206c699569f1635745a56e93dc8d22a9e2350ed7821cf7cc4ff	duplicate-pinned-public-dist-asset
proof/dist/assets/fairy-worker-0.json	public/assets/fairy-worker-0.json	100644	blob	94706c03434d1715c3b71c661cd26a9214c20f29	17897	c91e0a2c3c925f9f5ab6e4b41a07bfbe49b593bb41fc056866516639bdc2c5f7	duplicate-pinned-public-dist-asset
proof/dist/assets/fairy-worker-0.png	public/assets/fairy-worker-0.png	100644	blob	99c2b2dbbc3b5c5696d377b7e650b97f2cd57f18	592585	7a5f11815ff683fbad358fa54788b150f2af351e547385a816fa227bef15c9c9	duplicate-pinned-public-dist-asset
proof/dist/assets/fairy-worker-1.json	public/assets/fairy-worker-1.json	100644	blob	db23a565b2f4314b0c8241309173d6522831ed07	16606	e926a679882d687e91ec4d4f4140c80d07bb25a219aa912799e1a1e7280a41d4	duplicate-pinned-public-dist-asset
proof/dist/assets/fairy-worker-1.png	public/assets/fairy-worker-1.png	100644	blob	165e6f416d3eea975e5f37ff271e45c10a4baeac	687912	d954c068724a3cdb42f7710796d8461f0a60b814486f65d6c455701eb43156c5	duplicate-pinned-public-dist-asset
proof/dist/assets/flowers.png	public/assets/flowers.png	100644	blob	ad3e345afc81abe9823d3ef5f6276956737d4998	2321	928922da03068328f14924ed4262f96395c75f2df274b9f6020ccf669a645889	duplicate-pinned-public-dist-asset
proof/dist/assets/manifest.json	public/assets/manifest.json	100644	blob	7a808f43fce081290d108509fc179f1ef51e44fd	465759	bdb079abfd27fc3a77364c0f1032d1b5326374dbe436fc8fca26a758dcdf4143	duplicate-pinned-public-dist-asset
proof/dist/assets/orc-barracks-0.json	public/assets/orc-barracks-0.json	100644	blob	018167e69c36e993de996ecc0f2c75d93c2a2221	1045	2cc13aaca709cde585341e5df4653b9c92dae175aebdbc6beb04306e769f0622	duplicate-pinned-public-dist-asset
proof/dist/assets/orc-barracks-0.png	public/assets/orc-barracks-0.png	100644	blob	2e4e19cdc37b3ec10023729c3f23df4171b8d3d9	187705	72db293814ca1f363f40b915a4c1e2471f6374fe6d6e7aaeec1b56ac2ba24590	duplicate-pinned-public-dist-asset
proof/dist/assets/orc-cavalry-0.json	public/assets/orc-cavalry-0.json	100644	blob	3a705e616bfcfc298a7652814550d52b53043934	11535	efccc9fd1c4c1739b746dee7b76436e126b9a290821472bf68d6c25d68eabd38	duplicate-pinned-public-dist-asset
proof/dist/assets/orc-cavalry-0.png	public/assets/orc-cavalry-0.png	100644	blob	12a9cd816c9b274a041e88da7aec6257394cfb2d	453913	bea74d74714a618ef3fa1be9fe1a70e1e196f8ec0127d4db0ffccfbfe3d166b1	duplicate-pinned-public-dist-asset
proof/dist/assets/orc-cavalry-1.json	public/assets/orc-cavalry-1.json	100644	blob	dada8da838e6bedcc817a8230f6a36c54880732c	11597	5604eac6edaa1675a5aa621f69f20213256f9faca06a79c681a45c12f4c3d83b	duplicate-pinned-public-dist-asset
proof/dist/assets/orc-cavalry-1.png	public/assets/orc-cavalry-1.png	100644	blob	2c6c04bd42583473f398648563b777f02b7fb93d	400878	1c258ecd6eca552e4414d717203107444fe4cfaaee8b1cae18229306f0481464	duplicate-pinned-public-dist-asset
proof/dist/assets/orc-cavalry-2.json	public/assets/orc-cavalry-2.json	100644	blob	c8a03c911a64d9d4224a248d5b6dbe1ccd98c3b9	11623	d621f0d2e79b6b1e860f18303932ed36643f24840d09d32099f4e880cebee7d0	duplicate-pinned-public-dist-asset
proof/dist/assets/orc-cavalry-2.png	public/assets/orc-cavalry-2.png	100644	blob	36d9a779b417198ef3b50f93909c15f2d10a2ce5	731192	bb9e88f3de045444bf27b657982aa21f7b9cc17b62a3d2cd9c46b35b0008ae1d	duplicate-pinned-public-dist-asset
proof/dist/assets/orc-depot-0.json	public/assets/orc-depot-0.json	100644	blob	41914048f36016c5bda58101a41b4d205f5d7d6e	1021	3a46c413ce1a8cb8ed0dd1b241b20d0b38b0830b028402ba1718340cccace650	duplicate-pinned-public-dist-asset
proof/dist/assets/orc-depot-0.png	public/assets/orc-depot-0.png	100644	blob	8f53b7710a9381390b10082e87be6a7038dcc694	108004	c311a47efa740685f3bab7b7187d26d81555db0748b7ec39b41af2a2e7500bd2	duplicate-pinned-public-dist-asset
proof/dist/assets/orc-gate-0.json	public/assets/orc-gate-0.json	100644	blob	86b709c7e7b8460caf8ee45d1db668efede227df	1194	9b810e169185105eb29c8a5a0e3d117470de1acc614c70cb93e2d5bd8e7b2eca	duplicate-pinned-public-dist-asset
proof/dist/assets/orc-gate-0.png	public/assets/orc-gate-0.png	100644	blob	ff795b0a1bcc73f871efab419f4eada7c1cf81f3	107004	0025af6ac7343c7dc79618d383080576f83f6cfc84675a1394e974d9164a3377	duplicate-pinned-public-dist-asset
proof/dist/assets/orc-hq-0.json	public/assets/orc-hq-0.json	100644	blob	e6a06ee6757e562209e52b1d3eaf43c82fedbbe0	1009	d0167615d53afea2574916fbd27b1821c5ade286c7774f2fb574ab81f0f6b0e3	duplicate-pinned-public-dist-asset
proof/dist/assets/orc-hq-0.png	public/assets/orc-hq-0.png	100644	blob	8e9e495cc65f33b7de717b069b576ef2f0e1805a	197989	77004af70f77fc1d9ece925b129667f5d1d7c8d99ba041f7d5a870c5dcaebd90	duplicate-pinned-public-dist-asset
proof/dist/assets/orc-melee-0.json	public/assets/orc-melee-0.json	100644	blob	1af01c4814760d055f8273723d759de6701dbf9c	21260	860ce5305a43aea938a038b8d16d1e0de35f6a33f10e2c1ff29e3245a2a205fe	duplicate-pinned-public-dist-asset
proof/dist/assets/orc-melee-0.png	public/assets/orc-melee-0.png	100644	blob	bf787823972958d95ba566016e1380463b919fdf	930477	7656821dc40c65e30e71c5401c24ff2209f04c90a66a250c5b7e125bec20d452	duplicate-pinned-public-dist-asset
proof/dist/assets/orc-melee-1.json	public/assets/orc-melee-1.json	100644	blob	4cee08d5238fa4a3392ff000d5b6a2ca9b415dae	12795	90a12870baf06386d06c7fd21b5fbfff3eb78dcc7ee21f9c9190119d8ced7d52	duplicate-pinned-public-dist-asset
proof/dist/assets/orc-melee-1.png	public/assets/orc-melee-1.png	100644	blob	e40810dcd5ae342ff9907e043e2c5abd66048089	714649	90a27742141fde5f0f5a5a1a8ca70c6daf21f3edb45c06e5867f0e32ba3e2443	duplicate-pinned-public-dist-asset
proof/dist/assets/orc-ranged-0.json	public/assets/orc-ranged-0.json	100644	blob	da7cca92499315d7f151700b4a591b196053df8e	21309	5e173c2f70b75085d0d86109e0f725505b084f5b4d4bfff285e0c7ae3b12de1e	duplicate-pinned-public-dist-asset
proof/dist/assets/orc-ranged-0.png	public/assets/orc-ranged-0.png	100644	blob	14fa6e7d1644ff58d165bf0292f8bc95867fb584	790751	3b0d14933033f6fa34442c7cb0654cef8d77955383c0a742c2d3f61d1f9f0057	duplicate-pinned-public-dist-asset
proof/dist/assets/orc-ranged-1.json	public/assets/orc-ranged-1.json	100644	blob	2bf40a90631da7045076ce30740ae75d0f283c18	12852	dd623ab4c165598f0d34aebf76baa7276081b566f9e803c112f890fa09d875f6	duplicate-pinned-public-dist-asset
proof/dist/assets/orc-ranged-1.png	public/assets/orc-ranged-1.png	100644	blob	d1fa954c8fce5646d5f106ebf176fb630559a486	587740	3ae6ca0448e157745883c9167cc35c23dfa915b93c37f2b8ab6a4956858f1473	duplicate-pinned-public-dist-asset
proof/dist/assets/orc-siege-0.json	public/assets/orc-siege-0.json	100644	blob	6d5e8e47c95551021a3538822026d749644d73ef	11446	86b39c03496cac71f6f40dda700cc82a19e8adac611b4948fcb43b32613c3971	duplicate-pinned-public-dist-asset
proof/dist/assets/orc-siege-0.png	public/assets/orc-siege-0.png	100644	blob	d6c76046fb2e645c05bbe3272c0953d9199ee1eb	594903	eca4c524f94f938fb3c9fefad50e666d952a7b1fcdb95505ed0da5f869efc1f6	duplicate-pinned-public-dist-asset
proof/dist/assets/orc-siege-1.json	public/assets/orc-siege-1.json	100644	blob	42af6133ae10d50d689650debcc2781826ae7769	11534	95a77c1c33d59f4e9524d7b45f0bc668e6c07bef9fbe26032738c15db37d3ada	duplicate-pinned-public-dist-asset
proof/dist/assets/orc-siege-1.png	public/assets/orc-siege-1.png	100644	blob	206522648dd39f0108322280dfbeec4901e1ef20	579525	e361df360aba787f5cc21b62a2b1c9f54978c7a56aa5dde81e0f4cdb78801e92	duplicate-pinned-public-dist-asset
proof/dist/assets/orc-siege-2.json	public/assets/orc-siege-2.json	100644	blob	30ed1eeb0f9f8c1055af52bb79c8453d0eab532a	11522	5aebf7a13b82ebe95077d0be76bf4a186fd3153eaffeb3d25c0d870f39bffda8	duplicate-pinned-public-dist-asset
proof/dist/assets/orc-siege-2.png	public/assets/orc-siege-2.png	100644	blob	0c80bdf14ce1f7d3f99cd0f944be495b841097e0	846435	3c1a5acf2af2e41ed970786b4b4c3ca2add70044d953d2b1843db4270157dd86	duplicate-pinned-public-dist-asset
proof/dist/assets/orc-spear-0.json	public/assets/orc-spear-0.json	100644	blob	177c5d6e7dfdf438d4651353b0c62e65fee4e715	11362	061ed46c263fdc148cf59ac228a5e909f24a81d394eedd49b78bc4ad66005c8e	duplicate-pinned-public-dist-asset
proof/dist/assets/orc-spear-0.png	public/assets/orc-spear-0.png	100644	blob	43fb81e055425d2a4903d4bce05913c7af8f58b6	464089	af01e1641dce833999f2f78100883e4a2b6e4dd53c6993a704e5e91f5aa3677c	duplicate-pinned-public-dist-asset
proof/dist/assets/orc-spear-1.json	public/assets/orc-spear-1.json	100644	blob	cdf602d0e0d6dc7a9aa474bd47ae8e7f58b96787	11451	7b7cd29b4e76f1b754315b96dd1458ad3b597400d5618d843fef82d423b06c44	duplicate-pinned-public-dist-asset
proof/dist/assets/orc-spear-1.png	public/assets/orc-spear-1.png	100644	blob	4930695410b31d496dcac7a4dae15aea5b75387a	392316	f346844a6a7c86d25f0f9746bd88bd14f1eca20e25c37c2756a9ff4171f910c2	duplicate-pinned-public-dist-asset
proof/dist/assets/orc-spear-2.json	public/assets/orc-spear-2.json	100644	blob	d0ae92083d75e3348bcda8d123de9f91cd97ffdb	11474	f390ecb3d95bbe3a26cf4b5a288f2d9847b723fb4c23687bf420d1adda25e242	duplicate-pinned-public-dist-asset
proof/dist/assets/orc-spear-2.png	public/assets/orc-spear-2.png	100644	blob	87caf9b7189634bf39a6828f25f5f673877972c2	637591	01361bd2d08effa4a3c1960274603896e9bba3551ed8bb8c613ea09ef2f28c85	duplicate-pinned-public-dist-asset
proof/dist/assets/orc-special-0.json	public/assets/orc-special-0.json	100644	blob	de2e1a2fb02f7798322c43752ad7547926759c3f	21446	425de3d2c6bfb39da24f130e4fae10edbd2c3479f6147da6ac2e9b174ea5dbb1	duplicate-pinned-public-dist-asset
proof/dist/assets/orc-special-0.png	public/assets/orc-special-0.png	100644	blob	0cfcb9eca62f6be7659f13b2ae10013c33977b0f	950480	10a72b7cd8c3a22ed4e30a00a5be5ab826d4357a26e947cee7d153ec4ae66a4d	duplicate-pinned-public-dist-asset
proof/dist/assets/orc-special-1.json	public/assets/orc-special-1.json	100644	blob	a682153943096a9362d9ddd3cf7b7149c060f8f6	12924	97718f49d6251ea79fa0564cda3e7bb1e9fd5e05b12edaa5a9935024ae1432c7	duplicate-pinned-public-dist-asset
proof/dist/assets/orc-special-1.png	public/assets/orc-special-1.png	100644	blob	5201394512d5a871e22031501cf74c1c73ec33f1	723207	61d1b8f5497e0a7ffd041b0cc23fd69a4231b66edd08e56e729ce54acffa98a2	duplicate-pinned-public-dist-asset
proof/dist/assets/orc-tower-0.json	public/assets/orc-tower-0.json	100644	blob	3301ea277ac40aeffb130f72670087e8d40d3e7c	1021	2c74a31e276018d22a2d45931c680108668dd3fda98210b2d864d385d9b02587	duplicate-pinned-public-dist-asset
proof/dist/assets/orc-tower-0.png	public/assets/orc-tower-0.png	100644	blob	bbc89ed95a3fcc64c65af8e8fb1bec2bc7baddc3	152231	4feb489b030830215b82bf797ca5fa51d36f903136a75607f9f9f44b7fefa530	duplicate-pinned-public-dist-asset
proof/dist/assets/orc-wall-0.json	public/assets/orc-wall-0.json	100644	blob	33bf9c9871c0d7b695c54541b59d27a2cb82d804	1001	d3e2284ab4aa1eef9be64e3705a61fffe7d2fe44c012522bd2cd2096f27af0ff	duplicate-pinned-public-dist-asset
proof/dist/assets/orc-wall-0.png	public/assets/orc-wall-0.png	100644	blob	1b6be4bece1a01dcf89c478e39bb8f257c713d5b	50391	e00a3add65100b983024253dcc0673a1dde4fddfed46daf03a3018ecf3eefbb5	duplicate-pinned-public-dist-asset
proof/dist/assets/orc-worker-0.json	public/assets/orc-worker-0.json	100644	blob	e161db3d15ee62b5e0f242cf04fc7560843933c3	21253	e8be9f70666ebd3d6f97250e68aa2a5a30d22f150da34f675c57710dabddd804	duplicate-pinned-public-dist-asset
proof/dist/assets/orc-worker-0.png	public/assets/orc-worker-0.png	100644	blob	101bf6f13553dada0089a0c7d898f91df020644e	785387	08a7352f26c291e2334c603794ed8877314daa2837fd2e970e036dd1861716be	duplicate-pinned-public-dist-asset
proof/dist/assets/orc-worker-1.json	public/assets/orc-worker-1.json	100644	blob	3cc150e14d88de7bf733ef86f830b47347b9dd82	12839	ce0cf11a24083db5054fc046e8cc18fc82f58b86cba66f154bc437616492c2d7	duplicate-pinned-public-dist-asset
proof/dist/assets/orc-worker-1.png	public/assets/orc-worker-1.png	100644	blob	482bda984fc1d19c435a231afaaf89a0e8fe8ae9	600698	9f40978a56b1be3b5a9063dd6b9d8eb94880f6f858c9b92134e31ee6fd342714	duplicate-pinned-public-dist-asset
proof/dist/assets/ore.png	public/assets/ore.png	100644	blob	db0006dca7f2c5d33d88a8e239efcc8033af061c	8424	553437bd8cff3fb1dd2b2e3470d7ce713c7b7320093923777b837f1e84c2a1d8	duplicate-pinned-public-dist-asset
proof/dist/assets/portrait-automata.png	public/assets/portrait-automata.png	100644	blob	0bf2c18ce0ee6fd3d28efffa55936161bba87e31	11515	3f5634ea42dc1333711abf910768e3cec7f78f35c96ee702eabee3b31b2deccc	duplicate-pinned-public-dist-asset
proof/dist/assets/portrait-dwarves.png	public/assets/portrait-dwarves.png	100644	blob	007f56de70de7cc9c6f77f129d9a8c8337dd44e9	7815	b1a45935b10ccadb755c8587ec68033890f36bb7f3fe1372bca0c462b157d7ee	duplicate-pinned-public-dist-asset
proof/dist/assets/portrait-fairies.png	public/assets/portrait-fairies.png	100644	blob	85ff22e860176c5c7bdcba57d775f851fdf790f1	12748	09fa81ad477dfb7560eeebd984e772b8e3df0fca8426762b5fa43ad7fc399bb9	duplicate-pinned-public-dist-asset
proof/dist/assets/portrait-orcs.png	public/assets/portrait-orcs.png	100644	blob	fceae80e0b1d46234207f79466b5c06c97c80211	11203	e5e4c504c204867f652eb2444fe5455557e6a5c19727cace79b89a08affde2b7	duplicate-pinned-public-dist-asset
proof/dist/assets/portrait-tideborn.png	public/assets/portrait-tideborn.png	100644	blob	9fe0169b1409dcd6feffc42a8cc32597ca31d259	8307	c6c0d9c898f891b58ed84466961e2d0d9a3199c86a881d461f47824d1b32941d	duplicate-pinned-public-dist-asset
proof/dist/assets/portrait-undead.png	public/assets/portrait-undead.png	100644	blob	517307c13bbb6dfdbe177620a804eab3d92df21f	6476	9d525f6e771cf24e31d370cb450c500a0e417d3aafd41df7429de4364017be28	duplicate-pinned-public-dist-asset
proof/dist/assets/reeds.png	public/assets/reeds.png	100644	blob	b5592c537967775dc31ba4869cda91f7256f623d	4184	0a82434e6174a516b9b88e48f38dfde35179107be7e8e810dc928c18e1b5870c	duplicate-pinned-public-dist-asset
proof/dist/assets/ruin-pillar.png	public/assets/ruin-pillar.png	100644	blob	5b66c67797ab0ccae9c6c8aca4edbea3add7cde4	8128	b9ac2769d249b0a31e1a14becc47de25c95b7bf4c9239160b8f7b2253447869b	duplicate-pinned-public-dist-asset
proof/dist/assets/ruin-ring.png	public/assets/ruin-ring.png	100644	blob	0fec90e06d33a6e357d35163486022a7fd584009	25134	364ff2bd129ebfbdade387113eae7dbbbba64aae811ca8bbef5217d881864992	duplicate-pinned-public-dist-asset
proof/dist/assets/selection-automata-barracks.png	public/assets/selection-automata-barracks.png	100644	blob	3b5a8c43cad874f8b6f84c26555a37409e413834	22767	24f41ddb97b4169f29a63e5c265f8e1c72957c7f390577183cb47e68631943a0	duplicate-pinned-public-dist-asset
proof/dist/assets/selection-automata-cavalry.png	public/assets/selection-automata-cavalry.png	100644	blob	3cec0d2ed6ba486bcc23daf20c73b49f855982a5	11680	0c548328ead320b5a3bd6c8e9b4ba1fcfb6b2f1f4a1b2be0d4bf6dbd00545e4a	duplicate-pinned-public-dist-asset
proof/dist/assets/selection-automata-depot.png	public/assets/selection-automata-depot.png	100644	blob	9ba619bc472b97a199b84db990041b72809157e3	19483	4038baf550abc3343e120e8675fca206711dda6c0701e4f56559b96c6692632c	duplicate-pinned-public-dist-asset
proof/dist/assets/selection-automata-gate.png	public/assets/selection-automata-gate.png	100644	blob	9f7e7290c313394812cfd9d6eeea210c375f3c8d	26527	bae72d46a274207e4fa7a933135b3d7dead162da8312242c9d6e8431ed01589e	duplicate-pinned-public-dist-asset
proof/dist/assets/selection-automata-hq.png	public/assets/selection-automata-hq.png	100644	blob	5b36910ac7d0b7f323b56bc6b5c18463c4dfc0fe	22280	8c241cd633d214af73872eade496b6c4921b1c8922da5b6c6571ac7b49b09e77	duplicate-pinned-public-dist-asset
proof/dist/assets/selection-automata-melee.png	public/assets/selection-automata-melee.png	100644	blob	d75125fa6c9223bce1e9a7f2b271f9dc62facca1	7471	c3df68e8a76d5455b19307c8ca62d9f1b02dda557f98c867a37c1be332fa7f8d	duplicate-pinned-public-dist-asset
proof/dist/assets/selection-automata-ranged.png	public/assets/selection-automata-ranged.png	100644	blob	fbcb51c02fe94323724e998e06a1411221b3a774	6383	e701751f41dff32e15787d1ec6715d9396abc03e0add3cc180790ae9f820b5b2	duplicate-pinned-public-dist-asset
proof/dist/assets/selection-automata-siege.png	public/assets/selection-automata-siege.png	100644	blob	432469988062a0c03d4b5da3037110f74a99c361	16993	77bb5e9a38d764725c98c64b4106fa0127604c55bf17d72d683589915aade1bc	duplicate-pinned-public-dist-asset
proof/dist/assets/selection-automata-spear.png	public/assets/selection-automata-spear.png	100644	blob	3f2f31ea1565c45c9d9e116d568379f442cddc6c	8639	790ab69ca009e17bdff7812c17acec0ffb99cc563a2e7555b2d618adf2aee208	duplicate-pinned-public-dist-asset
proof/dist/assets/selection-automata-special.png	public/assets/selection-automata-special.png	100644	blob	b419dca5bb121bae6d3b27771462dcb65d9a26e7	11453	cc6cda43bb2ac4ad1d637788413fa4ff12e9b6773c103d3daa7f9a53ed9c4e79	duplicate-pinned-public-dist-asset
proof/dist/assets/selection-automata-tower.png	public/assets/selection-automata-tower.png	100644	blob	95df981c2bb95b0ffd34e96692ca5044e3fd7a93	13362	1885a94df83691c4241cb82fd4d83bd3ce8466a8c08646fa67b9fcc314be2649	duplicate-pinned-public-dist-asset
proof/dist/assets/selection-automata-wall.png	public/assets/selection-automata-wall.png	100644	blob	d21879a1db7bdf9c3a1a3cd26cac647729a8e2a6	13278	91fd420341279b4b493d8aacef3e3027fce77ce6aaa06dc2c715e8ee212c6f78	duplicate-pinned-public-dist-asset
proof/dist/assets/selection-automata-worker.png	public/assets/selection-automata-worker.png	100644	blob	1365a2dbd3456368f47d50e79e73d7729a8f1356	6185	cf96eb70957761358b15a4fc906717ea3242d00f9b12ffa2a233414a77e27b27	duplicate-pinned-public-dist-asset
proof/dist/assets/selection-dwarf-barracks.png	public/assets/selection-dwarf-barracks.png	100644	blob	e15e6a7b1c83dcf61ee57e00b9aa41d4458c93b1	25278	b50a2b23b8eba6f60a2e434e14df466570e35301ba12809b5c80caaa5786d221	duplicate-pinned-public-dist-asset
proof/dist/assets/selection-dwarf-cavalry.png	public/assets/selection-dwarf-cavalry.png	100644	blob	e76213a4c1a5261a599419daf0d32d638c41cb2d	11692	896e147069b4358bf85fabcb82929b5f2261805150524fa0066c34339883ce1e	duplicate-pinned-public-dist-asset
proof/dist/assets/selection-dwarf-depot.png	public/assets/selection-dwarf-depot.png	100644	blob	0a0abf962355944a40dbdeb57e7110361e02a8b1	22212	f24cba2f765a0addff707657e33afe7ca580c36446ff994848771ca1215b3edd	duplicate-pinned-public-dist-asset
proof/dist/assets/selection-dwarf-gate.png	public/assets/selection-dwarf-gate.png	100644	blob	67552304be0001a103bda208c9e359bd1c839ab8	25745	716238d3cd593b7151ae0abc98cbe95c5e4f070e43e1df5ec0fb8af48c957f8d	duplicate-pinned-public-dist-asset
proof/dist/assets/selection-dwarf-hq.png	public/assets/selection-dwarf-hq.png	100644	blob	32604a9650187bbf9d4c4bc58164dcb65901b3e1	22861	6629e35dda84ab7c807de09d24fe1da196524882434fc22bbff16be877e03b54	duplicate-pinned-public-dist-asset
proof/dist/assets/selection-dwarf-melee.png	public/assets/selection-dwarf-melee.png	100644	blob	90971855d3d5f17d0e6036815548baee121ec52f	7726	17bce517199188f58125b293438da1ba6551222fbfd300bac5705c0eb44f2c8b	duplicate-pinned-public-dist-asset
proof/dist/assets/selection-dwarf-ranged.png	public/assets/selection-dwarf-ranged.png	100644	blob	3034fcb530e2d16fb169937487a30c335ce966b7	6849	c357befeca31ec8c4de6279628d62c0b4c632323021834e8a9c4b14c234588aa	duplicate-pinned-public-dist-asset
proof/dist/assets/selection-dwarf-siege.png	public/assets/selection-dwarf-siege.png	100644	blob	f07a7b003724babeaa44363db89f563912fbe9bd	14340	95e837a56e774bfd2003602f9a5647b3d55ad0b3bd65e17a745f9c33c74b2485	duplicate-pinned-public-dist-asset
proof/dist/assets/selection-dwarf-spear.png	public/assets/selection-dwarf-spear.png	100644	blob	70994bbdf7ca7d0c1518273458c45c06608b18b4	8624	3c54d66ccd484948cfdf585615a6fc9da35e209adb5674e62b7d35d91b67f9f0	duplicate-pinned-public-dist-asset
proof/dist/assets/selection-dwarf-special.png	public/assets/selection-dwarf-special.png	100644	blob	e8c8247c811881137ce9ac724d290d35906278a5	8224	8c1c08ea7c16686488aa1557523fd0c972da63e8b1a496c8edefe4fa0bae3038	duplicate-pinned-public-dist-asset
proof/dist/assets/selection-dwarf-tower.png	public/assets/selection-dwarf-tower.png	100644	blob	4cd819a010e7a5bccc4d06a65296d2f6d9d639c3	24128	003cfdfde405c17086e2bfded3e98b6f057f08ba4bd62e79d433925ae525d89a	duplicate-pinned-public-dist-asset
proof/dist/assets/selection-dwarf-wall.png	public/assets/selection-dwarf-wall.png	100644	blob	b4ef25077da0cc70417ecf871acbcad2a064ba62	13160	64b263b15f943356a535a0a00a1a3e8875a593d8a9aa83b4b899878d6d0f1ba0	duplicate-pinned-public-dist-asset
proof/dist/assets/selection-dwarf-worker.png	public/assets/selection-dwarf-worker.png	100644	blob	afead90e940ac7b304a21ac4999eadd6ca4f4195	6021	8d7a0e18a57434c6321a10689f12b129820984fc5b4d4c0ffc3f1473e3812441	duplicate-pinned-public-dist-asset
proof/dist/assets/selection-economy-caravan.svg	public/assets/selection-economy-caravan.svg	100644	blob	6cbf783bf5a1114f899be6cac884c006bcc1482a	355	a664d6ca2b052c3dc86d9f5eb08d3e0f9829072b1459ad6a1e3c713b96df416e	duplicate-pinned-public-dist-asset
proof/dist/assets/selection-economy-deep-mine.svg	public/assets/selection-economy-deep-mine.svg	100644	blob	577fab49af9861627f05eca9e87594306c5babe3	270	9e11f307fddd1c6e1d4d3b3c51a636cad83a88a295657262eb1e1e16185e7505	duplicate-pinned-public-dist-asset
proof/dist/assets/selection-economy-extractor.svg	public/assets/selection-economy-extractor.svg	100644	blob	2e2541e25004bf743f29fe1f8c1bec8c862fa94d	318	a9d69ed4281bff8b3a6ef73e166f2fc8b4302657fed98fcfdbacd230e36e6c88	duplicate-pinned-public-dist-asset
proof/dist/assets/selection-economy-warehouse.svg	public/assets/selection-economy-warehouse.svg	100644	blob	65d15a84dc29a27944112608ec3fee4d46fe1adc	305	04d3cd858dfb3bdb499b17894484da41871e1c4576266d094f8fd2343bb5843d	duplicate-pinned-public-dist-asset
proof/dist/assets/selection-fairy-barracks.png	public/assets/selection-fairy-barracks.png	100644	blob	f3d5fff255a3ad184ab5bc9230da5cc4a285ef7c	20510	5e48377ad08f9fc3c9d790ed73cf1b3b3748903506f88b50701a07658e84504f	duplicate-pinned-public-dist-asset
proof/dist/assets/selection-fairy-cavalry.png	public/assets/selection-fairy-cavalry.png	100644	blob	93644187335b25f38d2cc16330b62830392fb53a	14077	aab3b2dab50d5d95b9bd9ba88118e7e3798abbb039fb9c0283e5acf3c601d234	duplicate-pinned-public-dist-asset
proof/dist/assets/selection-fairy-depot.png	public/assets/selection-fairy-depot.png	100644	blob	ce925c5a30a9ff5a8921f157ce344d60a413113c	20749	a78fd57c5e7bbf6442f1c8b066ff2d92063cd1e5feb87544798af2c90f75b140	duplicate-pinned-public-dist-asset
proof/dist/assets/selection-fairy-gate.png	public/assets/selection-fairy-gate.png	100644	blob	8553ac9c0b61e5303d21b86b1fba0dfbe5e04e45	24662	67ae1a480008e1171c97c4b4209feb77eb29d96e7203c5d166dd45634bbec625	duplicate-pinned-public-dist-asset
proof/dist/assets/selection-fairy-hq.png	public/assets/selection-fairy-hq.png	100644	blob	3aeed89a9730bd4c692d2c339ca272061b3aeeef	25548	b692dda89a723f42a0d5d0d26a57b8566444e2d363dcecf21fac5f103242e277	duplicate-pinned-public-dist-asset
proof/dist/assets/selection-fairy-melee.png	public/assets/selection-fairy-melee.png	100644	blob	c34f0a3725d13bf1201e7b53e7832bb8146c9644	8932	785f6a574daaadcf1cc1bed1852635279bb44b7364131e2e3f3bce12be819101	duplicate-pinned-public-dist-asset
proof/dist/assets/selection-fairy-ranged.png	public/assets/selection-fairy-ranged.png	100644	blob	806e96ca3aa82c1ef38187dc45172c4dccd1a232	9115	559c0c5de85b5fada89a95093dcc26d043064c8cea100206b92ca1b52fc4c8df	duplicate-pinned-public-dist-asset
proof/dist/assets/selection-fairy-siege.png	public/assets/selection-fairy-siege.png	100644	blob	bfed5b1c60e4835f8340db5478ecea1dda163a65	16158	0b614f43306d6e941fb72443580c97683b118d306f6ddbe40018ef5cd5047b0c	duplicate-pinned-public-dist-asset
proof/dist/assets/selection-fairy-spear.png	public/assets/selection-fairy-spear.png	100644	blob	1c7687615a507e727e1bf10cf3c76e087cba4a7c	10538	02689c13c924469b2a37741ec19f0ee7cdb3fda8a30efa22ae825bb5fde08474	duplicate-pinned-public-dist-asset
proof/dist/assets/selection-fairy-special.png	public/assets/selection-fairy-special.png	100644	blob	abe17e3b11b0b77365dabf3c6d9e954b98d8d265	12687	51bffd6b8d614c5dc8caf34f6bf46c667944483c32cff8b26c6dfab3272a3e1a	duplicate-pinned-public-dist-asset
proof/dist/assets/selection-fairy-tower.png	public/assets/selection-fairy-tower.png	100644	blob	5cab439205aeee07c29f6150d6cd52a22ee9129c	16089	390df0b78c14ba48b360e04684ab616441189d957696a0c1493a7c6107d01947	duplicate-pinned-public-dist-asset
proof/dist/assets/selection-fairy-wall.png	public/assets/selection-fairy-wall.png	100644	blob	a6c9a4cdd12d23352c53a49decce744bca5aa60f	13676	3bdf148d1de42ad26be362a8f24c7765461e5282295e46dd97266dbc90a631cb	duplicate-pinned-public-dist-asset
proof/dist/assets/selection-fairy-worker.png	public/assets/selection-fairy-worker.png	100644	blob	305488e9eee1af4df920cc4ebdca8aba0a59bc90	8045	3584bae156cb3443c30cc1f4a396872e98da490797b18360d59438d0d32d3947	duplicate-pinned-public-dist-asset
proof/dist/assets/selection-orc-barracks.png	public/assets/selection-orc-barracks.png	100644	blob	c6e5b26aaa4e005f3730929cdcea27a0cc5ad43d	23958	0dcfa1305234209d008c5010ca02d4eb279c9b8099c2fd8a078b12028fe32c36	duplicate-pinned-public-dist-asset
proof/dist/assets/selection-orc-cavalry.png	public/assets/selection-orc-cavalry.png	100644	blob	7946340c669954f6cd089b80b564919e7438f54f	13036	9c7d4282432372386ab17eb11e9dc5d62288fc42fd1c3007f46d23558addc5ab	duplicate-pinned-public-dist-asset
proof/dist/assets/selection-orc-depot.png	public/assets/selection-orc-depot.png	100644	blob	40f824a726866f982dbe9fe88cfb3d2b84039401	20347	2aa6c41c0edb69234dee28a3204e32a3479f874fdcc7ae786a917a3e3b12ab6f	duplicate-pinned-public-dist-asset
proof/dist/assets/selection-orc-gate.png	public/assets/selection-orc-gate.png	100644	blob	ff14ef53d6c11d1f20111cb5f13a2569f6875270	22556	92d10aa87c544a61a0854a8d0a62f1960a9a41f88f15c1cffcafbacef74751b9	duplicate-pinned-public-dist-asset
proof/dist/assets/selection-orc-hq.png	public/assets/selection-orc-hq.png	100644	blob	fab2f301e6470acbe65de3e9bc396c10aaf7812c	25199	535f343c0c039cf4054e72df99562216855377516cae938242732b7c4a58cec1	duplicate-pinned-public-dist-asset
proof/dist/assets/selection-orc-melee.png	public/assets/selection-orc-melee.png	100644	blob	79be365f0950a31aefc4465ce77fd518323c3c1d	11146	6ba55e59b228eebdbcdbc5358208796d77e560e98fd69dd66d4b3c143deffb0f	duplicate-pinned-public-dist-asset
proof/dist/assets/selection-orc-ranged.png	public/assets/selection-orc-ranged.png	100644	blob	a29f9a85d723a6ce78f23c26edf0f83aae7d942c	10526	f4d5637318ad85f58e92c7c0595461f4e1d9b0664d41ce413b403323ea3e102b	duplicate-pinned-public-dist-asset
proof/dist/assets/selection-orc-siege.png	public/assets/selection-orc-siege.png	100644	blob	31a763ae67c1f95f60d36f591c1b7134fb71ca53	14705	a35909d570e69e5dabb32aedd382d92a900032b213f5dc9bdf6fd37c9699eafb	duplicate-pinned-public-dist-asset
proof/dist/assets/selection-orc-spear.png	public/assets/selection-orc-spear.png	100644	blob	07e453f7be56ed0bdf60a9cb92c3d7afaf26cae5	11635	8c880604106db78feaae0669766e418d3798c1097ddec0991757c167c9a7fba6	duplicate-pinned-public-dist-asset
proof/dist/assets/selection-orc-special.png	public/assets/selection-orc-special.png	100644	blob	1766d86d18ec90ccf1ff47c2715d820330e9bf39	12100	5b66ff29e65061faab8ea0c0aead027bfd7bf50c2bc45030968568a452b7e70c	duplicate-pinned-public-dist-asset
proof/dist/assets/selection-orc-tower.png	public/assets/selection-orc-tower.png	100644	blob	0d09b468fecd27a5e4e694f86609fe19c253e03e	16244	15089e9a5a4da20d24484e0b44a34b837064974005e2c41767e3ea6f4dcb4fd4	duplicate-pinned-public-dist-asset
proof/dist/assets/selection-orc-wall.png	public/assets/selection-orc-wall.png	100644	blob	96f979f3055885dbe2513a0796c869ab5882ed75	11488	c92cbbca00672d6e998e73c9db16b149f1acb3cd50d04e8df53077813611b8cd	duplicate-pinned-public-dist-asset
proof/dist/assets/selection-orc-worker.png	public/assets/selection-orc-worker.png	100644	blob	343c4aecba9e51d0f08b05dee03a3676284f1ea3	9229	45a888e5ece5aea5d87e9961912cee4964edbad9629136f9b50e7d9da90f6b02	duplicate-pinned-public-dist-asset
proof/dist/assets/selection-tideborn-barracks.png	public/assets/selection-tideborn-barracks.png	100644	blob	fd1c9c3a907c29020baf415caafa307f638cafb0	19697	856a5dcbbfcbed5713fff36b457c87db4d62a844dbdc3bf7758a6c4995368a76	duplicate-pinned-public-dist-asset
proof/dist/assets/selection-tideborn-cavalry.png	public/assets/selection-tideborn-cavalry.png	100644	blob	e1e60c6b6b0ad1c5175b9161d18d9e3026401889	14732	4014caa03c1748bc9b107f5f922795ebe639a91ac4a66883e3295a2620448b23	duplicate-pinned-public-dist-asset
proof/dist/assets/selection-tideborn-depot.png	public/assets/selection-tideborn-depot.png	100644	blob	8e46685308f9311ded620463feda3d8b96916e7b	13713	f171e64b81c7894f5e1d137ba2f3803d2ca231f7ba48737cf54f33c1e049bbe4	duplicate-pinned-public-dist-asset
proof/dist/assets/selection-tideborn-gate.png	public/assets/selection-tideborn-gate.png	100644	blob	c90ed1df668a345736af18bb33f4f633323d380c	26109	4f752d211a6fcb4defef15837dc03db9adf6920334f0d5b82b01ec8aeb9e8c6e	duplicate-pinned-public-dist-asset
proof/dist/assets/selection-tideborn-hq.png	public/assets/selection-tideborn-hq.png	100644	blob	262b27af5b2d252180b421fea54c839263b233fe	23103	0f5b383c7a3eb1547d70fb1932ed22554b8253cf623dfad545e283097e0d4439	duplicate-pinned-public-dist-asset
proof/dist/assets/selection-tideborn-melee.png	public/assets/selection-tideborn-melee.png	100644	blob	f47de6446e3b62e8e430e66991ba96dbc702e099	7914	9e8e4e02aeac10aef217c105400fa6c51c3c054a8ae88a496e7a6e56d0ac9b54	duplicate-pinned-public-dist-asset
proof/dist/assets/selection-tideborn-ranged.png	public/assets/selection-tideborn-ranged.png	100644	blob	bae2a1b9babe1059977620ed7e168b5beaa6033f	7282	a89b505c57a0bcdbcce4b0d641a93236fbbb689edbfd64fa0c8d380c93abf0b5	duplicate-pinned-public-dist-asset
proof/dist/assets/selection-tideborn-siege.png	public/assets/selection-tideborn-siege.png	100644	blob	f6872e4e0a1b10c2729dbc73f733a1d1cb0fa00f	13025	cad07f4d4b0572d4111622a8e819952009e973e0cd9b0c29dedf5756c2b480fb	duplicate-pinned-public-dist-asset
proof/dist/assets/selection-tideborn-spear.png	public/assets/selection-tideborn-spear.png	100644	blob	9c19b00c70e3e2cff3080ddfa1e8ac0ef2cb2876	8459	44c5332da70ed4bab6b8306c87959dca634de5ca1a651516440bf65ef8a47ee2	duplicate-pinned-public-dist-asset
proof/dist/assets/selection-tideborn-special.png	public/assets/selection-tideborn-special.png	100644	blob	7c82da943d5b591484d1ea065e8b62ec03c69225	8268	60e6a68c81b42b4b2e51384de669540c2a28baae5eedcd4d369e5ee49610c97a	duplicate-pinned-public-dist-asset
proof/dist/assets/selection-tideborn-tower.png	public/assets/selection-tideborn-tower.png	100644	blob	8168c0824ec48cea74d288fb175b885fb3082293	15895	1a263bb5d3f5b0852ebf8ff9ef7fd069d4ae635610d9474df2d023a0b1bc25e5	duplicate-pinned-public-dist-asset
proof/dist/assets/selection-tideborn-wall.png	public/assets/selection-tideborn-wall.png	100644	blob	7d11d6d32129bc845d22458d0aa45016dc79e106	12564	8bd96c9e53620d22e2d9c705ad4605cc76444e7e329080ef10b51704eac6068f	duplicate-pinned-public-dist-asset
proof/dist/assets/selection-tideborn-worker.png	public/assets/selection-tideborn-worker.png	100644	blob	b95ee3790186a9a3d0e8e8d4f30ab6a9fcecafa6	6554	e20078769e216033b22b8f688b57c63a29bf412b498eaf75191e6c58226ce393	duplicate-pinned-public-dist-asset
proof/dist/assets/selection-undead-barracks.png	public/assets/selection-undead-barracks.png	100644	blob	076229a5b18a51e0f1d7323994642cf514597bab	21145	fdfaf9ff57670f6d4463e8bad57125cf625b10fb1ae3153856f077e3b0be7b26	duplicate-pinned-public-dist-asset
proof/dist/assets/selection-undead-cavalry.png	public/assets/selection-undead-cavalry.png	100644	blob	33553b30e726c386f30e48c0f9c12cbef14a6b2d	11033	72b7b4081a2e2322926f85ccae7392d536858e80dd72c87bc03bc9b4218cbdf8	duplicate-pinned-public-dist-asset
proof/dist/assets/selection-undead-depot.png	public/assets/selection-undead-depot.png	100644	blob	54b0e0c9ff24a0df944c04eb0816e2252749c412	21632	4a3fc78da085d074f7c5e3d0b97eb810476776b4bc3bed67920b2f74b83c4025	duplicate-pinned-public-dist-asset
proof/dist/assets/selection-undead-gate.png	public/assets/selection-undead-gate.png	100644	blob	9f385b004b8015949f4ab15a6c0d4378108fb1cc	23063	d160d277bccfbd9fbb0595c0d07ce0152de51588815b25795a609b61d987b9c9	duplicate-pinned-public-dist-asset
proof/dist/assets/selection-undead-hq.png	public/assets/selection-undead-hq.png	100644	blob	90795563b82e3d88157d1fde3e7153b3cae323ca	19098	c2c153b391c03df6111b21273a06bbf2e38d07c0fb90de76a96789e4c117dd5b	duplicate-pinned-public-dist-asset
proof/dist/assets/selection-undead-melee.png	public/assets/selection-undead-melee.png	100644	blob	f08023d98121427cfab4a5128a02196fa4b1fd0b	5553	c3fd7ab0466c9cafc040425454bf31932b5f6299a8eb31e04d6e6d132ac74bbd	duplicate-pinned-public-dist-asset
proof/dist/assets/selection-undead-ranged.png	public/assets/selection-undead-ranged.png	100644	blob	f482d2c0909ac8a9974bd7747767ae994baeea81	5457	6ce3f12dc16aa2def6c37293aab3695d09537356c733c45c41fb26d8f93cc449	duplicate-pinned-public-dist-asset
proof/dist/assets/selection-undead-siege.png	public/assets/selection-undead-siege.png	100644	blob	c404288ec2e12247ec28c673c08b4134534c8e2f	15597	4ecc948da24a2d8bfbb0dcc65ae50faadf55c2d205a43b83aeca3e5b7b24ce37	duplicate-pinned-public-dist-asset
proof/dist/assets/selection-undead-spear.png	public/assets/selection-undead-spear.png	100644	blob	559daf17e3e41900616be646246cc12bb7e40613	7682	46a95663af5de7fc2c516f8c64afd5f83bfa6242a0a6a1c415cf85058f9ef038	duplicate-pinned-public-dist-asset
proof/dist/assets/selection-undead-special.png	public/assets/selection-undead-special.png	100644	blob	ebe6317b37843d5fb6f79be483b93980facfa484	6434	7947c284b876e8390c968eb1405805eacdebfdefd3a089dbddf3e5a7f7678a3a	duplicate-pinned-public-dist-asset
proof/dist/assets/selection-undead-tower.png	public/assets/selection-undead-tower.png	100644	blob	3df2260ed9b0bd8a7972f6f50946822e6865b21b	15902	a43e46fc1d18c117c1ac98f18995d95e773d98ad048193c82ecf117d138044fa	duplicate-pinned-public-dist-asset
proof/dist/assets/selection-undead-wall.png	public/assets/selection-undead-wall.png	100644	blob	2608f783c6ed1bfac535bc1eab293a1a257f6222	12279	b44f8e5ae489613a2856bc7397e5e221ae18d373505df415158aabed95123512	duplicate-pinned-public-dist-asset
proof/dist/assets/selection-undead-worker.png	public/assets/selection-undead-worker.png	100644	blob	f58b34ebd993971451c75cb98d7982467ca62028	5234	af4a3196cf0078f8b1425e44be17245a94354237d1277298396d98b8afb28fb9	duplicate-pinned-public-dist-asset
proof/dist/assets/stump.png	public/assets/stump.png	100644	blob	30928178fcc50bed413a670c55d39b6f0fa3ed43	3570	b39caf3de1fe41f8eebe169cc78455b207c91fd21e36bdb80456af9a09dd85e3	duplicate-pinned-public-dist-asset
proof/dist/assets/tideborn-barracks-0.json	public/assets/tideborn-barracks-0.json	100644	blob	c794fd8c0583b686b2c48b0307782a97c50dded5	1078	d33cd6a7ba14b1adf690ee25828e7c617fe2497d7a156e05a345cba3a8a8ff5e	duplicate-pinned-public-dist-asset
proof/dist/assets/tideborn-barracks-0.png	public/assets/tideborn-barracks-0.png	100644	blob	3bbda0c25e0eade48f3da3d30953b9746ee829a1	144464	a2a8dc32f3bbb301d448acd2d8d3d8603cef6f91fb18ae3ba51c98c89030f579	duplicate-pinned-public-dist-asset
proof/dist/assets/tideborn-cavalry-0.json	public/assets/tideborn-cavalry-0.json	100644	blob	34e54c56b7e2ab2a81a9e0022b4fbd3e07f88a24	11969	7d83a235e5cc367ece0785ebe431e8a192ef515db427e74ed9f5348e1c815614	duplicate-pinned-public-dist-asset
proof/dist/assets/tideborn-cavalry-0.png	public/assets/tideborn-cavalry-0.png	100644	blob	862b2f3b49e43d7481da4b607de8a6212997f381	536175	f1778b8cd979329c0e4256509805520d582724302598f12e094fe0545fd017c8	duplicate-pinned-public-dist-asset
proof/dist/assets/tideborn-cavalry-1.json	public/assets/tideborn-cavalry-1.json	100644	blob	e946bdfbab7a641fe5b756d4b9c51e4a981b41a4	12045	99e1975f629ab590489a5ac1c0498e8cd91e2426c2bb6a9a405c20e16a69e6c8	duplicate-pinned-public-dist-asset
proof/dist/assets/tideborn-cavalry-1.png	public/assets/tideborn-cavalry-1.png	100644	blob	1734665e564d9c2d9c1119590a506383499fafc7	500073	6274554197f30398c10b150150655a6b47427c897704ce1c98b02c2ae9736d9d	duplicate-pinned-public-dist-asset
proof/dist/assets/tideborn-cavalry-2.json	public/assets/tideborn-cavalry-2.json	100644	blob	3ca9f4d619cd3d89d36af7e4ac5453acfef59945	12052	5b24c643e15f254c526dbbb9a58b6cefb7a206f13cec3e1df73a76c34f8384ca	duplicate-pinned-public-dist-asset
proof/dist/assets/tideborn-cavalry-2.png	public/assets/tideborn-cavalry-2.png	100644	blob	31ab81d374078b2c7dc4fe51b16b7f4eec9bc8d2	849886	9851bbb2bce05dbee0fe657986c7f2a686ca70ce592bbaa95b820f0cebf2bdd4	duplicate-pinned-public-dist-asset
proof/dist/assets/tideborn-depot-0.json	public/assets/tideborn-depot-0.json	100644	blob	7b803752a1b5352816b0be57bb452f36a1c4dafd	1049	cc85997df8e48df053ba8ffb3331e44038336297876f42b769badda1d0562366	duplicate-pinned-public-dist-asset
proof/dist/assets/tideborn-depot-0.png	public/assets/tideborn-depot-0.png	100644	blob	e4d49b172fb038d699bd534e1f5de8185d390c95	77529	58b9feee381a7cfb8af773c3d3c10b46bbeb92a9ce093ed35f4819c74b559ac0	duplicate-pinned-public-dist-asset
proof/dist/assets/tideborn-gate-0.json	public/assets/tideborn-gate-0.json	100644	blob	270a831460d520ade10f545b34bd55f4b5acc052	1229	b65cd6a0802b477a720e490502a5b34480de8844e400bb4ed6e812665e925435	duplicate-pinned-public-dist-asset
proof/dist/assets/tideborn-gate-0.png	public/assets/tideborn-gate-0.png	100644	blob	79fa414ad8c3c2aed3187795d9520114bc3b4770	126037	f162210e314c368fc6da4aa79300b6991d918c1fa3f062d15a635c3321ccc3db	duplicate-pinned-public-dist-asset
proof/dist/assets/tideborn-hq-0.json	public/assets/tideborn-hq-0.json	100644	blob	c9509586bd5bb2f5a02e8d2b2eebb7d442d6494d	1042	84a63048af9cb0b0fb91f7a18cfc9e7e37186282d3a5986fd7bdcad75a555e8b	duplicate-pinned-public-dist-asset
proof/dist/assets/tideborn-hq-0.png	public/assets/tideborn-hq-0.png	100644	blob	5f721b7ff9bb651f3315e3eec1ec65fc5f32bff5	164923	6016eefcecda5030c47b2ec39964ff9d1f1d4d5b75f8143f94f72c3db18563c7	duplicate-pinned-public-dist-asset
proof/dist/assets/tideborn-melee-0.json	public/assets/tideborn-melee-0.json	100644	blob	48c3495e0f68563b1bc34346ee4780adc8f00107	18099	da841894e77615d15b069371d49abe9d38a9373f361b941a8420ac242131bf93	duplicate-pinned-public-dist-asset
proof/dist/assets/tideborn-melee-0.png	public/assets/tideborn-melee-0.png	100644	blob	2194b47bf48a87eda01887c5a2e6c661bec6d0c4	593770	7cb9206fcf683a0aaefc31d82e70ab44f7cc149625f450ed77e9026fa057c202	duplicate-pinned-public-dist-asset
proof/dist/assets/tideborn-melee-1.json	public/assets/tideborn-melee-1.json	100644	blob	65d6fcf1c2b88e041243ade74f86aba62ff0fcd0	16791	2a6fa7dff36cfce0a0e3fce596268d8c3590c015f0ff250604ce01fb303f1194	duplicate-pinned-public-dist-asset
proof/dist/assets/tideborn-melee-1.png	public/assets/tideborn-melee-1.png	100644	blob	c60cb7d3fd9fd6721d26000330cb47392d304ab3	712139	aadf4230b4bec86c3898295bf8f5f965ebefea73863e7b9e72991decfde79d9d	duplicate-pinned-public-dist-asset
proof/dist/assets/tideborn-ranged-0.json	public/assets/tideborn-ranged-0.json	100644	blob	d1eae44d409e8318efdaeb37107606dd6ab28177	18200	1cefaf135662f4c6b32a71f31f68a9c347992c2ddd50b09611dcb01987c32163	duplicate-pinned-public-dist-asset
proof/dist/assets/tideborn-ranged-0.png	public/assets/tideborn-ranged-0.png	100644	blob	1050ca7c4262736c8be802f6fbd8bca10d8943ad	545737	9ffd12c9542f2334f334d1caf4751dd124b13b3a81537f18556464352523bfc5	duplicate-pinned-public-dist-asset
proof/dist/assets/tideborn-ranged-1.json	public/assets/tideborn-ranged-1.json	100644	blob	a97b0c225801f472c4937c5d024c2ef9e57beb9e	16875	97ef5bea8a98170656ae47dd35dc621925409814fbb09db1f1caa4dd3e8a9c23	duplicate-pinned-public-dist-asset
proof/dist/assets/tideborn-ranged-1.png	public/assets/tideborn-ranged-1.png	100644	blob	dc8f114ae1edaac7bf5d5315e4962c1d662fe03b	553003	3991d949a318602eea759cdf5af815d117319f0426047ffe0848e90de396bde1	duplicate-pinned-public-dist-asset
proof/dist/assets/tideborn-siege-0.json	public/assets/tideborn-siege-0.json	100644	blob	13884bc81dc655ff7a223b02940b25d66d86cb6d	11791	85f5a0337850cc3bf018ecbbb861ce04baa4920c81b92fe228850423a3544e0b	duplicate-pinned-public-dist-asset
proof/dist/assets/tideborn-siege-0.png	public/assets/tideborn-siege-0.png	100644	blob	da46ee1a760ae2c66275f0dc5be82e131ec51029	546125	77eac8a1989e94ff21793e004e31c8d347e20b8326b2d1b96dc24794a5d459c5	duplicate-pinned-public-dist-asset
proof/dist/assets/tideborn-siege-1.json	public/assets/tideborn-siege-1.json	100644	blob	e9289acc7879ac98fb04ce960b5c2982feff792f	11873	b1967514882eea5a81429eb874ae731cfebb112287cc54d668807f38005e5d70	duplicate-pinned-public-dist-asset
proof/dist/assets/tideborn-siege-1.png	public/assets/tideborn-siege-1.png	100644	blob	3e88cc5c47f70ee0afbffc189c8219ba7038298e	530328	cb6d888e27ec2d387492c4762f498bb1c1f83f7fe3abe86352cd65c469f116e9	duplicate-pinned-public-dist-asset
proof/dist/assets/tideborn-siege-2.json	public/assets/tideborn-siege-2.json	100644	blob	f7525aae9a0c4872a01de677d59cf2672bed88dd	11830	d0fefeca7f630fde84ca8dd7fc3514315d33138ffc517a2357a6e5aeaf149c36	duplicate-pinned-public-dist-asset
proof/dist/assets/tideborn-siege-2.png	public/assets/tideborn-siege-2.png	100644	blob	bcf083df8f116f6aa9ccd3c5173893730c74f979	809967	7dd1bbe016ce6ac9c6d89aa5b5885dfd89bed0b978ac54cb07d91b013eb6be1a	duplicate-pinned-public-dist-asset
proof/dist/assets/tideborn-spear-0.json	public/assets/tideborn-spear-0.json	100644	blob	77fd404b01ea08685946ae36f07afe934aac6f18	11747	2a3643ac69b9b0df4c48f3884950a55c6b9d1abaa610e00ffcc7defb1937d5bd	duplicate-pinned-public-dist-asset
proof/dist/assets/tideborn-spear-0.png	public/assets/tideborn-spear-0.png	100644	blob	808f2216411611d3b464e27953059a13e8220c7e	371203	e2ecce1fe8f01c90d82108e52de9fff60200c398e608e55b4d04f81c3bb72f20	duplicate-pinned-public-dist-asset
proof/dist/assets/tideborn-spear-1.json	public/assets/tideborn-spear-1.json	100644	blob	b123e025ff5c45b0923a68dd34acc4c00dd6c8e8	11807	f602af34d91740f22bb5671284ed792787579b3cc96b3a213353f8b75eb95c9b	duplicate-pinned-public-dist-asset
proof/dist/assets/tideborn-spear-1.png	public/assets/tideborn-spear-1.png	100644	blob	284e4e204263d24a3c29f0677f520b48a54a210c	319695	da5e9cfa005767be5630cf32040ab41c0ec44fcbcbff07f64506dd55f9988335	duplicate-pinned-public-dist-asset
proof/dist/assets/tideborn-spear-2.json	public/assets/tideborn-spear-2.json	100644	blob	53a3dedb28beab8e69f97523b273dda7c18e858a	11802	745a9f6e8599a3d146d8397641b6bc30b0307f1e130e71bf6d239aadfb56a70c	duplicate-pinned-public-dist-asset
proof/dist/assets/tideborn-spear-2.png	public/assets/tideborn-spear-2.png	100644	blob	8a87bbaefd6025ae2462adbfeff56aa74da75763	507923	b96494a5310167d076abb0c29184e3b13af7f8a5f544960a9c9b81d4a85979fa	duplicate-pinned-public-dist-asset
proof/dist/assets/tideborn-special-0.json	public/assets/tideborn-special-0.json	100644	blob	d1361f00578f8dd078f0627330488765733ee62a	18361	1e53f42bb6cd4d7229552fd70418097096c57e51fa7e8b360ea5d69d4edfcc27	duplicate-pinned-public-dist-asset
proof/dist/assets/tideborn-special-0.png	public/assets/tideborn-special-0.png	100644	blob	aac8f641b0b8506eff669d5254140baa5ece7737	685036	7bf04bcbe13d71c4e8916f26f80ac93748287273f7f19a343ba0a5b2294bb469	duplicate-pinned-public-dist-asset
proof/dist/assets/tideborn-special-1.json	public/assets/tideborn-special-1.json	100644	blob	a4dfd37d92682da1346f7b5725db2d1e25576899	17007	dd859aec7fad9b7a03ce04687177d15432b2803017c040a825ab0af2f254d7af	duplicate-pinned-public-dist-asset
proof/dist/assets/tideborn-special-1.png	public/assets/tideborn-special-1.png	100644	blob	fb222be2e47f8c7446759206b09d365ca81807bc	699428	7367b69d0bf339452aaaef7ad3b8b619578e9c16c6bad3bbed13faee7ee710df	duplicate-pinned-public-dist-asset
proof/dist/assets/tideborn-tower-0.json	public/assets/tideborn-tower-0.json	100644	blob	22ddcb7bae714c7eab1105590ac2c6ee20254b76	1053	c2e61f4d0addef7c0d6d94ef1ac762e3a34b5129d7eff455699dd98f7c5b859c	duplicate-pinned-public-dist-asset
proof/dist/assets/tideborn-tower-0.png	public/assets/tideborn-tower-0.png	100644	blob	7a3b4dcf34d068c81b5fb68a4e5f3d79a9e016c7	89636	48862bb8ceba3d3f80a41894887f5ed2201c48b2491f6acbffe67f347747e70f	duplicate-pinned-public-dist-asset
proof/dist/assets/tideborn-wall-0.json	public/assets/tideborn-wall-0.json	100644	blob	2c6714893bab5e72274672d7403f528ac922d2d5	1031	bb73935843e2a1ed25d61f9bbafbb5b74503e196eedfc3d75aed650deaca52cb	duplicate-pinned-public-dist-asset
proof/dist/assets/tideborn-wall-0.png	public/assets/tideborn-wall-0.png	100644	blob	eaeecd95e086b5d0ca7147e157dcc710cf9ae9e8	57456	a50a0f865159332b873950c468f2e3fcb78ea2fe2db20f6dda9ece491d72d0a8	duplicate-pinned-public-dist-asset
proof/dist/assets/tideborn-worker-0.json	public/assets/tideborn-worker-0.json	100644	blob	8ec610224c4676bdc1d988c9112d2166f722f337	18200	42437ba62f11785cc44495a15a021f52e93549465556551518e234ec48285ad9	duplicate-pinned-public-dist-asset
proof/dist/assets/tideborn-worker-0.png	public/assets/tideborn-worker-0.png	100644	blob	afb88c86158c428c1592f66e5a24168b4e14ae12	515181	5b26b7627c7188a43219b4f85d039aab00aa344b57ddcb2b4374df2b1d4d477b	duplicate-pinned-public-dist-asset
proof/dist/assets/tideborn-worker-1.json	public/assets/tideborn-worker-1.json	100644	blob	751de4f9b8cac96cd82cd7ac509779f333411602	16890	8719e8fda8556476816f3b2081cbcc4b7379335e88e03db2c4890a5b170322d2	duplicate-pinned-public-dist-asset
proof/dist/assets/tideborn-worker-1.png	public/assets/tideborn-worker-1.png	100644	blob	4c8034a27d6897451fc41dd0b859eaaa74950622	552913	b596351455150db3db6ff56912dfa48a4be07bd44be32cb6a1084fa7e6103fcb	duplicate-pinned-public-dist-asset
proof/dist/assets/tile-bridge.png	public/assets/tile-bridge.png	100644	blob	946b1fac9d65394ef670d4305b53bdc0546641f0	4274	79a5f6288e6120b2c9e785668fe93a7fa8ddca7b2a536fefd2eab4a3612a5826	duplicate-pinned-public-dist-asset
proof/dist/assets/tile-dirt-0.png	public/assets/tile-dirt-0.png	100644	blob	c33dbc5d322c425aaa17356bb05f1aedecc74f39	2901	de4dfc72ff3df28b4ed9b1e124af58a88654eed061b3ee1821a95774dea5a10d	duplicate-pinned-public-dist-asset
proof/dist/assets/tile-dirt-1.png	public/assets/tile-dirt-1.png	100644	blob	d76111fcc1515d564a20705ecd93965c0d3c7f36	2881	a061c5307c95c34176bf451e1ee717c1f499dc06d4c77ba403a5dcf5457d9437	duplicate-pinned-public-dist-asset
proof/dist/assets/tile-dirt-2.png	public/assets/tile-dirt-2.png	100644	blob	29bc4527ab578c3f37f75a12b9b74e5aff57b093	2902	c950d2f0884eaa712cd09d1a2b6c9459da947e06c117c2fafbe4ecb59f31daae	duplicate-pinned-public-dist-asset
proof/dist/assets/tile-grass-0.png	public/assets/tile-grass-0.png	100644	blob	46ff11f291491043a5df5e57f9274471e5c3d2f6	2729	1a11812b2c5d28f3d9de578120407e07590142914fbd96225d945003a0a40b8e	duplicate-pinned-public-dist-asset
proof/dist/assets/tile-grass-1.png	public/assets/tile-grass-1.png	100644	blob	2c42e9ffd115e4dceb269def7db388fe2a07df14	2707	5e522708615eca208610cc75f2d070e2858dc43dfb57f814581593d1a495761e	duplicate-pinned-public-dist-asset
proof/dist/assets/tile-grass-2.png	public/assets/tile-grass-2.png	100644	blob	823d625a88aa924be70b69bf991ade3777311b82	2735	edd2f6e08c0365625f3ebdac0490d97bf952e2720056533373bdb2106520fa7d	duplicate-pinned-public-dist-asset
proof/dist/assets/tile-grass-3.png	public/assets/tile-grass-3.png	100644	blob	7bc1041628de233960d4e9804ea31d1a3daa68f9	2742	cde4679f3ca3baf7309a029f1f290953400133e98c10a772d9da0c9afd2a14b9	duplicate-pinned-public-dist-asset
proof/dist/assets/tile-mud.png	public/assets/tile-mud.png	100644	blob	a0160d7f6ac1accc9de25cfe2dcb1a731d17cc84	3186	5d3d9cae76c022e23b873ae15778159d55b2cc1f00eb7f9da26771b1f61e666d	duplicate-pinned-public-dist-asset
proof/dist/assets/tile-rock.png	public/assets/tile-rock.png	100644	blob	194571cc524ac9263df13c8116fc693c30833baf	3741	6ea17de05d440ee3804d1788bc72ebd02d4bfdc32ef17690153625ff9c0518ee	duplicate-pinned-public-dist-asset
proof/dist/assets/tile-shallows.png	public/assets/tile-shallows.png	100644	blob	4c342b9ad6dc97734ba1d8e80a63cef3a1e5d727	3416	4793ce80f9b2f7f3d6af37b7b5e1c1c9182feab55ee76e4281f68ae85708f94d	duplicate-pinned-public-dist-asset
proof/dist/assets/tile-stone.png	public/assets/tile-stone.png	100644	blob	48cdf15c28eb644ce27ebdead3ec1dfa02bc5ad0	3622	a0ce2378745035a1b0a6c7c1a063a7ea7e9dcb5175dbadfc68fa28e20c7b3540	duplicate-pinned-public-dist-asset
proof/dist/assets/tile-water.png	public/assets/tile-water.png	100644	blob	e7b9ac8ba308f4b0a306f9cbea7aba2abc7c46fe	3232	2793378395e6652c93cba7c8662111088617e1b4f91bbec622702b2f02bbb389	duplicate-pinned-public-dist-asset
proof/dist/assets/tree-oak.png	public/assets/tree-oak.png	100644	blob	5ae0a5fa9c295bb5eb68f3b9c0849432002676b2	38095	e1f0d5ffac7d5070bfcd84f5e66287c5f80d88a0a007bd8107a26f48d45a299e	duplicate-pinned-public-dist-asset
proof/dist/assets/tree-pine.png	public/assets/tree-pine.png	100644	blob	367cbd1de7728c15ccb69be1456b1fabb0c4eea3	26537	7504aaa25c5ff13212782cf20f5ecafc82a0f271b36ce7199af98dc01f3b499c	duplicate-pinned-public-dist-asset
proof/dist/assets/ui-halt.png	public/assets/ui-halt.png	100644	blob	aaac3d149da6882407f199faa3bb15176a1188b8	16553	c94e6065a73fb61c04755674f7a6460a4df7063dabeb45af88dea57ed3e34ca7	duplicate-pinned-public-dist-asset
proof/dist/assets/ui-hold.png	public/assets/ui-hold.png	100644	blob	4e74a46c3b90db0e26e3d895f5a86475b5f82388	17455	ce5c62e38b3717def645407b75688d810714e97b0e4f8f46167faf7d59db159a	duplicate-pinned-public-dist-asset
proof/dist/assets/undead-barracks-0.json	public/assets/undead-barracks-0.json	100644	blob	475068384451de4b2617b0ddd5d6caaaa94c21bd	1062	6084a18369a23e97daa5a7f09784f3107604fa5bfffcca84ab6027ade065bc28	duplicate-pinned-public-dist-asset
proof/dist/assets/undead-barracks-0.png	public/assets/undead-barracks-0.png	100644	blob	584a0e26106c07859e969278e2b59081c5493314	158818	a190915ef3b84997ca338fe13ddb2d7c4e6afcb964d39b615c7cca01bd942614	duplicate-pinned-public-dist-asset
proof/dist/assets/undead-cavalry-0.json	public/assets/undead-cavalry-0.json	100644	blob	2941d51c002ff563b586204ce5986ac9c51b0f63	11666	907d42670f2d80b641aeb3b71303029e66ded636af3d0700ac5e477ad5f428d1	duplicate-pinned-public-dist-asset
proof/dist/assets/undead-cavalry-0.png	public/assets/undead-cavalry-0.png	100644	blob	047cdb932d9305fa867ac3dec91d60c422e752fd	428576	486b9af722d49bdc927415627468c099a60216624665ee543343b91eb9ab0a4d	duplicate-pinned-public-dist-asset
proof/dist/assets/undead-cavalry-1.json	public/assets/undead-cavalry-1.json	100644	blob	fb59fc8b876885d2dffb87a29b74d70f3cefc2b4	11764	39009112743b37247f4cdba4d9b3cf2a8415050ce24db0e28f72c803480c07cb	duplicate-pinned-public-dist-asset
proof/dist/assets/undead-cavalry-1.png	public/assets/undead-cavalry-1.png	100644	blob	708e447b578e4379ce15876cf7d388eda6105cb9	404554	39e2743763bbaf589b85c8ff733b8648ec28f8c4c61888bd4af029636c9770be	duplicate-pinned-public-dist-asset
proof/dist/assets/undead-cavalry-2.json	public/assets/undead-cavalry-2.json	100644	blob	8fc7eb8be8a631ecaa46eb8d36d0fb3bc6a359b9	11780	f23d759a4c85d85c99d551af4c7178c93514e1b639a4c6066eb4859d68462b27	duplicate-pinned-public-dist-asset
proof/dist/assets/undead-cavalry-2.png	public/assets/undead-cavalry-2.png	100644	blob	c79352699187d5200969a695e84ea091f31a007a	676560	57f56a2f5cf6978fff3c32c29f6aea9ac71e845e1d2ad2c61a08eb964a1a1c9d	duplicate-pinned-public-dist-asset
proof/dist/assets/undead-depot-0.json	public/assets/undead-depot-0.json	100644	blob	2c8bb0950fb41d6b4858ef53aeafc82ce53ee32b	1041	5ed04e5b73c17a211fa21e2e48424c37e333f3f18aefae749a84bf724e398ea0	duplicate-pinned-public-dist-asset
proof/dist/assets/undead-depot-0.png	public/assets/undead-depot-0.png	100644	blob	2814b6f8d5433a8038f5cb816f70fdefa1ff42f2	100032	a682afc5068facf3c545651b94cce276f8821e6365d0c4c112b8bb0f51b4271e	duplicate-pinned-public-dist-asset
proof/dist/assets/undead-gate-0.json	public/assets/undead-gate-0.json	100644	blob	d48ea40e7390bfeaddaae6f2f3555869b6e3bbdc	1215	f37c0337a397c83a8e83cf6df5be0bd650261c778e070f3662ed7608344835a3	duplicate-pinned-public-dist-asset
proof/dist/assets/undead-gate-0.png	public/assets/undead-gate-0.png	100644	blob	b427b15b86a22c4769686478a85828beda9e69c8	118175	5a17631421e9a1e962716c51a22442f5203b5102517424e1f80d403983fdd932	duplicate-pinned-public-dist-asset
proof/dist/assets/undead-hq-0.json	public/assets/undead-hq-0.json	100644	blob	5d73820c0c3b039337570445102a8387b6fedb7b	1026	348b089289ffc6436204a04b958daabe3baed8f9c84be6af6ac87d742e0db888	duplicate-pinned-public-dist-asset
proof/dist/assets/undead-hq-0.png	public/assets/undead-hq-0.png	100644	blob	5f049c6dbccdd181d3ac36b0965d2966fdfe08df	166946	058245f51101298c76ee471939e227e64ead55080a71045b5fd7f0196ddda6c3	duplicate-pinned-public-dist-asset
proof/dist/assets/undead-melee-0.json	public/assets/undead-melee-0.json	100644	blob	e0caad8ec6ad8f6c62a8b64832c1f29a90866c47	17897	a32679d39bd796c8f13b9686ef7e374981deaa092eb1e5a96247056137e8315b	duplicate-pinned-public-dist-asset
proof/dist/assets/undead-melee-0.png	public/assets/undead-melee-0.png	100644	blob	e1af90f83b31d389266afae87e2c62d9ffc72bb4	432899	b311349554120cbe564ab5b72ee958038adadee98b746e7100e99389dedf14e5	duplicate-pinned-public-dist-asset
proof/dist/assets/undead-melee-1.json	public/assets/undead-melee-1.json	100644	blob	54449568f09f0d0e8c8a56ca05ff50cb29bf3651	16607	7a85d7e50cc8f9abcbb28283a93c3e562440ad8e7a0743027ac4db5faa2547eb	duplicate-pinned-public-dist-asset
proof/dist/assets/undead-melee-1.png	public/assets/undead-melee-1.png	100644	blob	72c36fda6770b86f98a9b8f56bc775797c26f400	500544	4bd48bf653da4d536f25ff69484b3e95087670e53623632a7ddc0981ee7f8c53	duplicate-pinned-public-dist-asset
proof/dist/assets/undead-ranged-0.json	public/assets/undead-ranged-0.json	100644	blob	f1ce742958638396b1a5e7fbf612c513336c9105	17998	d8fd7ba62fc6136cd3fd2540d5e3ccf493e037ff479edff47abdbec972addfb5	duplicate-pinned-public-dist-asset
proof/dist/assets/undead-ranged-0.png	public/assets/undead-ranged-0.png	100644	blob	45b3254cd0648c166ef288e447f0138271c4c83b	453025	1aaf6c9608d844acd9ac691b612de5f4fbe7cd70c2af97d5511a71dc8ec15228	duplicate-pinned-public-dist-asset
proof/dist/assets/undead-ranged-1.json	public/assets/undead-ranged-1.json	100644	blob	d77da799569e825ca4e92d69fb741215db0f667c	16692	5f049fd40ea65f6f1f0a41788ecb0b590f70daada26654e0ef5deaff30780562	duplicate-pinned-public-dist-asset
proof/dist/assets/undead-ranged-1.png	public/assets/undead-ranged-1.png	100644	blob	32414835c80d22de54e5933b01915d0771e43620	478282	3710ea263efc33e9a728b9086b8b95deac98ba9c27dd5167cc8ee68e84cee7d2	duplicate-pinned-public-dist-asset
proof/dist/assets/undead-siege-0.json	public/assets/undead-siege-0.json	100644	blob	2ece882df8de1b4ed1005be2d9612e97dc9d10b1	11641	b0dc51990097cf084aaaf1b8355567008b88a8b646bd1abc2e720e8346ef9b05	duplicate-pinned-public-dist-asset
proof/dist/assets/undead-siege-0.png	public/assets/undead-siege-0.png	100644	blob	4fc2be27f0bcf6bfc1cb7497912c744d66633892	698414	b1cc935025ca95d19dfc24c568175f59e9eb992659d6c0a307b66b548ea75f1b	duplicate-pinned-public-dist-asset
proof/dist/assets/undead-siege-1.json	public/assets/undead-siege-1.json	100644	blob	8c80afbb2a544beef0bfb85db6e6035998b75788	11725	d9ff980a658ee0fc1645a98df187b0c86e7dd2fbc46e3b0ce555a78fc2c29aea	duplicate-pinned-public-dist-asset
proof/dist/assets/undead-siege-1.png	public/assets/undead-siege-1.png	100644	blob	ce4f125f056885281c7e82752072742785474049	673231	548cb446eb576e6737366950a924cf442d1971bdce6a0051020a59642d46d57a	duplicate-pinned-public-dist-asset
proof/dist/assets/undead-siege-2.json	public/assets/undead-siege-2.json	100644	blob	1aeb53b473af1a6c52ae27046def5dff3f51e9b5	11699	f74e45850b99db0480e15a3e6c1ed98d59f4780750c8371c0a5e165b8f37f2a2	duplicate-pinned-public-dist-asset
proof/dist/assets/undead-siege-2.png	public/assets/undead-siege-2.png	100644	blob	9fb20c9e9e537f11f5fa2563cfde5e454bbdbd21	894390	aebb5f1a450be650be17704774bf745fff5d8961c2e932880e4a7f5755b2e51d	duplicate-pinned-public-dist-asset
proof/dist/assets/undead-spear-0.json	public/assets/undead-spear-0.json	100644	blob	8dd1bc1069b5309f25764c8c34311710dadd94b9	11587	86904c0a67854b5355f8b00f7ffb7a0e067ffcc061a1bdb470410c8211d09f68	duplicate-pinned-public-dist-asset
proof/dist/assets/undead-spear-0.png	public/assets/undead-spear-0.png	100644	blob	19fd2439ad870412239bbf408ffe12c45d580336	330603	e4c1c949b2c59de091bec82234c01d5afc505baf03f8a7c7894309ea80014107	duplicate-pinned-public-dist-asset
proof/dist/assets/undead-spear-1.json	public/assets/undead-spear-1.json	100644	blob	63b2af9a6e8e0a762c44fcf3c618c589364c1bae	11654	b4bbd801590fac0a776912a7fa33a83cb66fea10451c574438edeaacd201c468	duplicate-pinned-public-dist-asset
proof/dist/assets/undead-spear-1.png	public/assets/undead-spear-1.png	100644	blob	8a70ef4e1443485f1276f107e1c6f25358a66712	303164	04503af6f842f4064f639a4a1997950877fc3694fa0f65a480444fd749fae72c	duplicate-pinned-public-dist-asset
proof/dist/assets/undead-spear-2.json	public/assets/undead-spear-2.json	100644	blob	8c7520d582986be177e11782b157ab5b5c7c58e7	11661	6ed684aaae2f992a53468d068d47e3cbd979d240861c7b6ea4f0ec66f2279479	duplicate-pinned-public-dist-asset
proof/dist/assets/undead-spear-2.png	public/assets/undead-spear-2.png	100644	blob	099c4e86dc6832cbaa2e5a0c3d405b808ce5a075	456314	a8f5b21a7f2f92c0b1ec8b30c774275daede2d8825b97248b2c5ad331071bdb8	duplicate-pinned-public-dist-asset
proof/dist/assets/undead-special-0.json	public/assets/undead-special-0.json	100644	blob	86ea6f184035b6ad3ca3a94e3a4b4b2ed44cfa67	18189	ed443e105ca0a0cb3e6c02bf5a66c70232feba874a414a8992f1de7414e4ebb6	duplicate-pinned-public-dist-asset
proof/dist/assets/undead-special-0.png	public/assets/undead-special-0.png	100644	blob	c4d42a3e1a8fb67df6b19bfe3e61be73916f8e3b	537734	60a28b98fec7aed26ff518996e77960248d14e5a28c1ee84f6287a12ecf71baa	duplicate-pinned-public-dist-asset
proof/dist/assets/undead-special-1.json	public/assets/undead-special-1.json	100644	blob	5cbcb1379cbec908ac37a764080a33ef16baa8c0	16866	8431c3f14ba3ed28e7d12dc50334b6ec71489e1ff6fd7cc3f0eb5bf494d4b797	duplicate-pinned-public-dist-asset
proof/dist/assets/undead-special-1.png	public/assets/undead-special-1.png	100644	blob	45becc3ca65f9ae4ad3249b10cec351c68d83f38	571481	3725edc2e0f96836511af472e30da6814bd4fc6e88f61ffe379827a0e25aaa68	duplicate-pinned-public-dist-asset
proof/dist/assets/undead-tower-0.json	public/assets/undead-tower-0.json	100644	blob	74937c4e1c0d6b823c1d3e2d3f827475b95b6cb2	1041	446e9d3a6e5311b4bbf00c8b59d0383351a7424a191248573ba9a7d0c1b7bc24	duplicate-pinned-public-dist-asset
proof/dist/assets/undead-tower-0.png	public/assets/undead-tower-0.png	100644	blob	b33af89cf071fcb5490ef4b852dbdb1f9a1e37ab	118768	be9813d4079fe4257ec8acb67336e0b93615ff0d87cd72275946bec97024a6c4	duplicate-pinned-public-dist-asset
proof/dist/assets/undead-wall-0.json	public/assets/undead-wall-0.json	100644	blob	a84e06b2882f3c5f1652afbeb17fa835076aee3f	1021	f4621481c271671434bb25124242a8575e399842da4a26071c175b51fb184e02	duplicate-pinned-public-dist-asset
proof/dist/assets/undead-wall-0.png	public/assets/undead-wall-0.png	100644	blob	0b32cf7334fb91849e8ca4a4b18717a70d8e21c7	53024	964de25ccf50a09ee507597beb2f2bbaee7c452cec94f43ba6cad5bede7ef6f8	duplicate-pinned-public-dist-asset
proof/dist/assets/undead-worker-0.json	public/assets/undead-worker-0.json	100644	blob	7552fb69cbfb1412641150cead0c47f3c7f6e1db	17998	8ab259904abf20816c7387ff7eba6f6e6b03ef0d479f6639c2eadd030242f335	duplicate-pinned-public-dist-asset
proof/dist/assets/undead-worker-0.png	public/assets/undead-worker-0.png	100644	blob	993dde098112c00d70c51ae4fe4aec950e8f684f	426068	750efbb89cda3f5da0e9521e19c5963568bcc5d65b2d85d6ab9ef6b92e4c5ab6	duplicate-pinned-public-dist-asset
proof/dist/assets/undead-worker-1.json	public/assets/undead-worker-1.json	100644	blob	094ae7238c22246f02b2ec5c59231bf24202f4c5	16701	d1a0ab24ba8d06b2039ff74e0f646e7ff55d2a941f8ef5fc789edcf06698ce4f	duplicate-pinned-public-dist-asset
proof/dist/assets/undead-worker-1.png	public/assets/undead-worker-1.png	100644	blob	0966ca74872c8d972ad828b47062954ecefe10e0	479862	bb843792d4e028c7aceb3d6fc88032ce4c19de7c8547a5a1738081f04511943d	duplicate-pinned-public-dist-asset
proof/dist/mods/lantern/banner.svg	public/mods/lantern/banner.svg	100644	blob	1a27c567ffa6857583350f919cd138301ac5bbf9	3298	38ad6913b00fa37c4bd623fd2326de5c0a53c48325132701edeab6638d1b2dde	duplicate-pinned-public-dist-asset
proof/dist/mods/lantern/duelist.svg	public/mods/lantern/duelist.svg	100644	blob	e0aea9357eb34b8e36b12a3df5728dbd4eeabca7	4022	aa5b231f3114661719024cdd582e8fe43cc7373a35d8f648acc9956ad8ca3734	duplicate-pinned-public-dist-asset
proof/dist/mods/lantern/manifest.json	public/mods/lantern/manifest.json	100644	blob	7d4e4fcc9043a4dceef066b495c575d3efabe0cb	16273	16aa9ffecf85b2268408b6ebf276d9a442e1fa15f9e91bdcdfe9219e2aa2e418	duplicate-pinned-public-dist-asset
proof/dist/mods/lantern/sentinel.svg	public/mods/lantern/sentinel.svg	100644	blob	50318d0ccc990a7e007191f1304a2eba48cf33dc	4490	691d89942ef0a41ae1eaff2e5e9c6df280b11b454313937f8b3747a1eedcec26	duplicate-pinned-public-dist-asset
